branch_id,ingredient_id,month,opening_stock,purchased_qty,theoretical_usage,waste_qty,closing_stock_actual,waste_pct
BR01,ING01,2026-04-01,10.91,80.74,70.77,2.04,18.84,2.88
BR01,ING01,2026-05-01,7.88,76.07,71.18,1.83,10.94,2.57
BR01,ING01,2026-06-01,16.83,78.61,77.25,3.44,14.75,4.45
BR01,ING01,2026-07-01,11.35,84.48,77.83,2.36,15.64,3.03
BR01,ING01,2026-08-01,14.52,92.13,85.35,2.01,19.29,2.36
BR01,ING01,2026-09-01,9.83,54.11,50.75,2.14,11.05,4.22
BR01,ING02,2026-04-01,1.77,15.77,14.16,0.47,2.91,3.32
BR01,ING02,2026-05-01,4.65,22.13,20.4,0.63,5.75,3.09
BR01,ING02,2026-06-01,2.97,15.4,14.16,0.39,3.82,2.75
BR01,ING02,2026-07-01,1.69,17.67,15.72,0.58,3.06,3.69
BR01,ING02,2026-08-01,3.21,17.81,16.08,0.4,4.54,2.49
BR01,ING02,2026-09-01,1.1,8.18,7.56,0.24,1.48,3.17
BR01,ING03,2026-04-01,8.67,77.7,73.6,2.54,10.23,3.45
BR01,ING03,2026-05-01,14.81,87.16,80.4,2.42,19.15,3.01
BR01,ING03,2026-06-01,9.09,96.18,86.6,2.74,15.93,3.16
BR01,ING03,2026-07-01,9.49,87.21,78.8,2.34,15.56,2.97
BR01,ING03,2026-08-01,10.38,90.84,87.0,2.56,11.66,2.94
BR01,ING03,2026-09-01,6.1,55.89,51.4,1.67,8.92,3.25
BR01,ING04,2026-04-01,4.83,26.27,23.55,0.87,6.68,3.69
BR01,ING04,2026-05-01,4.29,21.46,19.8,0.68,5.27,3.43
BR01,ING04,2026-06-01,2.49,20.9,19.5,0.58,3.31,2.97
BR01,ING04,2026-07-01,1.99,20.97,18.6,0.51,3.85,2.74
BR01,ING04,2026-08-01,3.46,22.21,20.1,0.38,5.19,1.89
BR01,ING04,2026-09-01,1.85,14.35,13.35,0.44,2.41,3.3
BR01,ING05,2026-04-01,3.77,20.37,19.09,0.62,4.43,3.25
BR01,ING05,2026-05-01,2.76,19.15,18.14,0.52,3.25,2.87
BR01,ING05,2026-06-01,1.84,18.45,18.07,0.45,1.77,2.49
BR01,ING05,2026-07-01,2.93,18.27,17.2,0.53,3.47,3.08
BR01,ING05,2026-08-01,4.17,22.33,21.01,0.7,4.79,3.33
BR01,ING05,2026-09-01,2.59,13.36,12.22,0.51,3.22,4.17
BR01,ING06,2026-04-01,0.24,1.31,1.18,0.04,0.33,3.39
BR01,ING06,2026-05-01,0.33,1.68,1.55,0.06,0.4,3.87
BR01,ING06,2026-06-01,0.14,1.41,1.26,0.04,0.25,3.17
BR01,ING06,2026-07-01,0.19,1.44,1.35,0.04,0.24,2.96
BR01,ING06,2026-08-01,0.23,1.34,1.25,0.03,0.29,2.4
BR01,ING06,2026-09-01,0.08,0.76,0.7,0.02,0.12,2.86
BR01,ING07,2026-04-01,3.49,16.75,15.6,0.44,4.2,2.82
BR01,ING07,2026-05-01,2.78,16.86,15.15,0.47,4.02,3.1
BR01,ING07,2026-06-01,2.36,23.12,21.6,0.52,3.36,2.41
BR01,ING07,2026-07-01,2.96,19.77,17.4,0.59,4.74,3.39
BR01,ING07,2026-08-01,3.47,25.44,23.1,0.66,5.15,2.86
BR01,ING07,2026-09-01,2.4,12.01,10.8,0.24,3.37,2.22
BR01,ING08,2026-04-01,0.54,2.33,2.2,0.07,0.6,3.18
BR01,ING08,2026-05-01,0.62,3.23,3.0,0.1,0.75,3.33
BR01,ING08,2026-06-01,0.33,3.03,2.84,0.11,0.41,3.87
BR01,ING08,2026-07-01,0.38,2.32,2.08,0.07,0.55,3.37
BR01,ING08,2026-08-01,0.36,3.04,2.86,0.11,0.43,3.85
BR01,ING08,2026-09-01,0.29,1.87,1.72,0.06,0.38,3.49
BR01,ING09,2026-04-01,6.12,46.75,42.38,1.57,8.92,3.7
BR01,ING09,2026-05-01,5.01,49.98,45.66,1.03,8.3,2.26
BR01,ING09,2026-06-01,10.89,55.51,48.8,1.05,16.55,2.15
BR01,ING09,2026-07-01,4.56,42.95,38.79,1.11,7.61,2.86
BR01,ING09,2026-08-01,5.91,52.32,50.4,1.95,5.88,3.87
BR01,ING09,2026-09-01,4.82,32.54,30.11,0.72,6.53,2.39
BR01,ING10,2026-04-01,0.26,2.22,2.05,0.05,0.38,2.44
BR01,ING10,2026-05-01,0.22,2.12,1.96,0.06,0.32,3.06
BR01,ING10,2026-06-01,0.29,2.36,2.19,0.08,0.38,3.65
BR01,ING10,2026-07-01,0.23,2.05,1.84,0.04,0.39,2.17
BR01,ING10,2026-08-01,0.4,2.62,2.34,0.08,0.6,3.42
BR01,ING10,2026-09-01,0.22,1.17,1.08,0.03,0.28,2.78
BR01,ING11,2026-04-01,6.43,31.46,29.5,0.85,7.54,2.88
BR01,ING11,2026-05-01,5.33,32.0,29.5,0.7,7.13,2.37
BR01,ING11,2026-06-01,4.63,32.12,31.0,0.88,4.87,2.84
BR01,ING11,2026-07-01,3.69,37.69,35.75,1.2,4.43,3.36
BR01,ING11,2026-08-01,5.07,33.79,32.5,1.15,5.21,3.54
BR01,ING11,2026-09-01,4.55,24.34,22.75,0.54,5.6,2.37
BR01,ING12,2026-04-01,2.36,22.21,20.7,0.68,3.19,3.29
BR01,ING12,2026-05-01,3.73,21.13,19.8,0.6,4.46,3.03
BR01,ING12,2026-06-01,3.58,19.6,17.1,0.26,5.82,1.52
BR01,ING12,2026-07-01,2.53,17.31,16.35,0.61,2.88,3.73
BR01,ING12,2026-08-01,2.18,21.99,21.15,0.49,2.53,2.32
BR01,ING12,2026-09-01,1.67,11.39,10.2,0.23,2.63,2.25
BR01,ING13,2026-04-01,3.88,29.22,26.4,0.69,6.01,2.61
BR01,ING13,2026-05-01,5.51,27.67,27.0,0.78,5.4,2.89
BR01,ING13,2026-06-01,3.53,29.61,26.6,0.73,5.81,2.74
BR01,ING13,2026-07-01,5.8,27.19,25.0,0.77,7.22,3.08
BR01,ING13,2026-08-01,5.05,36.1,33.4,0.94,6.81,2.81
BR01,ING13,2026-09-01,3.1,21.13,19.4,0.46,4.37,2.37
BR01,ING14,2026-04-01,0.62,4.24,3.96,0.11,0.79,2.78
BR01,ING14,2026-05-01,0.67,4.48,4.05,0.1,1.0,2.47
BR01,ING14,2026-06-01,0.6,4.25,3.99,0.11,0.75,2.76
BR01,ING14,2026-07-01,0.83,4.15,3.75,0.1,1.13,2.67
BR01,ING14,2026-08-01,1.23,5.64,5.01,0.15,1.71,2.99
BR01,ING14,2026-09-01,0.39,3.09,2.91,0.09,0.48,3.09
BR01,ING15,2026-04-01,5.72,30.04,27.8,0.61,7.35,2.19
BR01,ING15,2026-05-01,5.27,29.34,28.0,1.05,5.56,3.75
BR01,ING15,2026-06-01,4.95,21.87,20.6,0.43,5.79,2.09
BR01,ING15,2026-07-01,4.12,27.3,24.6,0.69,6.13,2.8
BR01,ING15,2026-08-01,5.89,35.51,31.6,0.86,8.94,2.72
BR01,ING15,2026-09-01,2.87,18.46,17.2,0.34,3.79,1.98
BR01,ING16,2026-04-01,1.25,8.27,7.95,0.23,1.34,2.89
BR01,ING16,2026-05-01,0.83,8.62,8.27,0.2,0.98,2.42
BR01,ING16,2026-06-01,1.62,10.3,9.48,0.26,2.18,2.74
BR01,ING16,2026-07-01,1.18,7.33,6.61,0.15,1.75,2.27
BR01,ING16,2026-08-01,1.98,10.12,9.7,0.2,2.2,2.06
BR01,ING16,2026-09-01,0.88,7.57,7.02,0.2,1.23,2.85
BR01,ING17,2026-04-01,1.76,10.51,9.66,0.19,2.42,1.97
BR01,ING17,2026-05-01,1.43,12.09,11.29,0.4,1.83,3.54
BR01,ING17,2026-06-01,2.05,11.92,11.17,0.37,2.43,3.31
BR01,ING17,2026-07-01,2.46,11.59,10.82,0.34,2.89,3.14
BR01,ING17,2026-08-01,2.62,13.31,12.07,0.44,3.42,3.65
BR01,ING17,2026-09-01,1.19,7.11,6.72,0.16,1.42,2.38
BR01,ING18,2026-04-01,1.21,12.42,11.5,0.19,1.94,1.65
BR01,ING18,2026-05-01,1.54,13.5,13.1,0.4,1.54,3.05
BR01,ING18,2026-06-01,2.13,14.48,13.4,0.38,2.83,2.84
BR01,ING18,2026-07-01,2.98,13.49,12.8,0.44,3.23,3.44
BR01,ING18,2026-08-01,3.44,15.92,14.5,0.39,4.47,2.69
BR01,ING18,2026-09-01,2.19,10.54,9.1,0.22,3.41,2.42
BR02,ING01,2026-04-01,19.78,89.11,82.27,2.0,24.62,2.43
BR02,ING01,2026-05-01,16.7,111.63,104.14,2.9,21.29,2.78
BR02,ING01,2026-06-01,20.1,100.82,98.28,2.24,20.4,2.28
BR02,ING01,2026-07-01,13.01,113.28,103.27,2.89,20.13,2.8
BR02,ING01,2026-08-01,15.09,112.7,108.3,1.8,17.69,1.66
BR02,ING01,2026-09-01,7.54,71.15,66.03,2.03,10.63,3.07
BR02,ING02,2026-04-01,3.06,23.06,21.12,0.5,4.5,2.37
BR02,ING02,2026-05-01,5.08,22.73,21.0,0.64,6.17,3.05
BR02,ING02,2026-06-01,4.94,24.16,22.2,0.59,6.31,2.66
BR02,ING02,2026-07-01,4.22,24.16,21.84,0.55,5.99,2.52
BR02,ING02,2026-08-01,3.27,24.78,23.88,0.71,3.46,2.97
BR02,ING02,2026-09-01,1.95,13.39,12.96,0.38,2.0,2.93
BR02,ING03,2026-04-01,12.99,100.4,94.8,2.05,16.54,2.16
BR02,ING03,2026-05-01,16.48,116.97,107.6,2.84,23.01,2.64
BR02,ING03,2026-06-01,25.68,123.94,117.8,2.54,29.28,2.16
BR02,ING03,2026-07-01,26.57,114.1,108.8,2.26,29.61,2.08
BR02,ING03,2026-08-01,28.27,124.88,113.6,3.26,36.29,2.87
BR02,ING03,2026-09-01,12.43,78.75,72.2,2.08,16.9,2.88
BR02,ING04,2026-04-01,2.28,24.9,22.05,0.58,4.55,2.63
BR02,ING04,2026-05-01,2.71,29.43,26.55,0.69,4.9,2.6
BR02,ING04,2026-06-01,4.34,23.19,21.0,0.49,6.04,2.33
BR02,ING04,2026-07-01,3.89,27.52,25.35,0.86,5.2,3.39
BR02,ING04,2026-08-01,4.91,28.53,28.05,0.88,4.51,3.14
BR02,ING04,2026-09-01,2.93,23.9,22.2,0.42,4.21,1.89
BR02,ING05,2026-04-01,4.46,23.92,22.34,0.54,5.5,2.42
BR02,ING05,2026-05-01,4.37,27.31,24.87,0.74,6.07,2.98
BR02,ING05,2026-06-01,5.12,26.63,22.89,0.57,8.29,2.49
BR02,ING05,2026-07-01,3.73,24.86,23.31,0.73,4.55,3.13
BR02,ING05,2026-08-01,2.75,26.73,24.2,0.77,4.51,3.18
BR02,ING05,2026-09-01,3.71,19.86,18.0,0.4,5.17,2.22
BR02,ING06,2026-04-01,0.33,2.05,1.9,0.05,0.43,2.63
BR02,ING06,2026-05-01,0.26,1.77,1.63,0.04,0.36,2.45
BR02,ING06,2026-06-01,0.27,1.62,1.5,0.04,0.35,2.67
BR02,ING06,2026-07-01,0.24,2.1,1.92,0.04,0.38,2.08
BR02,ING06,2026-08-01,0.32,2.2,2.01,0.06,0.45,2.99
BR02,ING06,2026-09-01,0.3,1.37,1.29,0.03,0.35,2.33
BR02,ING07,2026-04-01,5.22,25.36,23.1,0.45,7.03,1.95
BR02,ING07,2026-05-01,3.53,32.87,31.65,0.96,3.79,3.03
BR02,ING07,2026-06-01,3.64,24.67,22.5,0.51,5.3,2.27
BR02,ING07,2026-07-01,4.76,23.55,21.6,0.34,6.37,1.57
BR02,ING07,2026-08-01,3.25,28.37,25.8,0.7,5.12,2.71
BR02,ING07,2026-09-01,3.12,20.39,19.05,0.58,3.88,3.04
BR02,ING08,2026-04-01,0.34,3.71,3.3,0.09,0.66,2.73
BR02,ING08,2026-05-01,0.77,3.84,3.58,0.13,0.9,3.63
BR02,ING08,2026-06-01,0.4,3.58,3.3,0.05,0.63,1.52
BR02,ING08,2026-07-01,0.36,3.39,3.14,0.08,0.53,2.55
BR02,ING08,2026-08-01,0.75,4.59,4.14,0.1,1.1,2.42
BR02,ING08,2026-09-01,0.37,2.76,2.7,0.07,0.36,2.59
BR02,ING09,2026-04-01,13.37,65.33,59.83,1.36,17.51,2.27
BR02,ING09,2026-05-01,13.2,69.45,61.88,1.36,19.41,2.2
BR02,ING09,2026-06-01,11.22,64.11,56.63,1.17,17.53,2.07
BR02,ING09,2026-07-01,13.03,62.21,56.69,1.27,17.28,2.24
BR02,ING09,2026-08-01,17.33,73.48,70.04,2.47,18.3,3.53
BR02,ING09,2026-09-01,8.81,48.07,44.07,1.65,11.16,3.74
BR02,ING10,2026-04-01,0.62,2.85,2.65,0.07,0.75,2.64
BR02,ING10,2026-05-01,0.31,2.76,2.58,0.09,0.4,3.49
BR02,ING10,2026-06-01,0.47,2.7,2.44,0.06,0.66,2.46
BR02,ING10,2026-07-01,0.44,2.99,2.64,0.05,0.74,1.89
BR02,ING10,2026-08-01,0.51,3.54,3.15,0.09,0.81,2.86
BR02,ING10,2026-09-01,0.43,1.89,1.77,0.03,0.52,1.69
BR02,ING11,2026-04-01,4.36,47.26,43.25,1.06,7.31,2.45
BR02,ING11,2026-05-01,5.08,43.36,39.5,0.87,8.07,2.2
BR02,ING11,2026-06-01,7.14,39.84,37.25,0.62,9.11,1.66
BR02,ING11,2026-07-01,4.17,41.31,39.75,1.18,4.55,2.97
BR02,ING11,2026-08-01,9.63,48.67,47.5,1.13,9.67,2.38
BR02,ING11,2026-09-01,4.68,29.77,27.25,0.96,6.24,3.52
BR02,ING12,2026-04-01,6.86,33.86,30.9,0.82,9.0,2.65
BR02,ING12,2026-05-01,5.73,30.99,27.6,0.93,8.19,3.37
BR02,ING12,2026-06-01,3.25,22.08,20.7,0.58,4.05,2.8
BR02,ING12,2026-07-01,3.42,25.93,22.8,0.44,6.11,1.93
BR02,ING12,2026-08-01,3.37,27.65,24.45,0.61,5.96,2.49
BR02,ING12,2026-09-01,1.92,15.69,14.55,0.38,2.68,2.61
BR02,ING13,2026-04-01,3.97,26.52,24.6,0.59,5.3,2.4
BR02,ING13,2026-05-01,3.33,33.51,31.8,0.8,4.24,2.52
BR02,ING13,2026-06-01,4.39,35.11,32.2,0.74,6.56,2.3
BR02,ING13,2026-07-01,6.39,38.39,35.4,0.97,8.41,2.74
BR02,ING13,2026-08-01,7.62,31.07,30.6,0.81,7.28,2.65
BR02,ING13,2026-09-01,5.15,27.53,26.0,0.58,6.1,2.23
BR02,ING14,2026-04-01,0.86,4.06,3.69,0.09,1.14,2.44
BR02,ING14,2026-05-01,0.91,5.11,4.77,0.12,1.13,2.52
BR02,ING14,2026-06-01,0.8,5.34,4.83,0.14,1.17,2.9
BR02,ING14,2026-07-01,0.97,5.68,5.31,0.12,1.22,2.26
BR02,ING14,2026-08-01,0.58,4.97,4.59,0.12,0.84,2.61
BR02,ING14,2026-09-01,0.9,4.23,3.9,0.08,1.15,2.05
BR02,ING15,2026-04-01,4.22,34.52,32.0,0.88,5.86,2.75
BR02,ING15,2026-05-01,5.92,36.4,35.8,0.97,5.55,2.71
BR02,ING15,2026-06-01,5.04,33.44,31.0,0.88,6.6,2.84
BR02,ING15,2026-07-01,4.86,33.14,30.6,0.72,6.68,2.35
BR02,ING15,2026-08-01,8.09,36.52,34.2,1.0,9.41,2.92
BR02,ING15,2026-09-01,4.29,32.11,29.8,0.91,5.69,3.05
BR02,ING16,2026-04-01,2.59,12.8,11.72,0.4,3.27,3.41
BR02,ING16,2026-05-01,1.81,14.26,13.33,0.28,2.46,2.1
BR02,ING16,2026-06-01,1.79,12.48,11.34,0.21,2.72,1.85
BR02,ING16,2026-07-01,1.46,12.53,11.17,0.31,2.51,2.78
BR02,ING16,2026-08-01,2.4,15.07,13.41,0.43,3.63,3.21
BR02,ING16,2026-09-01,1.08,10.23,9.33,0.28,1.7,3.0
BR02,ING17,2026-04-01,1.4,14.63,13.98,0.43,1.62,3.08
BR02,ING17,2026-05-01,2.02,16.97,15.34,0.39,3.26,2.54
BR02,ING17,2026-06-01,1.9,13.76,13.26,0.32,2.08,2.41
BR02,ING17,2026-07-01,3.54,15.84,14.37,0.48,4.53,3.34
BR02,ING17,2026-08-01,2.25,18.02,16.64,0.43,3.2,2.58
BR02,ING17,2026-09-01,1.55,10.98,10.34,0.31,1.89,3.0
BR02,ING18,2026-04-01,3.1,18.15,16.6,0.39,4.26,2.35
BR02,ING18,2026-05-01,2.4,19.28,18.4,0.49,2.79,2.66
BR02,ING18,2026-06-01,3.6,16.53,15.7,0.43,4.0,2.74
BR02,ING18,2026-07-01,3.0,19.72,18.6,0.51,3.61,2.74
BR02,ING18,2026-08-01,3.31,22.32,21.3,0.29,4.04,1.36
BR02,ING18,2026-09-01,2.03,12.81,12.4,0.39,2.05,3.15
BR03,ING01,2026-04-01,15.29,92.55,88.46,2.99,16.39,3.38
BR03,ING01,2026-05-01,12.44,103.86,90.87,2.28,23.15,2.51
BR03,ING01,2026-06-01,11.66,102.15,92.03,2.73,19.05,2.97
BR03,ING01,2026-07-01,10.17,85.14,77.97,1.67,15.67,2.14
BR03,ING01,2026-08-01,17.28,107.21,100.41,2.61,21.47,2.6
BR03,ING01,2026-09-01,7.41,61.05,56.96,1.1,10.4,1.93
BR03,ING02,2026-04-01,2.21,18.65,16.32,0.45,4.09,2.76
BR03,ING02,2026-05-01,2.66,18.9,17.4,0.37,3.79,2.13
BR03,ING02,2026-06-01,2.14,15.63,14.76,0.46,2.55,3.12
BR03,ING02,2026-07-01,3.08,24.83,23.16,0.57,4.18,2.46
BR03,ING02,2026-08-01,4.23,28.54,26.76,0.56,5.45,2.09
BR03,ING02,2026-09-01,2.42,10.94,10.44,0.26,2.66,2.49
BR03,ING03,2026-04-01,9.6,92.57,90.6,2.18,9.39,2.41
BR03,ING03,2026-05-01,22.62,99.14,94.2,2.07,25.49,2.2
BR03,ING03,2026-06-01,12.06,99.09,89.8,2.45,18.9,2.73
BR03,ING03,2026-07-01,12.91,98.24,92.8,2.65,15.7,2.86
BR03,ING03,2026-08-01,28.46,128.15,115.0,3.1,38.51,2.7
BR03,ING03,2026-09-01,8.38,64.46,58.2,1.55,13.09,2.66
BR03,ING04,2026-04-01,4.68,25.05,22.65,0.59,6.49,2.6
BR03,ING04,2026-05-01,3.81,20.77,19.65,0.68,4.25,3.46
BR03,ING04,2026-06-01,4.61,25.58,23.55,0.71,5.93,3.01
BR03,ING04,2026-07-01,4.37,26.85,24.6,0.65,5.97,2.64
BR03,ING04,2026-08-01,5.9,30.91,27.75,0.77,8.29,2.77
BR03,ING04,2026-09-01,2.04,16.15,15.3,0.41,2.48,2.68
BR03,ING05,2026-04-01,3.08,24.14,21.97,0.65,4.6,2.96
BR03,ING05,2026-05-01,2.59,23.65,21.58,0.47,4.19,2.18
BR03,ING05,2026-06-01,4.25,23.07,21.57,0.51,5.24,2.36
BR03,ING05,2026-07-01,4.47,21.0,20.2,0.68,4.59,3.37
BR03,ING05,2026-08-01,4.81,27.0,24.96,0.65,6.2,2.6
BR03,ING05,2026-09-01,3.2,15.52,14.14,0.32,4.26,2.26
BR03,ING06,2026-04-01,0.29,1.49,1.4,0.05,0.33,3.57
BR03,ING06,2026-05-01,0.36,1.64,1.52,0.03,0.45,1.97
BR03,ING06,2026-06-01,0.21,1.53,1.4,0.03,0.31,2.14
BR03,ING06,2026-07-01,0.21,1.37,1.3,0.04,0.24,3.08
BR03,ING06,2026-08-01,0.2,1.77,1.65,0.04,0.28,2.42
BR03,ING06,2026-09-01,0.15,0.99,0.93,0.03,0.18,3.23
BR03,ING07,2026-04-01,2.41,24.19,22.05,0.51,4.04,2.31
BR03,ING07,2026-05-01,5.29,28.05,26.85,0.44,6.05,1.64
BR03,ING07,2026-06-01,2.64,29.49,25.65,0.7,5.78,2.73
BR03,ING07,2026-07-01,3.72,21.02,20.4,0.54,3.8,2.65
BR03,ING07,2026-08-01,3.61,30.27,28.2,0.88,4.8,3.12
BR03,ING07,2026-09-01,2.08,16.36,15.75,0.3,2.39,1.9
BR03,ING08,2026-04-01,0.67,3.77,3.36,0.12,0.96,3.57
BR03,ING08,2026-05-01,0.52,3.53,3.32,0.05,0.68,1.51
BR03,ING08,2026-06-01,0.46,3.3,3.04,0.12,0.6,3.95
BR03,ING08,2026-07-01,0.43,3.45,3.18,0.12,0.58,3.77
BR03,ING08,2026-08-01,0.34,3.57,3.18,0.09,0.64,2.83
BR03,ING08,2026-09-01,0.3,2.27,2.06,0.06,0.45,2.91
BR03,ING09,2026-04-01,8.73,61.64,56.18,1.31,12.88,2.33
BR03,ING09,2026-05-01,12.18,61.38,58.17,1.55,13.84,2.66
BR03,ING09,2026-06-01,7.58,59.69,55.2,1.73,10.34,3.13
BR03,ING09,2026-07-01,7.81,59.22,56.07,1.31,9.65,2.34
BR03,ING09,2026-08-01,7.87,62.65,58.38,1.66,10.48,2.84
BR03,ING09,2026-09-01,8.22,38.49,36.64,1.11,8.96,3.03
BR03,ING10,2026-04-01,0.49,2.66,2.5,0.06,0.59,2.4
BR03,ING10,2026-05-01,0.41,2.65,2.44,0.06,0.56,2.46
BR03,ING10,2026-06-01,0.38,2.55,2.25,0.05,0.63,2.22
BR03,ING10,2026-07-01,0.45,2.49,2.32,0.07,0.55,3.02
BR03,ING10,2026-08-01,0.4,2.53,2.29,0.05,0.58,2.18
BR03,ING10,2026-09-01,0.23,1.6,1.57,0.04,0.22,2.55
BR03,ING11,2026-04-01,10.14,45.71,41.5,0.95,13.4,2.29
BR03,ING11,2026-05-01,4.95,48.12,43.25,0.98,8.84,2.27
BR03,ING11,2026-06-01,4.53,40.09,38.0,1.15,5.47,3.03
BR03,ING11,2026-07-01,9.14,50.74,48.25,1.35,10.28,2.8
BR03,ING11,2026-08-01,5.27,42.59,39.0,1.01,7.85,2.59
BR03,ING11,2026-09-01,5.19,24.8,23.5,0.58,5.91,2.47
BR03,ING12,2026-04-01,3.78,23.88,22.35,0.42,4.89,1.88
BR03,ING12,2026-05-01,4.92,23.9,22.5,0.76,5.56,3.38
BR03,ING12,2026-06-01,2.54,18.35,17.25,0.31,3.33,1.8
BR03,ING12,2026-07-01,3.17,23.77,21.75,0.51,4.68,2.34
BR03,ING12,2026-08-01,6.34,27.89,26.25,0.75,7.23,2.86
BR03,ING12,2026-09-01,2.04,15.48,14.55,0.31,2.66,2.13
BR03,ING13,2026-04-01,4.55,36.93,34.6,1.26,5.62,3.64
BR03,ING13,2026-05-01,3.94,38.83,36.2,0.84,5.73,2.32
BR03,ING13,2026-06-01,3.5,35.86,32.4,0.72,6.24,2.22
BR03,ING13,2026-07-01,5.54,30.49,28.6,0.65,6.78,2.27
BR03,ING13,2026-08-01,7.59,37.51,35.4,0.85,8.85,2.4
BR03,ING13,2026-09-01,2.67,21.05,19.0,0.67,4.05,3.53
BR03,ING14,2026-04-01,1.22,5.67,5.19,0.11,1.59,2.12
BR03,ING14,2026-05-01,0.64,5.8,5.43,0.12,0.89,2.21
BR03,ING14,2026-06-01,1.11,5.03,4.86,0.13,1.15,2.67
BR03,ING14,2026-07-01,0.9,4.74,4.29,0.11,1.24,2.56
BR03,ING14,2026-08-01,1.09,5.7,5.31,0.12,1.36,2.26
BR03,ING14,2026-09-01,0.67,3.11,2.85,0.06,0.87,2.11
BR03,ING15,2026-04-01,4.33,32.22,31.2,0.63,4.72,2.02
BR03,ING15,2026-05-01,5.91,31.06,28.8,0.85,7.32,2.95
BR03,ING15,2026-06-01,7.96,38.25,34.8,1.32,10.09,3.79
BR03,ING15,2026-07-01,4.77,33.49,28.6,0.72,8.94,2.52
BR03,ING15,2026-08-01,8.76,39.22,36.2,1.0,10.78,2.76
BR03,ING15,2026-09-01,3.9,22.98,21.4,0.49,4.99,2.29
BR03,ING16,2026-04-01,1.23,10.53,9.88,0.25,1.63,2.53
BR03,ING16,2026-05-01,1.75,12.35,11.93,0.37,1.8,3.1
BR03,ING16,2026-06-01,1.79,12.65,12.02,0.27,2.15,2.25
BR03,ING16,2026-07-01,2.04,11.54,10.65,0.34,2.59,3.19
BR03,ING16,2026-08-01,2.25,14.92,13.72,0.43,3.02,3.13
BR03,ING16,2026-09-01,1.63,7.1,6.89,0.23,1.61,3.34
BR03,ING17,2026-04-01,1.84,14.22,13.13,0.34,2.59,2.59
BR03,ING17,2026-05-01,1.71,15.47,14.04,0.37,2.76,2.64
BR03,ING17,2026-06-01,2.24,14.07,13.19,0.4,2.73,3.03
BR03,ING17,2026-07-01,3.01,13.22,12.42,0.33,3.48,2.66
BR03,ING17,2026-08-01,1.64,15.69,14.32,0.56,2.45,3.91
BR03,ING17,2026-09-01,1.44,9.43,8.42,0.19,2.26,2.26
BR03,ING18,2026-04-01,3.72,15.6,14.9,0.32,4.1,2.15
BR03,ING18,2026-05-01,1.79,18.63,17.9,0.49,2.03,2.74
BR03,ING18,2026-06-01,2.46,16.17,15.1,0.47,3.06,3.11
BR03,ING18,2026-07-01,2.75,17.81,16.0,0.4,4.16,2.5
BR03,ING18,2026-08-01,2.89,18.37,17.6,0.59,3.07,3.35
BR03,ING18,2026-09-01,1.21,6.83,6.2,0.15,1.69,2.42
BR04,ING01,2026-04-01,12.89,107.92,98.95,3.08,18.78,3.11
BR04,ING01,2026-05-01,14.79,115.7,105.69,2.97,21.83,2.81
BR04,ING01,2026-06-01,11.7,102.69,92.11,3.52,18.76,3.82
BR04,ING01,2026-07-01,15.53,113.68,104.31,2.5,22.4,2.4
BR04,ING01,2026-08-01,18.54,118.46,108.88,2.79,25.33,2.56
BR04,ING01,2026-09-01,6.48,66.95,59.98,2.11,11.34,3.52
BR04,ING02,2026-04-01,3.96,21.57,20.16,0.47,4.9,2.33
BR04,ING02,2026-05-01,2.56,21.94,20.16,0.81,3.53,4.02
BR04,ING02,2026-06-01,3.01,18.45,16.8,0.54,4.12,3.21
BR04,ING02,2026-07-01,2.64,21.93,19.92,0.52,4.13,2.61
BR04,ING02,2026-08-01,6.32,27.93,25.44,0.73,8.08,2.87
BR04,ING02,2026-09-01,2.58,13.13,12.12,0.42,3.17,3.47
BR04,ING03,2026-04-01,12.9,109.08,102.8,3.22,15.96,3.13
BR04,ING03,2026-05-01,27.74,120.08,111.4,2.85,33.57,2.56
BR04,ING03,2026-06-01,9.77,96.73,89.8,2.91,13.79,3.24
BR04,ING03,2026-07-01,22.58,111.32,104.0,4.26,25.64,4.1
BR04,ING03,2026-08-01,14.5,120.59,112.6,3.51,18.98,3.12
BR04,ING03,2026-09-01,13.68,62.26,58.4,1.75,15.79,3.0
BR04,ING04,2026-04-01,4.24,30.45,28.65,1.01,5.03,3.53
BR04,ING04,2026-05-01,6.13,28.12,25.8,1.0,7.45,3.88
BR04,ING04,2026-06-01,3.25,22.53,21.3,0.57,3.91,2.68
BR04,ING04,2026-07-01,2.77,27.35,25.95,0.91,3.26,3.51
BR04,ING04,2026-08-01,7.62,38.13,35.55,1.01,9.19,2.84
BR04,ING04,2026-09-01,2.82,18.07,16.65,0.65,3.59,3.9
BR04,ING05,2026-04-01,4.75,27.52,24.91,0.98,6.38,3.93
BR04,ING05,2026-05-01,4.12,28.21,26.2,0.93,5.2,3.55
BR04,ING05,2026-06-01,5.18,23.26,21.47,0.83,6.14,3.87
BR04,ING05,2026-07-01,6.17,26.52,24.78,0.92,6.99,3.71
BR04,ING05,2026-08-01,3.63,27.82,26.09,0.83,4.53,3.18
BR04,ING05,2026-09-01,2.51,14.76,14.47,0.57,2.23,3.94
BR04,ING06,2026-04-01,0.22,1.7,1.66,0.05,0.21,3.01
BR04,ING06,2026-05-01,0.37,2.24,2.05,0.06,0.5,2.93
BR04,ING06,2026-06-01,0.36,1.68,1.55,0.05,0.44,3.23
BR04,ING06,2026-07-01,0.44,1.97,1.95,0.06,0.4,3.08
BR04,ING06,2026-08-01,0.31,2.0,1.88,0.06,0.37,3.19
BR04,ING06,2026-09-01,0.31,1.47,1.26,0.04,0.48,3.17
BR04,ING07,2026-04-01,5.87,29.56,27.3,0.77,7.36,2.82
BR04,ING07,2026-05-01,4.53,29.87,27.9,0.78,5.72,2.8
BR04,ING07,2026-06-01,3.03,20.22,19.2,0.56,3.49,2.92
BR04,ING07,2026-07-01,4.61,26.3,24.75,0.91,5.25,3.68
BR04,ING07,2026-08-01,5.32,33.2,31.2,0.73,6.59,2.34
BR04,ING07,2026-09-01,3.81,20.09,19.2,0.66,4.04,3.44
BR04,ING08,2026-04-01,0.54,4.0,3.74,0.13,0.67,3.48
BR04,ING08,2026-05-01,0.52,3.63,3.32,0.1,0.73,3.01
BR04,ING08,2026-06-01,0.62,3.24,3.14,0.11,0.61,3.5
BR04,ING08,2026-07-01,0.77,3.64,3.3,0.09,1.02,2.73
BR04,ING08,2026-08-01,0.99,4.58,4.2,0.18,1.19,4.29
BR04,ING08,2026-09-01,0.43,1.89,1.82,0.05,0.45,2.75
BR04,ING09,2026-04-01,7.09,71.4,64.01,1.67,12.81,2.61
BR04,ING09,2026-05-01,7.66,68.39,63.54,1.64,10.87,2.58
BR04,ING09,2026-06-01,13.09,62.27,55.7,1.46,18.2,2.62
BR04,ING09,2026-07-01,13.13,61.45,60.59,2.31,11.68,3.81
BR04,ING09,2026-08-01,15.57,74.07,69.28,2.49,17.87,3.59
BR04,ING09,2026-09-01,6.43,39.04,35.17,0.66,9.64,1.88
BR04,ING10,2026-04-01,0.31,3.13,2.85,0.1,0.49,3.51
BR04,ING10,2026-05-01,0.46,3.07,2.92,0.11,0.5,3.77
BR04,ING10,2026-06-01,0.49,2.69,2.58,0.09,0.51,3.49
BR04,ING10,2026-07-01,0.31,3.0,2.8,0.1,0.41,3.57
BR04,ING10,2026-08-01,0.55,3.09,2.91,0.08,0.65,2.75
BR04,ING10,2026-09-01,0.26,1.42,1.35,0.04,0.29,2.96
BR04,ING11,2026-04-01,7.7,47.24,45.75,1.27,7.92,2.78
BR04,ING11,2026-05-01,10.65,51.83,48.5,1.48,12.5,3.05
BR04,ING11,2026-06-01,8.11,36.21,34.0,1.1,9.22,3.24
BR04,ING11,2026-07-01,4.14,41.58,38.25,1.12,6.35,2.93
BR04,ING11,2026-08-01,7.92,43.73,41.0,0.83,9.82,2.02
BR04,ING11,2026-09-01,3.15,26.09,22.75,0.45,6.04,1.98
BR04,ING12,2026-04-01,3.25,28.66,27.15,0.96,3.8,3.54
BR04,ING12,2026-05-01,5.15,29.82,26.4,0.74,7.83,2.8
BR04,ING12,2026-06-01,3.39,25.59,23.4,0.88,4.7,3.76
BR04,ING12,2026-07-01,3.0,23.39,22.65,0.47,3.27,2.08
BR04,ING12,2026-08-01,3.62,27.99,26.55,0.91,4.15,3.43
BR04,ING12,2026-09-01,3.24,14.12,13.05,0.47,3.84,3.6
BR04,ING13,2026-04-01,5.68,34.53,32.8,0.96,6.45,2.93
BR04,ING13,2026-05-01,9.01,45.64,40.6,1.44,12.61,3.55
BR04,ING13,2026-06-01,5.02,35.23,31.2,0.93,8.12,2.98
BR04,ING13,2026-07-01,7.67,43.07,42.8,1.02,6.92,2.38
BR04,ING13,2026-08-01,4.24,37.92,35.0,1.04,6.12,2.97
BR04,ING13,2026-09-01,2.63,22.73,21.0,0.59,3.77,2.81
BR04,ING14,2026-04-01,0.81,5.5,4.92,0.14,1.25,2.85
BR04,ING14,2026-05-01,0.78,6.3,6.09,0.18,0.81,2.96
BR04,ING14,2026-06-01,1.08,4.87,4.68,0.15,1.12,3.21
BR04,ING14,2026-07-01,1.01,6.88,6.42,0.18,1.29,2.8
BR04,ING14,2026-08-01,1.08,5.66,5.25,0.14,1.35,2.67
BR04,ING14,2026-09-01,0.73,3.33,3.15,0.06,0.85,1.9
BR04,ING15,2026-04-01,7.87,37.68,36.4,1.25,7.9,3.43
BR04,ING15,2026-05-01,4.91,41.48,37.6,1.05,7.74,2.79
BR04,ING15,2026-06-01,5.7,34.28,31.0,0.78,8.2,2.52
BR04,ING15,2026-07-01,5.41,41.33,36.2,0.86,9.68,2.38
BR04,ING15,2026-08-01,6.21,39.5,36.8,0.97,7.94,2.64
BR04,ING15,2026-09-01,4.81,27.5,24.8,0.86,6.65,3.47
BR04,ING16,2026-04-01,2.41,13.3,12.23,0.36,3.12,2.94
BR04,ING16,2026-05-01,2.8,13.75,12.33,0.42,3.8,3.41
BR04,ING16,2026-06-01,2.08,11.72,10.73,0.35,2.72,3.26
BR04,ING16,2026-07-01,2.3,12.84,12.03,0.37,2.74,3.08
BR04,ING16,2026-08-01,2.83,15.35,14.36,0.41,3.41,2.86
BR04,ING16,2026-09-01,0.93,10.07,8.88,0.36,1.76,4.05
BR04,ING17,2026-04-01,2.64,16.76,14.95,0.52,3.93,3.48
BR04,ING17,2026-05-01,1.75,17.08,15.67,0.58,2.58,3.7
BR04,ING17,2026-06-01,2.76,14.08,12.81,0.38,3.65,2.97
BR04,ING17,2026-07-01,3.0,15.76,14.97,0.65,3.13,4.34
BR04,ING17,2026-08-01,1.79,17.64,16.64,0.43,2.36,2.58
BR04,ING17,2026-09-01,1.78,10.56,9.44,0.36,2.54,3.81
BR04,ING18,2026-04-01,3.71,20.7,19.4,0.44,4.57,2.27
BR04,ING18,2026-05-01,2.35,20.58,18.4,0.64,3.89,3.48
BR04,ING18,2026-06-01,1.71,14.86,14.4,0.58,1.59,4.03
BR04,ING18,2026-07-01,3.56,18.82,16.4,0.59,5.39,3.6
BR04,ING18,2026-08-01,2.17,20.63,19.3,0.84,2.66,4.35
BR04,ING18,2026-09-01,2.28,11.74,10.9,0.32,2.8,2.94
BR05,ING01,2026-04-01,17.27,85.49,78.3,1.96,22.5,2.5
BR05,ING01,2026-05-01,13.42,105.26,94.3,5.62,18.76,5.96
BR05,ING01,2026-06-01,16.58,87.4,79.01,3.83,21.14,4.85
BR05,ING01,2026-07-01,18.05,88.65,79.71,4.02,22.97,5.04
BR05,ING01,2026-08-01,18.21,97.86,89.88,5.67,20.52,6.31
BR05,ING01,2026-09-01,10.32,59.33,56.04,2.86,10.75,5.1
BR05,ING02,2026-04-01,4.08,19.64,18.48,0.84,4.4,4.55
BR05,ING02,2026-05-01,1.99,18.87,18.24,1.11,1.51,6.09
BR05,ING02,2026-06-01,2.9,18.45,17.52,0.95,2.88,5.42
BR05,ING02,2026-07-01,3.28,17.31,16.2,0.64,3.75,3.95
BR05,ING02,2026-08-01,2.48,19.38,17.28,0.95,3.63,5.5
BR05,ING02,2026-09-01,2.52,15.08,13.56,0.87,3.17,6.42
BR05,ING03,2026-04-01,17.24,82.6,79.2,6.77,13.87,8.55
BR05,ING03,2026-05-01,9.22,92.16,88.0,4.11,9.27,4.67
BR05,ING03,2026-06-01,20.79,92.33,84.0,5.21,23.91,6.2
BR05,ING03,2026-07-01,11.76,96.34,88.6,4.72,14.78,5.33
BR05,ING03,2026-08-01,15.22,105.41,94.6,5.4,20.63,5.71
BR05,ING03,2026-09-01,6.91,59.74,56.2,3.01,7.44,5.36
BR05,ING04,2026-04-01,5.95,27.26,24.6,1.49,7.12,6.06
BR05,ING04,2026-05-01,3.09,24.89,22.8,1.55,3.63,6.8
BR05,ING04,2026-06-01,3.12,24.82,22.65,1.29,4.0,5.7
BR05,ING04,2026-07-01,4.95,27.77,25.65,1.33,5.74,5.19
BR05,ING04,2026-08-01,2.93,21.8,21.15,0.71,2.87,3.36
BR05,ING04,2026-09-01,4.22,19.28,17.4,1.13,4.97,6.49
BR05,ING05,2026-04-01,3.57,21.74,19.46,1.32,4.53,6.78
BR05,ING05,2026-05-01,2.7,23.32,21.3,1.27,3.45,5.96
BR05,ING05,2026-06-01,3.5,19.7,18.73,1.14,3.33,6.09
BR05,ING05,2026-07-01,4.95,22.42,21.41,1.02,4.94,4.76
BR05,ING05,2026-08-01,2.26,21.79,20.39,1.02,2.64,5.0
BR05,ING05,2026-09-01,2.36,13.92,13.8,0.63,1.85,4.57
BR05,ING06,2026-04-01,0.2,1.33,1.22,0.07,0.24,5.74
BR05,ING06,2026-05-01,0.24,1.73,1.57,0.1,0.3,6.37
BR05,ING06,2026-06-01,0.16,1.47,1.39,0.06,0.18,4.32
BR05,ING06,2026-07-01,0.21,1.66,1.51,0.08,0.28,5.3
BR05,ING06,2026-08-01,0.19,1.51,1.38,0.09,0.23,6.52
BR05,ING06,2026-09-01,0.09,0.86,0.84,0.06,0.05,7.14
BR05,ING07,2026-04-01,2.47,21.36,20.55,1.2,2.08,5.84
BR05,ING07,2026-05-01,3.26,23.06,21.9,1.29,3.13,5.89
BR05,ING07,2026-06-01,3.67,21.32,19.65,1.35,3.99,6.87
BR05,ING07,2026-07-01,4.12,21.34,19.65,1.27,4.54,6.46
BR05,ING07,2026-08-01,3.37,25.38,23.85,1.48,3.42,6.21
BR05,ING07,2026-09-01,3.99,19.14,18.75,1.11,3.27,5.92
BR05,ING08,2026-04-01,0.31,2.73,2.58,0.09,0.37,3.49
BR05,ING08,2026-05-01,0.79,4.13,3.74,0.22,0.96,5.88
BR05,ING08,2026-06-01,0.46,2.26,2.12,0.18,0.42,8.49
BR05,ING08,2026-07-01,0.56,2.49,2.34,0.08,0.63,3.42
BR05,ING08,2026-08-01,0.63,3.91,3.58,0.11,0.85,3.07
BR05,ING08,2026-09-01,0.26,2.32,2.24,0.16,0.18,7.14
BR05,ING09,2026-04-01,7.08,53.01,50.54,4.0,5.55,7.91
BR05,ING09,2026-05-01,9.01,65.98,61.28,2.68,11.03,4.37
BR05,ING09,2026-06-01,7.57,54.24,48.34,2.4,11.07,4.96
BR05,ING09,2026-07-01,7.4,52.88,49.77,2.88,7.63,5.79
BR05,ING09,2026-08-01,10.44,59.72,57.5,3.27,9.39,5.69
BR05,ING09,2026-09-01,6.5,40.12,37.01,1.93,7.68,5.21
BR05,ING10,2026-04-01,0.27,2.38,2.22,0.1,0.33,4.5
BR05,ING10,2026-05-01,0.39,2.88,2.59,0.13,0.55,5.02
BR05,ING10,2026-06-01,0.49,2.71,2.4,0.16,0.64,6.67
BR05,ING10,2026-07-01,0.23,2.33,2.19,0.12,0.25,5.48
BR05,ING10,2026-08-01,0.47,2.42,2.28,0.16,0.45,7.02
BR05,ING10,2026-09-01,0.18,1.6,1.45,0.08,0.25,5.52
BR05,ING11,2026-04-01,4.41,40.46,39.0,1.93,3.94,4.95
BR05,ING11,2026-05-01,11.1,51.85,45.5,2.63,14.82,5.78
BR05,ING11,2026-06-01,4.15,39.06,35.5,1.82,5.89,5.13
BR05,ING11,2026-07-01,4.3,34.06,30.75,1.68,5.93,5.46
BR05,ING11,2026-08-01,5.54,41.14,38.0,2.54,6.14,6.68
BR05,ING11,2026-09-01,3.16,29.35,27.25,2.1,3.16,7.71
BR05,ING12,2026-04-01,2.93,20.05,19.05,1.15,2.78,6.04
BR05,ING12,2026-05-01,4.92,25.36,23.25,1.75,5.28,7.53
BR05,ING12,2026-06-01,3.11,17.82,16.2,0.87,3.86,5.37
BR05,ING12,2026-07-01,4.39,22.48,21.3,0.75,4.82,3.52
BR05,ING12,2026-08-01,3.13,22.76,20.7,1.55,3.64,7.49
BR05,ING12,2026-09-01,2.91,19.07,17.4,0.92,3.66,5.29
BR05,ING13,2026-04-01,4.43,31.98,31.2,1.53,3.68,4.9
BR05,ING13,2026-05-01,5.25,34.33,32.0,1.27,6.31,3.97
BR05,ING13,2026-06-01,6.64,31.2,28.2,1.53,8.11,5.43
BR05,ING13,2026-07-01,3.54,31.54,29.8,1.42,3.86,4.77
BR05,ING13,2026-08-01,6.27,31.46,28.6,1.38,7.75,4.83
BR05,ING13,2026-09-01,3.77,19.23,18.2,1.08,3.72,5.93
BR05,ING14,2026-04-01,1.06,5.07,4.68,0.27,1.18,5.77
BR05,ING14,2026-05-01,0.83,5.06,4.8,0.21,0.88,4.38
BR05,ING14,2026-06-01,0.56,4.63,4.23,0.2,0.76,4.73
BR05,ING14,2026-07-01,1.03,4.6,4.47,0.2,0.96,4.47
BR05,ING14,2026-08-01,0.9,4.64,4.29,0.19,1.06,4.43
BR05,ING14,2026-09-01,0.34,3.02,2.73,0.15,0.48,5.49
BR05,ING15,2026-04-01,6.37,32.47,29.4,1.09,8.35,3.71
BR05,ING15,2026-05-01,5.1,33.63,31.0,1.57,6.16,5.06
BR05,ING15,2026-06-01,4.88,30.12,27.8,1.56,5.64,5.61
BR05,ING15,2026-07-01,7.2,32.02,30.6,1.68,6.94,5.49
BR05,ING15,2026-08-01,6.34,28.69,26.6,1.78,6.65,6.69
BR05,ING15,2026-09-01,3.45,20.01,18.8,1.11,3.55,5.9
BR05,ING16,2026-04-01,2.51,11.33,10.51,0.6,2.73,5.71
BR05,ING16,2026-05-01,1.3,12.22,11.11,0.6,1.81,5.4
BR05,ING16,2026-06-01,1.72,10.91,10.19,0.59,1.85,5.79
BR05,ING16,2026-07-01,1.63,12.8,12.02,0.72,1.69,5.99
BR05,ING16,2026-08-01,1.77,12.3,11.4,0.6,2.07,5.26
BR05,ING16,2026-09-01,1.15,7.64,7.25,0.49,1.05,6.76
BR05,ING17,2026-04-01,1.21,12.23,11.52,0.56,1.37,4.86
BR05,ING17,2026-05-01,1.61,14.89,14.49,0.95,1.06,6.56
BR05,ING17,2026-06-01,1.43,12.11,11.14,0.65,1.74,5.83
BR05,ING17,2026-07-01,2.63,11.97,11.07,0.49,3.04,4.43
BR05,ING17,2026-08-01,1.62,14.68,13.34,0.75,2.22,5.62
BR05,ING17,2026-09-01,1.0,9.44,8.89,0.65,0.89,7.31
BR05,ING18,2026-04-01,2.53,15.83,14.8,0.63,2.93,4.26
BR05,ING18,2026-05-01,1.82,17.36,15.8,0.64,2.74,4.05
BR05,ING18,2026-06-01,1.72,15.52,15.2,0.82,1.22,5.39
BR05,ING18,2026-07-01,2.64,17.05,15.1,0.51,4.08,3.38
BR05,ING18,2026-08-01,3.14,14.62,14.0,1.02,2.74,7.29
BR05,ING18,2026-09-01,2.04,9.6,9.0,0.57,2.07,6.33
BR06,ING01,2026-04-01,14.83,92.38,86.01,3.27,17.93,3.8
BR06,ING01,2026-05-01,10.47,101.86,95.15,2.99,14.19,3.14
BR06,ING01,2026-06-01,20.05,92.68,82.17,2.31,28.25,2.81
BR06,ING01,2026-07-01,14.75,96.34,90.05,2.98,18.06,3.31
BR06,ING01,2026-08-01,15.72,96.1,90.14,2.71,18.97,3.01
BR06,ING01,2026-09-01,13.87,64.03,61.36,2.01,14.53,3.28
BR06,ING02,2026-04-01,4.78,22.26,21.12,0.81,5.11,3.84
BR06,ING02,2026-05-01,3.33,19.59,16.92,0.48,5.52,2.84
BR06,ING02,2026-06-01,1.58,14.46,12.96,0.56,2.52,4.32
BR06,ING02,2026-07-01,4.2,18.93,17.64,0.62,4.87,3.51
BR06,ING02,2026-08-01,3.7,20.59,19.2,0.46,4.63,2.4
BR06,ING02,2026-09-01,2.14,16.07,14.52,0.33,3.36,2.27
BR06,ING03,2026-04-01,14.98,102.04,96.2,3.51,17.31,3.65
BR06,ING03,2026-05-01,20.66,98.34,87.2,2.06,29.74,2.36
BR06,ING03,2026-06-01,14.43,90.11,83.8,2.23,18.51,2.66
BR06,ING03,2026-07-01,20.99,99.37,90.2,2.36,27.8,2.62
BR06,ING03,2026-08-01,19.81,109.68,99.2,3.68,26.61,3.71
BR06,ING03,2026-09-01,11.07,73.04,65.8,1.4,16.91,2.13
BR06,ING04,2026-04-01,2.94,28.61,25.8,0.68,5.07,2.64
BR06,ING04,2026-05-01,5.3,23.22,21.3,0.9,6.32,4.23
BR06,ING04,2026-06-01,4.14,25.15,24.0,0.78,4.51,3.25
BR06,ING04,2026-07-01,3.65,30.05,26.55,0.75,6.4,2.82
BR06,ING04,2026-08-01,4.89,23.45,21.6,0.69,6.05,3.19
BR06,ING04,2026-09-01,2.11,22.27,19.8,0.62,3.96,3.13
BR06,ING05,2026-04-01,5.16,23.46,22.15,0.37,6.1,1.67
BR06,ING05,2026-05-01,5.43,24.56,21.95,0.7,7.34,3.19
BR06,ING05,2026-06-01,4.74,23.48,21.38,1.06,5.78,4.96
BR06,ING05,2026-07-01,5.3,23.9,22.2,0.91,6.09,4.1
BR06,ING05,2026-08-01,5.49,24.44,22.29,0.58,7.06,2.6
BR06,ING05,2026-09-01,3.23,16.4,15.03,0.47,4.13,3.13
BR06,ING06,2026-04-01,0.3,1.79,1.7,0.08,0.31,4.71
BR06,ING06,2026-05-01,0.27,1.81,1.66,0.06,0.36,3.61
BR06,ING06,2026-06-01,0.3,1.75,1.68,0.05,0.32,2.98
BR06,ING06,2026-07-01,0.32,1.76,1.61,0.04,0.43,2.48
BR06,ING06,2026-08-01,0.19,1.63,1.57,0.06,0.19,3.82
BR06,ING06,2026-09-01,0.23,1.02,0.93,0.02,0.3,2.15
BR06,ING07,2026-04-01,6.54,28.64,26.55,0.88,7.75,3.31
BR06,ING07,2026-05-01,4.01,26.13,24.9,0.82,4.42,3.29
BR06,ING07,2026-06-01,3.59,24.82,23.1,1.06,4.25,4.59
BR06,ING07,2026-07-01,6.13,27.28,25.05,1.0,7.36,3.99
BR06,ING07,2026-08-01,4.83,25.96,24.9,0.7,5.19,2.81
BR06,ING07,2026-09-01,2.81,18.41,17.25,0.66,3.31,3.83
BR06,ING08,2026-04-01,0.55,3.69,3.36,0.1,0.78,2.98
BR06,ING08,2026-05-01,0.29,3.1,2.86,0.08,0.45,2.8
BR06,ING08,2026-06-01,0.41,3.63,3.26,0.08,0.7,2.45
BR06,ING08,2026-07-01,0.56,3.54,3.28,0.13,0.69,3.96
BR06,ING08,2026-08-01,0.7,3.61,3.44,0.11,0.76,3.2
BR06,ING08,2026-09-01,0.25,2.54,2.34,0.08,0.37,3.42
BR06,ING09,2026-04-01,8.94,64.48,59.16,1.89,12.37,3.19
BR06,ING09,2026-05-01,13.13,60.99,54.9,1.92,17.3,3.5
BR06,ING09,2026-06-01,12.05,56.8,51.94,1.66,15.25,3.2
BR06,ING09,2026-07-01,14.16,67.81,59.85,1.09,21.03,1.82
BR06,ING09,2026-08-01,9.63,66.71,61.47,1.58,13.29,2.57
BR06,ING09,2026-09-01,7.03,40.22,36.43,1.04,9.78,2.85
BR06,ING10,2026-04-01,0.51,3.0,2.73,0.1,0.68,3.66
BR06,ING10,2026-05-01,0.39,2.64,2.53,0.09,0.41,3.56
BR06,ING10,2026-06-01,0.4,2.35,2.21,0.08,0.46,3.62
BR06,ING10,2026-07-01,0.51,2.97,2.75,0.06,0.68,2.18
BR06,ING10,2026-08-01,0.59,3.06,2.71,0.08,0.86,2.95
BR06,ING10,2026-09-01,0.2,1.57,1.45,0.05,0.27,3.45
BR06,ING11,2026-04-01,8.12,44.28,41.0,1.22,10.18,2.98
BR06,ING11,2026-05-01,4.96,45.85,42.0,1.03,7.78,2.45
BR06,ING11,2026-06-01,6.79,34.0,32.0,1.32,7.47,4.12
BR06,ING11,2026-07-01,4.1,38.49,36.25,1.35,4.99,3.72
BR06,ING11,2026-08-01,9.13,47.62,44.75,1.4,10.6,3.13
BR06,ING11,2026-09-01,3.12,27.08,26.25,0.88,3.07,3.35
BR06,ING12,2026-04-01,6.13,29.52,27.0,0.97,7.68,3.59
BR06,ING12,2026-05-01,4.15,26.24,23.7,0.8,5.89,3.38
BR06,ING12,2026-06-01,3.1,23.4,22.5,0.57,3.43,2.53
BR06,ING12,2026-07-01,3.23,26.29,24.0,0.71,4.81,2.96
BR06,ING12,2026-08-01,6.08,26.07,24.75,0.65,6.75,2.63
BR06,ING12,2026-09-01,2.94,17.58,15.45,0.45,4.62,2.91
BR06,ING13,2026-04-01,4.21,32.4,28.6,0.75,7.26,2.62
BR06,ING13,2026-05-01,7.81,33.38,32.2,1.28,7.71,3.98
BR06,ING13,2026-06-01,5.98,31.43,29.6,1.35,6.46,4.56
BR06,ING13,2026-07-01,5.25,32.39,31.6,0.72,5.32,2.28
BR06,ING13,2026-08-01,5.62,38.09,34.2,1.29,8.22,3.77
BR06,ING13,2026-09-01,4.16,23.58,21.4,0.76,5.58,3.55
BR06,ING14,2026-04-01,0.94,4.58,4.29,0.11,1.12,2.56
BR06,ING14,2026-05-01,0.52,5.27,4.83,0.14,0.82,2.9
BR06,ING14,2026-06-01,0.75,4.83,4.44,0.13,1.01,2.93
BR06,ING14,2026-07-01,0.85,4.98,4.74,0.09,1.0,1.9
BR06,ING14,2026-08-01,0.64,5.45,5.13,0.2,0.76,3.9
BR06,ING14,2026-09-01,0.68,3.51,3.21,0.1,0.88,3.12
BR06,ING15,2026-04-01,4.8,31.26,29.0,1.03,6.03,3.55
BR06,ING15,2026-05-01,8.19,38.16,35.0,1.01,10.34,2.89
BR06,ING15,2026-06-01,3.13,32.36,30.0,1.19,4.3,3.97
BR06,ING15,2026-07-01,5.56,33.6,30.8,0.82,7.54,2.66
BR06,ING15,2026-08-01,3.12,31.61,28.8,1.14,4.79,3.96
BR06,ING15,2026-09-01,3.16,21.8,20.0,0.6,4.36,3.0
BR06,ING16,2026-04-01,2.62,11.68,10.96,0.37,2.97,3.38
BR06,ING16,2026-05-01,2.2,11.47,10.49,0.35,2.83,3.34
BR06,ING16,2026-06-01,2.21,10.83,9.99,0.22,2.83,2.2
BR06,ING16,2026-07-01,2.04,13.85,12.74,0.34,2.81,2.67
BR06,ING16,2026-08-01,2.37,13.43,12.3,0.35,3.15,2.85
BR06,ING16,2026-09-01,1.62,7.4,6.82,0.29,1.91,4.25
BR06,ING17,2026-04-01,3.25,15.53,14.03,0.47,4.29,3.35
BR06,ING17,2026-05-01,1.41,15.91,13.99,0.46,2.87,3.29
BR06,ING17,2026-06-01,2.36,13.71,12.86,0.47,2.74,3.65
BR06,ING17,2026-07-01,2.86,14.12,13.59,0.59,2.8,4.34
BR06,ING17,2026-08-01,3.23,14.85,14.09,0.49,3.5,3.48
BR06,ING17,2026-09-01,1.61,10.11,9.12,0.34,2.25,3.73
BR06,ING18,2026-04-01,2.28,17.68,16.3,0.4,3.26,2.45
BR06,ING18,2026-05-01,1.82,16.03,15.2,0.44,2.21,2.89
BR06,ING18,2026-06-01,3.05,15.58,13.7,0.52,4.41,3.8
BR06,ING18,2026-07-01,4.08,20.54,19.2,0.55,4.87,2.86
BR06,ING18,2026-08-01,4.72,19.81,19.0,0.7,4.83,3.68
BR06,ING18,2026-09-01,2.15,10.38,9.6,0.21,2.72,2.19
BR07,ING01,2026-04-01,11.11,105.81,99.13,3.13,14.66,3.16
BR07,ING01,2026-05-01,25.51,116.22,110.12,2.2,29.41,2.0
BR07,ING01,2026-06-01,20.19,103.45,94.7,1.34,27.6,1.41
BR07,ING01,2026-07-01,24.0,105.95,102.36,2.78,24.81,2.72
BR07,ING01,2026-08-01,22.1,117.56,108.25,2.15,29.26,1.99
BR07,ING01,2026-09-01,9.84,78.91,72.36,1.65,14.74,2.28
BR07,ING02,2026-04-01,4.79,24.67,23.16,0.66,5.64,2.85
BR07,ING02,2026-05-01,3.12,23.48,21.6,0.55,4.45,2.55
BR07,ING02,2026-06-01,4.51,23.4,22.44,0.61,4.86,2.72
BR07,ING02,2026-07-01,3.97,24.15,21.48,0.39,6.25,1.82
BR07,ING02,2026-08-01,3.6,23.91,22.08,0.62,4.81,2.81
BR07,ING02,2026-09-01,2.92,15.78,14.88,0.3,3.52,2.02
BR07,ING03,2026-04-01,14.23,119.98,107.2,2.3,24.71,2.15
BR07,ING03,2026-05-01,13.83,117.37,111.2,2.54,17.46,2.28
BR07,ING03,2026-06-01,15.91,104.21,96.2,3.21,20.71,3.34
BR07,ING03,2026-07-01,19.42,122.07,114.0,2.56,24.93,2.25
BR07,ING03,2026-08-01,17.64,120.78,113.0,3.39,22.03,3.0
BR07,ING03,2026-09-01,17.48,81.87,76.8,2.09,20.46,2.72
BR07,ING04,2026-04-01,2.98,27.85,24.9,0.57,5.36,2.29
BR07,ING04,2026-05-01,6.85,30.88,28.2,1.15,8.38,4.08
BR07,ING04,2026-06-01,4.06,23.44,22.5,0.6,4.4,2.67
BR07,ING04,2026-07-01,6.63,32.53,30.45,0.59,8.12,1.94
BR07,ING04,2026-08-01,5.2,30.69,27.6,0.62,7.67,2.25
BR07,ING04,2026-09-01,2.21,14.51,13.8,0.43,2.49,3.12
BR07,ING05,2026-04-01,2.84,23.04,22.67,0.69,2.52,3.04
BR07,ING05,2026-05-01,5.91,27.64,25.9,0.38,7.27,1.47
BR07,ING05,2026-06-01,3.04,26.01,22.9,0.43,5.72,1.88
BR07,ING05,2026-07-01,3.85,29.4,25.94,0.77,6.54,2.97
BR07,ING05,2026-08-01,3.99,27.43,26.2,0.86,4.36,3.28
BR07,ING05,2026-09-01,2.4,17.28,16.04,0.58,3.06,3.62
BR07,ING06,2026-04-01,0.28,1.81,1.67,0.04,0.38,2.4
BR07,ING06,2026-05-01,0.27,1.86,1.65,0.04,0.44,2.42
BR07,ING06,2026-06-01,0.37,2.09,1.97,0.05,0.44,2.54
BR07,ING06,2026-07-01,0.15,1.52,1.48,0.04,0.15,2.7
BR07,ING06,2026-08-01,0.28,1.79,1.62,0.03,0.42,1.85
BR07,ING06,2026-09-01,0.17,1.21,1.09,0.03,0.26,2.75
BR07,ING07,2026-04-01,2.81,30.27,27.45,0.83,4.8,3.02
BR07,ING07,2026-05-01,5.87,29.49,26.25,0.96,8.15,3.66
BR07,ING07,2026-06-01,4.36,27.73,25.2,0.65,6.24,2.58
BR07,ING07,2026-07-01,5.93,27.72,26.85,0.82,5.98,3.05
BR07,ING07,2026-08-01,5.64,27.39,25.35,1.02,6.66,4.02
BR07,ING07,2026-09-01,2.98,21.78,19.35,0.59,4.82,3.05
BR07,ING08,2026-04-01,0.88,3.9,3.68,0.09,1.01,2.45
BR07,ING08,2026-05-01,0.91,4.02,3.78,0.12,1.03,3.17
BR07,ING08,2026-06-01,0.4,3.01,2.8,0.07,0.54,2.5
BR07,ING08,2026-07-01,0.71,3.46,3.32,0.08,0.77,2.41
BR07,ING08,2026-08-01,0.74,4.8,4.46,0.12,0.96,2.69
BR07,ING08,2026-09-01,0.42,2.07,1.92,0.06,0.51,3.12
BR07,ING09,2026-04-01,7.69,62.63,59.18,1.23,9.91,2.08
BR07,ING09,2026-05-01,7.23,66.07,61.57,1.67,10.06,2.71
BR07,ING09,2026-06-01,12.55,57.19,55.35,1.3,13.09,2.35
BR07,ING09,2026-07-01,15.41,69.96,63.47,1.61,20.29,2.54
BR07,ING09,2026-08-01,14.54,76.27,69.05,1.79,19.97,2.59
BR07,ING09,2026-09-01,5.91,40.03,38.65,0.82,6.47,2.12
BR07,ING10,2026-04-01,0.3,2.73,2.7,0.05,0.28,1.85
BR07,ING10,2026-05-01,0.29,2.7,2.42,0.06,0.52,2.48
BR07,ING10,2026-06-01,0.44,3.05,2.7,0.07,0.72,2.59
BR07,ING10,2026-07-01,0.41,2.9,2.83,0.09,0.39,3.18
BR07,ING10,2026-08-01,0.46,2.44,2.35,0.07,0.47,2.98
BR07,ING10,2026-09-01,0.33,1.95,1.78,0.05,0.44,2.81
BR07,ING11,2026-04-01,5.01,41.86,39.5,1.22,6.15,3.09
BR07,ING11,2026-05-01,10.03,47.26,42.75,0.91,13.63,2.13
BR07,ING11,2026-06-01,8.3,44.93,42.75,1.45,9.03,3.39
BR07,ING11,2026-07-01,7.37,48.26,43.75,1.28,10.6,2.93
BR07,ING11,2026-08-01,6.22,57.62,54.75,1.87,7.22,3.42
BR07,ING11,2026-09-01,3.73,34.47,32.25,0.74,5.21,2.29
BR07,ING12,2026-04-01,5.16,24.32,22.65,0.48,6.35,2.12
BR07,ING12,2026-05-01,4.05,34.73,31.5,0.7,6.58,2.22
BR07,ING12,2026-06-01,3.77,25.74,23.1,0.62,5.79,2.68
BR07,ING12,2026-07-01,2.66,27.8,25.95,0.59,3.92,2.27
BR07,ING12,2026-08-01,6.72,31.22,27.45,0.87,9.62,3.17
BR07,ING12,2026-09-01,2.0,20.31,18.45,0.56,3.3,3.04
BR07,ING13,2026-04-01,7.47,36.94,32.2,1.37,10.84,4.25
BR07,ING13,2026-05-01,3.54,37.3,34.6,0.74,5.5,2.14
BR07,ING13,2026-06-01,8.23,37.48,34.6,1.18,9.93,3.41
BR07,ING13,2026-07-01,6.35,40.78,38.6,1.13,7.4,2.93
BR07,ING13,2026-08-01,9.49,45.48,41.0,1.26,12.71,3.07
BR07,ING13,2026-09-01,5.11,26.36,25.2,0.74,5.53,2.94
BR07,ING14,2026-04-01,0.72,5.43,4.83,0.16,1.16,3.31
BR07,ING14,2026-05-01,0.86,5.59,5.19,0.12,1.14,2.31
BR07,ING14,2026-06-01,0.72,5.77,5.19,0.09,1.21,1.73
BR07,ING14,2026-07-01,1.22,6.18,5.79,0.13,1.48,2.25
BR07,ING14,2026-08-01,1.26,6.47,6.15,0.15,1.43,2.44
BR07,ING14,2026-09-01,0.82,4.03,3.78,0.11,0.96,2.91
BR07,ING15,2026-04-01,5.98,33.19,31.6,0.63,6.94,1.99
BR07,ING15,2026-05-01,6.9,35.28,32.4,0.53,9.25,1.64
BR07,ING15,2026-06-01,7.89,41.08,39.6,1.39,7.98,3.51
BR07,ING15,2026-07-01,8.18,36.71,33.4,0.88,10.61,2.63
BR07,ING15,2026-08-01,5.68,37.43,35.4,0.82,6.89,2.32
BR07,ING15,2026-09-01,2.61,20.37,18.6,0.57,3.81,3.06
BR07,ING16,2026-04-01,1.81,10.44,10.07,0.36,1.82,3.57
BR07,ING16,2026-05-01,2.76,13.57,13.01,0.39,2.93,3.0
BR07,ING16,2026-06-01,1.29,10.53,9.8,0.28,1.74,2.86
BR07,ING16,2026-07-01,1.82,13.89,13.07,0.29,2.35,2.22
BR07,ING16,2026-08-01,3.18,15.76,14.72,0.4,3.82,2.72
BR07,ING16,2026-09-01,1.32,7.95,7.2,0.21,1.86,2.92
BR07,ING17,2026-04-01,3.41,15.18,14.71,0.43,3.45,2.92
BR07,ING17,2026-05-01,2.83,16.53,15.29,0.42,3.64,2.75
BR07,ING17,2026-06-01,2.59,15.81,14.66,0.3,3.44,2.05
BR07,ING17,2026-07-01,2.85,15.82,14.06,0.56,4.05,3.98
BR07,ING17,2026-08-01,3.75,17.62,16.25,0.23,4.89,1.42
BR07,ING17,2026-09-01,1.89,10.76,9.89,0.16,2.6,1.62
BR07,ING18,2026-04-01,3.0,16.31,15.1,0.49,3.72,3.25
BR07,ING18,2026-05-01,3.68,19.93,18.8,0.5,4.31,2.66
BR07,ING18,2026-06-01,2.97,15.09,14.0,0.33,3.73,2.36
BR07,ING18,2026-07-01,3.42,18.88,17.1,0.7,4.5,4.09
BR07,ING18,2026-08-01,2.34,22.51,20.6,0.74,3.51,3.59
BR07,ING18,2026-09-01,1.34,10.89,10.0,0.28,1.95,2.8
BR08,ING01,2026-04-01,16.99,76.34,70.17,2.06,21.1,2.94
BR08,ING01,2026-05-01,18.8,100.21,90.61,2.32,26.08,2.56
BR08,ING01,2026-06-01,15.49,75.05,69.29,2.1,19.15,3.03
BR08,ING01,2026-07-01,9.61,81.21,74.74,1.3,14.78,1.74
BR08,ING01,2026-08-01,14.68,103.52,95.3,3.02,19.88,3.17
BR08,ING01,2026-09-01,12.73,60.62,56.39,1.15,15.81,2.04
BR08,ING02,2026-04-01,2.05,18.11,16.8,0.49,2.87,2.92
BR08,ING02,2026-05-01,2.46,23.25,21.72,0.81,3.18,3.73
BR08,ING02,2026-06-01,3.7,18.0,15.84,0.4,5.46,2.53
BR08,ING02,2026-07-01,3.38,19.2,17.4,0.5,4.68,2.87
BR08,ING02,2026-08-01,2.54,23.12,22.08,0.73,2.85,3.31
BR08,ING02,2026-09-01,1.37,14.6,12.6,0.51,2.86,4.05
BR08,ING03,2026-04-01,17.86,75.31,74.8,2.22,16.15,2.97
BR08,ING03,2026-05-01,13.24,107.09,94.8,3.5,22.03,3.69
BR08,ING03,2026-06-01,9.12,78.09,75.4,2.33,9.48,3.09
BR08,ING03,2026-07-01,20.04,84.63,81.6,2.61,20.46,3.2
BR08,ING03,2026-08-01,19.88,123.79,111.4,3.34,28.93,3.0
BR08,ING03,2026-09-01,5.88,64.49,58.6,1.96,9.81,3.34
BR08,ING04,2026-04-01,2.2,22.4,21.45,0.57,2.58,2.66
BR08,ING04,2026-05-01,3.43,27.6,25.2,0.92,4.91,3.65
BR08,ING04,2026-06-01,2.03,18.27,18.0,0.47,1.83,2.61
BR08,ING04,2026-07-01,4.23,23.38,21.75,0.54,5.32,2.48
BR08,ING04,2026-08-01,3.47,27.42,25.05,0.77,5.07,3.07
BR08,ING04,2026-09-01,2.15,18.6,17.25,0.48,3.02,2.78
BR08,ING05,2026-04-01,3.82,17.61,16.8,0.54,4.09,3.21
BR08,ING05,2026-05-01,3.48,25.76,23.5,0.64,5.1,2.72
BR08,ING05,2026-06-01,4.54,19.34,18.4,0.44,5.04,2.39
BR08,ING05,2026-07-01,4.08,19.32,17.88,0.55,4.97,3.08
BR08,ING05,2026-08-01,2.55,25.25,23.35,0.64,3.81,2.74
BR08,ING05,2026-09-01,1.92,15.23,14.03,0.49,2.63,3.49
BR08,ING06,2026-04-01,0.17,1.22,1.16,0.05,0.18,4.31
BR08,ING06,2026-05-01,0.4,1.72,1.61,0.05,0.46,3.11
BR08,ING06,2026-06-01,0.34,1.61,1.47,0.04,0.44,2.72
BR08,ING06,2026-07-01,0.2,1.49,1.42,0.05,0.22,3.52
BR08,ING06,2026-08-01,0.23,1.69,1.49,0.04,0.39,2.68
BR08,ING06,2026-09-01,0.19,0.97,0.9,0.02,0.24,2.22
BR08,ING07,2026-04-01,2.66,18.99,17.7,0.62,3.33,3.5
BR08,ING07,2026-05-01,5.87,25.53,24.0,0.81,6.59,3.38
BR08,ING07,2026-06-01,2.9,20.4,19.05,0.55,3.7,2.89
BR08,ING07,2026-07-01,3.3,22.75,21.3,0.72,4.03,3.38
BR08,ING07,2026-08-01,4.33,24.49,22.65,0.91,5.26,4.02
BR08,ING07,2026-09-01,1.2,10.65,9.45,0.42,1.98,4.44
BR08,ING08,2026-04-01,0.49,3.24,2.88,0.1,0.75,3.47
BR08,ING08,2026-05-01,0.43,2.74,2.54,0.08,0.55,3.15
BR08,ING08,2026-06-01,0.3,2.86,2.66,0.08,0.42,3.01
BR08,ING08,2026-07-01,0.35,2.69,2.54,0.07,0.43,2.76
BR08,ING08,2026-08-01,0.56,4.14,3.7,0.1,0.9,2.7
BR08,ING08,2026-09-01,0.32,2.41,2.24,0.08,0.41,3.57
BR08,ING09,2026-04-01,5.99,53.04,50.32,1.75,6.96,3.48
BR08,ING09,2026-05-01,12.32,66.42,60.08,2.09,16.57,3.48
BR08,ING09,2026-06-01,11.24,52.71,48.44,1.69,13.82,3.49
BR08,ING09,2026-07-01,8.79,49.56,46.55,1.53,10.27,3.29
BR08,ING09,2026-08-01,9.75,66.66,62.15,1.24,13.02,2.0
BR08,ING09,2026-09-01,6.78,38.89,34.51,1.08,10.08,3.13
BR08,ING10,2026-04-01,0.28,2.3,2.05,0.07,0.46,3.41
BR08,ING10,2026-05-01,0.63,3.16,2.86,0.09,0.84,3.15
BR08,ING10,2026-06-01,0.31,2.06,1.86,0.07,0.44,3.76
BR08,ING10,2026-07-01,0.29,2.32,2.1,0.06,0.45,2.86
BR08,ING10,2026-08-01,0.43,3.0,2.75,0.07,0.62,2.55
BR08,ING10,2026-09-01,0.34,1.57,1.47,0.05,0.39,3.4
BR08,ING11,2026-04-01,7.61,37.46,35.0,0.99,9.08,2.83
BR08,ING11,2026-05-01,10.3,53.11,49.5,1.64,12.27,3.31
BR08,ING11,2026-06-01,8.38,49.29,44.5,1.3,11.87,2.92
BR08,ING11,2026-07-01,6.77,35.3,31.25,1.08,9.74,3.46
BR08,ING11,2026-08-01,9.46,49.1,45.25,0.96,12.35,2.12
BR08,ING11,2026-09-01,2.65,23.47,21.75,0.81,3.56,3.72
BR08,ING12,2026-04-01,3.0,19.02,17.7,0.51,3.81,2.88
BR08,ING12,2026-05-01,3.7,31.9,30.15,0.97,4.48,3.22
BR08,ING12,2026-06-01,3.65,23.32,21.6,0.72,4.65,3.33
BR08,ING12,2026-07-01,3.28,19.72,18.45,0.59,3.96,3.2
BR08,ING12,2026-08-01,4.05,24.36,22.8,0.67,4.94,2.94
BR08,ING12,2026-09-01,3.13,15.46,14.25,0.52,3.82,3.65
BR08,ING13,2026-04-01,2.82,28.31,26.0,1.11,4.02,4.27
BR08,ING13,2026-05-01,7.96,38.21,37.2,1.04,7.93,2.8
BR08,ING13,2026-06-01,5.81,26.34,25.2,0.56,6.39,2.22
BR08,ING13,2026-07-01,4.8,25.85,24.6,0.84,5.21,3.41
BR08,ING13,2026-08-01,5.7,27.88,26.8,1.14,5.64,4.25
BR08,ING13,2026-09-01,5.65,25.25,23.6,0.55,6.75,2.33
BR08,ING14,2026-04-01,0.39,4.21,3.9,0.1,0.6,2.56
BR08,ING14,2026-05-01,1.02,6.16,5.58,0.26,1.34,4.66
BR08,ING14,2026-06-01,0.56,4.01,3.78,0.14,0.65,3.7
BR08,ING14,2026-07-01,0.6,3.82,3.69,0.13,0.6,3.52
BR08,ING14,2026-08-01,0.65,4.45,4.02,0.1,0.98,2.49
BR08,ING14,2026-09-01,0.36,3.71,3.54,0.13,0.4,3.67
BR08,ING15,2026-04-01,2.48,22.55,20.8,0.84,3.39,4.04
BR08,ING15,2026-05-01,3.21,33.64,30.2,1.19,5.46,3.94
BR08,ING15,2026-06-01,3.33,30.32,28.4,1.14,4.11,4.01
BR08,ING15,2026-07-01,5.48,25.24,23.8,0.7,6.22,2.94
BR08,ING15,2026-08-01,4.62,38.52,35.4,0.76,6.98,2.15
BR08,ING15,2026-09-01,4.05,20.83,18.4,0.57,5.91,3.1
BR08,ING16,2026-04-01,2.32,12.09,10.54,0.33,3.54,3.13
BR08,ING16,2026-05-01,1.82,12.67,11.9,0.22,2.37,1.85
BR08,ING16,2026-06-01,2.45,10.79,10.14,0.47,2.63,4.64
BR08,ING16,2026-07-01,2.06,10.17,9.49,0.32,2.42,3.37
BR08,ING16,2026-08-01,2.02,11.92,10.76,0.31,2.87,2.88
BR08,ING16,2026-09-01,1.44,7.13,6.38,0.21,1.98,3.29
BR08,ING17,2026-04-01,1.43,11.95,10.87,0.38,2.13,3.5
BR08,ING17,2026-05-01,1.35,15.4,13.52,0.44,2.79,3.25
BR08,ING17,2026-06-01,2.02,12.22,11.73,0.25,2.26,2.13
BR08,ING17,2026-07-01,2.27,12.44,11.24,0.38,3.09,3.38
BR08,ING17,2026-08-01,3.37,14.39,13.9,0.5,3.36,3.6
BR08,ING17,2026-09-01,1.0,8.53,7.9,0.26,1.37,3.29
BR08,ING18,2026-04-01,1.74,13.8,13.7,0.47,1.37,3.43
BR08,ING18,2026-05-01,2.0,14.35,14.0,0.42,1.93,3.0
BR08,ING18,2026-06-01,3.43,16.9,15.2,0.55,4.58,3.62
BR08,ING18,2026-07-01,2.83,15.02,13.7,0.42,3.73,3.07
BR08,ING18,2026-08-01,3.13,15.37,14.3,0.43,3.77,3.01
BR08,ING18,2026-09-01,1.68,10.39,9.4,0.22,2.45,2.34
BR09,ING01,2026-04-01,20.77,121.15,112.77,2.76,26.39,2.45
BR09,ING01,2026-05-01,16.41,150.89,133.5,2.44,31.36,1.83
BR09,ING01,2026-06-01,25.22,112.52,103.1,1.43,33.21,1.39
BR09,ING01,2026-07-01,13.66,131.59,117.98,2.36,24.91,2.0
BR09,ING01,2026-08-01,19.57,142.64,136.09,3.25,22.87,2.39
BR09,ING01,2026-09-01,8.9,92.59,82.24,0.85,18.4,1.03
BR09,ING02,2026-04-01,5.46,22.95,21.96,0.54,5.91,2.46
BR09,ING02,2026-05-01,3.96,30.52,27.6,0.65,6.23,2.36
BR09,ING02,2026-06-01,3.29,22.27,19.92,0.39,5.25,1.96
BR09,ING02,2026-07-01,5.28,25.59,24.12,0.3,6.45,1.24
BR09,ING02,2026-08-01,5.93,30.54,28.56,0.79,7.12,2.77
BR09,ING02,2026-09-01,4.26,18.85,17.16,0.48,5.47,2.8
BR09,ING03,2026-04-01,10.88,116.07,108.2,1.99,16.76,1.84
BR09,ING03,2026-05-01,13.97,148.77,132.8,3.01,26.93,2.27
BR09,ING03,2026-06-01,11.78,114.77,105.8,2.43,18.32,2.3
BR09,ING03,2026-07-01,18.92,142.66,128.2,2.19,31.19,1.71
BR09,ING03,2026-08-01,36.25,159.3,145.2,3.59,46.76,2.47
BR09,ING03,2026-09-01,12.75,92.57,85.6,2.27,17.45,2.65
BR09,ING04,2026-04-01,4.15,33.23,30.15,0.6,6.63,1.99
BR09,ING04,2026-05-01,7.07,36.29,34.8,0.98,7.58,2.82
BR09,ING04,2026-06-01,4.35,34.86,31.95,0.8,6.46,2.5
BR09,ING04,2026-07-01,5.12,26.56,26.1,0.61,4.97,2.34
BR09,ING04,2026-08-01,4.63,40.55,38.25,0.69,6.24,1.8
BR09,ING04,2026-09-01,3.68,24.13,21.75,0.45,5.61,2.07
BR09,ING05,2026-04-01,5.88,28.43,26.53,0.41,7.37,1.55
BR09,ING05,2026-05-01,4.45,34.38,31.19,0.52,7.12,1.67
BR09,ING05,2026-06-01,5.39,27.52,26.09,0.62,6.2,2.38
BR09,ING05,2026-07-01,4.14,28.39,26.78,0.49,5.26,1.83
BR09,ING05,2026-08-01,6.06,35.91,33.29,0.93,7.75,2.79
BR09,ING05,2026-09-01,2.04,21.59,20.17,0.36,3.1,1.78
BR09,ING06,2026-04-01,0.39,1.91,1.85,0.05,0.4,2.7
BR09,ING06,2026-05-01,0.38,2.66,2.4,0.05,0.59,2.08
BR09,ING06,2026-06-01,0.42,1.9,1.76,0.04,0.52,2.27
BR09,ING06,2026-07-01,0.38,2.15,2.01,0.03,0.49,1.49
BR09,ING06,2026-08-01,0.41,2.61,2.51,0.06,0.45,2.39
BR09,ING06,2026-09-01,0.15,1.58,1.47,0.03,0.23,2.04
BR09,ING07,2026-04-01,3.9,32.8,30.15,0.74,5.81,2.45
BR09,ING07,2026-05-01,5.48,36.15,34.8,0.91,5.92,2.61
BR09,ING07,2026-06-01,5.86,30.08,28.35,0.61,6.98,2.15
BR09,ING07,2026-07-01,3.54,29.32,27.6,0.66,4.6,2.39
BR09,ING07,2026-08-01,8.58,37.89,35.4,0.71,10.36,2.01
BR09,ING07,2026-09-01,4.28,23.36,22.2,0.49,4.95,2.21
BR09,ING08,2026-04-01,0.89,4.16,3.82,0.07,1.16,1.83
BR09,ING08,2026-05-01,0.72,4.45,4.24,0.1,0.83,2.36
BR09,ING08,2026-06-01,0.58,3.61,3.44,0.09,0.66,2.62
BR09,ING08,2026-07-01,0.83,4.52,4.3,0.07,0.98,1.63
BR09,ING08,2026-08-01,0.83,4.79,4.56,0.09,0.97,1.97
BR09,ING08,2026-09-01,0.38,2.61,2.46,0.05,0.48,2.03
BR09,ING09,2026-04-01,9.67,74.38,67.04,1.45,15.56,2.16
BR09,ING09,2026-05-01,9.47,84.33,74.78,1.46,17.56,1.95
BR09,ING09,2026-06-01,8.71,69.73,64.23,1.23,12.98,1.91
BR09,ING09,2026-07-01,14.26,80.55,74.57,1.4,18.84,1.88
BR09,ING09,2026-08-01,13.95,90.26,83.14,1.45,19.62,1.74
BR09,ING09,2026-09-01,6.44,55.51,50.56,1.47,9.92,2.91
BR09,ING10,2026-04-01,0.67,3.29,3.07,0.06,0.83,1.95
BR09,ING10,2026-05-01,0.47,3.52,3.3,0.08,0.61,2.42
BR09,ING10,2026-06-01,0.62,3.2,3.06,0.07,0.69,2.29
BR09,ING10,2026-07-01,0.41,3.36,3.15,0.03,0.59,0.95
BR09,ING10,2026-08-01,0.35,3.67,3.46,0.07,0.48,2.02
BR09,ING10,2026-09-01,0.37,2.52,2.29,0.03,0.57,1.31
BR09,ING11,2026-04-01,8.0,50.1,47.5,0.7,9.9,1.47
BR09,ING11,2026-05-01,10.46,58.38,55.5,1.35,11.99,2.43
BR09,ING11,2026-06-01,9.26,42.57,40.75,0.93,10.15,2.28
BR09,ING11,2026-07-01,6.45,55.32,53.75,0.64,7.38,1.19
BR09,ING11,2026-08-01,10.53,66.81,59.5,1.76,16.08,2.96
BR09,ING11,2026-09-01,4.85,42.47,37.5,0.82,9.0,2.19
BR09,ING12,2026-04-01,6.75,32.41,30.0,0.6,8.56,2.0
BR09,ING12,2026-05-01,5.51,37.69,34.8,0.64,7.76,1.84
BR09,ING12,2026-06-01,7.29,32.1,29.85,0.91,8.63,3.05
BR09,ING12,2026-07-01,4.14,28.39,26.55,0.41,5.57,1.54
BR09,ING12,2026-08-01,4.3,38.7,34.35,1.04,7.61,3.03
BR09,ING12,2026-09-01,4.28,22.93,20.4,0.49,6.32,2.4
BR09,ING13,2026-04-01,4.99,38.09,36.2,0.81,6.07,2.24
BR09,ING13,2026-05-01,9.55,48.23,44.6,0.75,12.43,1.68
BR09,ING13,2026-06-01,9.85,45.85,41.0,0.82,13.88,2.0
BR09,ING13,2026-07-01,8.42,43.39,41.2,1.07,9.54,2.6
BR09,ING13,2026-08-01,8.8,49.71,45.4,1.02,12.09,2.25
BR09,ING13,2026-09-01,3.93,26.66,24.8,0.61,5.18,2.46
BR09,ING14,2026-04-01,0.81,5.89,5.43,0.14,1.13,2.58
BR09,ING14,2026-05-01,1.67,7.56,6.69,0.15,2.39,2.24
BR09,ING14,2026-06-01,1.52,6.51,6.15,0.16,1.72,2.6
BR09,ING14,2026-07-01,0.75,6.61,6.18,0.1,1.08,1.62
BR09,ING14,2026-08-01,1.07,7.33,6.81,0.13,1.46,1.91
BR09,ING14,2026-09-01,0.41,4.05,3.72,0.05,0.69,1.34
BR09,ING15,2026-04-01,8.25,38.5,38.2,0.83,7.72,2.17
BR09,ING15,2026-05-01,4.87,47.93,43.0,0.75,9.05,1.74
BR09,ING15,2026-06-01,3.38,33.9,30.0,0.49,6.79,1.63
BR09,ING15,2026-07-01,8.29,36.74,33.8,0.71,10.52,2.1
BR09,ING15,2026-08-01,9.3,51.03,46.8,0.93,12.6,1.99
BR09,ING15,2026-09-01,4.48,35.67,33.4,0.65,6.1,1.95
BR09,ING16,2026-04-01,2.34,13.64,12.41,0.34,3.23,2.74
BR09,ING16,2026-05-01,3.36,15.7,14.23,0.31,4.52,2.18
BR09,ING16,2026-06-01,1.51,14.69,12.56,0.26,3.38,2.07
BR09,ING16,2026-07-01,2.02,16.0,14.7,0.23,3.09,1.56
BR09,ING16,2026-08-01,3.17,19.47,17.91,0.4,4.33,2.23
BR09,ING16,2026-09-01,1.25,10.63,10.17,0.22,1.49,2.16
BR09,ING17,2026-04-01,2.55,18.53,16.68,0.4,4.0,2.4
BR09,ING17,2026-05-01,4.88,20.95,19.64,0.46,5.73,2.34
BR09,ING17,2026-06-01,3.6,16.58,15.03,0.38,4.77,2.53
BR09,ING17,2026-07-01,2.48,18.81,17.35,0.29,3.65,1.67
BR09,ING17,2026-08-01,4.16,22.23,20.19,0.37,5.83,1.83
BR09,ING17,2026-09-01,1.72,12.67,12.0,0.29,2.1,2.42
BR09,ING18,2026-04-01,2.85,21.31,18.8,0.41,4.95,2.18
BR09,ING18,2026-05-01,2.51,22.45,20.9,0.46,3.6,2.2
BR09,ING18,2026-06-01,3.78,19.9,17.8,0.3,5.58,1.69
BR09,ING18,2026-07-01,3.68,22.92,20.0,0.55,6.05,2.75
BR09,ING18,2026-08-01,6.07,27.95,24.8,0.53,8.69,2.14
BR09,ING18,2026-09-01,2.17,12.64,12.1,0.17,2.54,1.4
BR10,ING01,2026-04-01,16.27,82.81,77.05,1.97,20.06,2.56
BR10,ING01,2026-05-01,15.6,83.76,77.99,2.41,18.96,3.09
BR10,ING01,2026-06-01,8.47,72.68,67.53,2.3,11.32,3.41
BR10,ING01,2026-07-01,17.94,80.33,72.52,1.89,23.86,2.61
BR10,ING01,2026-08-01,14.34,94.81,89.4,2.71,17.04,3.03
BR10,ING01,2026-09-01,9.26,49.32,47.84,1.32,9.42,2.76
BR10,ING02,2026-04-01,3.74,19.02,16.92,0.54,5.3,3.19
BR10,ING02,2026-05-01,3.04,17.43,16.32,0.46,3.69,2.82
BR10,ING02,2026-06-01,2.31,15.73,14.64,0.56,2.84,3.83
BR10,ING02,2026-07-01,3.8,17.44,16.8,0.42,4.02,2.5
BR10,ING02,2026-08-01,3.24,21.8,20.76,0.61,3.67,2.94
BR10,ING02,2026-09-01,1.86,11.88,10.68,0.38,2.68,3.56
BR10,ING03,2026-04-01,11.26,85.82,76.4,2.77,17.91,3.63
BR10,ING03,2026-05-01,16.49,92.24,81.6,1.74,25.39,2.13
BR10,ING03,2026-06-01,7.87,81.16,75.8,1.71,11.52,2.26
BR10,ING03,2026-07-01,10.71,79.32,72.0,2.86,15.17,3.97
BR10,ING03,2026-08-01,23.36,104.56,97.8,2.62,27.5,2.68
BR10,ING03,2026-09-01,12.59,57.39,52.0,1.42,16.56,2.73
BR10,ING04,2026-04-01,4.03,25.45,22.8,0.78,5.9,3.42
BR10,ING04,2026-05-01,4.12,19.29,18.15,0.31,4.95,1.71
BR10,ING04,2026-06-01,4.16,19.38,17.4,0.69,5.45,3.97
BR10,ING04,2026-07-01,4.51,25.14,24.0,0.88,4.77,3.67
BR10,ING04,2026-08-01,2.97,22.89,21.0,0.71,4.15,3.38
BR10,ING04,2026-09-01,3.43,14.95,14.25,0.45,3.68,3.16
BR10,ING05,2026-04-01,3.37,20.29,18.87,0.51,4.28,2.7
BR10,ING05,2026-05-01,4.5,19.85,18.42,0.53,5.4,2.88
BR10,ING05,2026-06-01,2.87,18.01,16.73,0.51,3.64,3.05
BR10,ING05,2026-07-01,4.28,20.19,17.71,0.45,6.31,2.54
BR10,ING05,2026-08-01,3.08,24.17,21.75,0.64,4.86,2.94
BR10,ING05,2026-09-01,2.79,13.91,12.84,0.43,3.43,3.35
BR10,ING06,2026-04-01,0.25,1.23,1.14,0.04,0.3,3.51
BR10,ING06,2026-05-01,0.13,1.28,1.16,0.04,0.21,3.45
BR10,ING06,2026-06-01,0.29,1.3,1.2,0.03,0.36,2.5
BR10,ING06,2026-07-01,0.32,1.35,1.34,0.05,0.28,3.73
BR10,ING06,2026-08-01,0.32,1.98,1.77,0.06,0.47,3.39
BR10,ING06,2026-09-01,0.17,1.06,0.99,0.02,0.22,2.02
BR10,ING07,2026-04-01,2.41,18.68,17.4,0.63,3.06,3.62
BR10,ING07,2026-05-01,2.5,23.52,22.2,0.73,3.09,3.29
BR10,ING07,2026-06-01,4.11,26.32,24.3,0.66,5.47,2.72
BR10,ING07,2026-07-01,4.6,21.07,19.65,0.51,5.51,2.6
BR10,ING07,2026-08-01,6.32,30.89,28.2,0.83,8.18,2.94
BR10,ING07,2026-09-01,2.13,16.5,15.9,0.56,2.17,3.52
BR10,ING08,2026-04-01,0.63,2.89,2.6,0.09,0.83,3.46
BR10,ING08,2026-05-01,0.48,2.9,2.6,0.1,0.68,3.85
BR10,ING08,2026-06-01,0.32,2.44,2.2,0.07,0.49,3.18
BR10,ING08,2026-07-01,0.57,3.12,3.0,0.1,0.59,3.33
BR10,ING08,2026-08-01,0.51,3.54,3.16,0.05,0.84,1.58
BR10,ING08,2026-09-01,0.3,2.0,1.92,0.06,0.32,3.12
BR10,ING09,2026-04-01,5.76,52.73,46.07,1.14,11.28,2.47
BR10,ING09,2026-05-01,5.17,50.55,47.46,1.6,6.66,3.37
BR10,ING09,2026-06-01,5.77,50.07,44.71,1.23,9.9,2.75
BR10,ING09,2026-07-01,5.55,54.41,50.58,1.31,8.07,2.59
BR10,ING09,2026-08-01,12.78,57.73,52.99,2.04,15.48,3.85
BR10,ING09,2026-09-01,4.16,32.42,31.47,1.13,3.98,3.59
BR10,ING10,2026-04-01,0.27,2.18,1.96,0.07,0.42,3.57
BR10,ING10,2026-05-01,0.33,2.32,2.15,0.04,0.46,1.86
BR10,ING10,2026-06-01,0.39,2.15,2.04,0.07,0.43,3.43
BR10,ING10,2026-07-01,0.5,2.2,2.01,0.07,0.62,3.48
BR10,ING10,2026-08-01,0.33,2.49,2.32,0.08,0.42,3.45
BR10,ING10,2026-09-01,0.28,1.34,1.23,0.04,0.35,3.25
BR10,ING11,2026-04-01,3.6,37.03,34.75,1.3,4.58,3.74
BR10,ING11,2026-05-01,7.07,32.94,30.5,1.1,8.41,3.61
BR10,ING11,2026-06-01,3.27,33.94,31.75,1.16,4.3,3.65
BR10,ING11,2026-07-01,4.06,41.4,37.5,1.4,6.56,3.73
BR10,ING11,2026-08-01,6.64,34.25,31.75,1.06,8.08,3.34
BR10,ING11,2026-09-01,4.78,24.27,21.75,0.67,6.63,3.08
BR10,ING12,2026-04-01,2.42,24.02,21.15,0.72,4.57,3.4
BR10,ING12,2026-05-01,3.67,20.75,19.5,0.55,4.37,2.82
BR10,ING12,2026-06-01,2.05,16.72,15.6,0.47,2.7,3.01
BR10,ING12,2026-07-01,3.73,22.92,21.3,0.65,4.7,3.05
BR10,ING12,2026-08-01,2.36,23.7,22.35,0.5,3.21,2.24
BR10,ING12,2026-09-01,1.99,16.85,16.05,0.3,2.49,1.87
BR10,ING13,2026-04-01,3.82,28.28,27.0,0.65,4.45,2.41
BR10,ING13,2026-05-01,4.49,27.97,25.8,0.71,5.95,2.75
BR10,ING13,2026-06-01,4.59,29.16,26.4,0.84,6.51,3.18
BR10,ING13,2026-07-01,4.59,23.84,22.2,0.69,5.54,3.11
BR10,ING13,2026-08-01,7.25,31.48,30.6,0.88,7.25,2.88
BR10,ING13,2026-09-01,2.45,13.16,12.2,0.36,3.05,2.95
BR10,ING14,2026-04-01,0.9,4.32,4.05,0.16,1.01,3.95
BR10,ING14,2026-05-01,0.44,4.11,3.87,0.13,0.55,3.36
BR10,ING14,2026-06-01,0.79,4.31,3.96,0.12,1.02,3.03
BR10,ING14,2026-07-01,0.66,3.62,3.33,0.11,0.84,3.3
BR10,ING14,2026-08-01,0.55,5.12,4.59,0.13,0.95,2.83
BR10,ING14,2026-09-01,0.33,1.88,1.83,0.06,0.32,3.28
BR10,ING15,2026-04-01,6.7,28.73,27.2,0.91,7.32,3.35
BR10,ING15,2026-05-01,4.29,28.29,27.2,0.88,4.5,3.24
BR10,ING15,2026-06-01,5.05,25.65,23.4,0.58,6.72,2.48
BR10,ING15,2026-07-01,4.24,26.5,24.2,0.73,5.81,3.02
BR10,ING15,2026-08-01,6.74,38.3,34.0,1.2,9.84,3.53
BR10,ING15,2026-09-01,2.45,22.37,20.6,0.77,3.45,3.74
BR10,ING16,2026-04-01,1.85,10.34,9.38,0.19,2.62,2.03
BR10,ING16,2026-05-01,1.93,10.99,9.68,0.26,2.98,2.69
BR10,ING16,2026-06-01,1.96,10.08,9.02,0.26,2.76,2.88
BR10,ING16,2026-07-01,1.22,11.11,10.44,0.28,1.61,2.68
BR10,ING16,2026-08-01,1.13,12.37,11.05,0.37,2.08,3.35
BR10,ING16,2026-09-01,1.21,7.21,7.24,0.24,0.94,3.31
BR10,ING17,2026-04-01,1.33,11.63,10.81,0.24,1.91,2.22
BR10,ING17,2026-05-01,1.66,12.21,11.02,0.34,2.51,3.09
BR10,ING17,2026-06-01,2.39,11.2,10.54,0.4,2.65,3.8
BR10,ING17,2026-07-01,2.26,13.07,11.85,0.38,3.1,3.21
BR10,ING17,2026-08-01,3.35,15.76,13.98,0.66,4.47,4.72
BR10,ING17,2026-09-01,1.56,8.1,8.05,0.29,1.32,3.6
BR10,ING18,2026-04-01,2.24,15.66,14.4,0.49,3.01,3.4
BR10,ING18,2026-05-01,2.77,14.69,13.4,0.37,3.69,2.76
BR10,ING18,2026-06-01,2.16,11.44,10.6,0.39,2.61,3.68
BR10,ING18,2026-07-01,1.83,16.57,14.7,0.26,3.44,1.77
BR10,ING18,2026-08-01,3.5,17.52,17.0,0.58,3.44,3.41
BR10,ING18,2026-09-01,3.03,12.89,12.2,0.35,3.37,2.87
BR11,ING01,2026-04-01,12.15,87.68,80.12,4.46,15.25,5.57
BR11,ING01,2026-05-01,12.94,93.27,85.96,3.09,17.16,3.59
BR11,ING01,2026-06-01,17.51,78.38,71.51,2.92,21.46,4.08
BR11,ING01,2026-07-01,14.84,87.79,81.0,3.26,18.37,4.02
BR11,ING01,2026-08-01,9.79,96.04,88.72,3.61,13.5,4.07
BR11,ING01,2026-09-01,5.78,57.49,52.89,2.32,8.06,4.39
BR11,ING02,2026-04-01,1.94,18.22,17.16,0.63,2.37,3.67
BR11,ING02,2026-05-01,4.01,17.73,17.04,0.76,3.94,4.46
BR11,ING02,2026-06-01,2.21,15.64,14.64,0.61,2.6,4.17
BR11,ING02,2026-07-01,2.08,17.67,17.28,0.72,1.75,4.17
BR11,ING02,2026-08-01,2.56,22.68,21.24,1.23,2.77,5.79
BR11,ING02,2026-09-01,2.57,10.99,10.32,0.64,2.6,6.2
BR11,ING03,2026-04-01,11.01,91.24,86.8,2.25,13.2,2.59
BR11,ING03,2026-05-01,19.24,85.24,83.0,3.98,17.5,4.8
BR11,ING03,2026-06-01,12.75,83.89,81.0,3.49,12.15,4.31
BR11,ING03,2026-07-01,12.33,95.56,85.4,3.35,19.14,3.92
BR11,ING03,2026-08-01,16.31,112.78,104.2,4.25,20.64,4.08
BR11,ING03,2026-09-01,7.3,59.07,55.6,3.26,7.51,5.86
BR11,ING04,2026-04-01,5.22,23.01,22.05,0.76,5.42,3.45
BR11,ING04,2026-05-01,3.98,21.18,20.55,1.1,3.51,5.35
BR11,ING04,2026-06-01,2.64,16.21,14.4,0.56,3.89,3.89
BR11,ING04,2026-07-01,5.71,27.4,24.45,0.9,7.76,3.68
BR11,ING04,2026-08-01,4.37,26.82,25.5,0.8,4.89,3.14
BR11,ING04,2026-09-01,1.61,12.42,11.55,0.7,1.78,6.06
BR11,ING05,2026-04-01,3.41,19.79,18.97,0.91,3.32,4.8
BR11,ING05,2026-05-01,3.26,23.57,21.15,1.05,4.63,4.96
BR11,ING05,2026-06-01,4.31,20.07,19.17,1.0,4.21,5.22
BR11,ING05,2026-07-01,3.9,22.93,20.53,0.94,5.36,4.58
BR11,ING05,2026-08-01,3.61,25.46,23.32,1.12,4.63,4.8
BR11,ING05,2026-09-01,2.99,13.76,12.81,0.67,3.27,5.23
BR11,ING06,2026-04-01,0.32,1.63,1.45,0.05,0.45,3.45
BR11,ING06,2026-05-01,0.27,1.74,1.65,0.06,0.3,3.64
BR11,ING06,2026-06-01,0.3,1.47,1.33,0.04,0.4,3.01
BR11,ING06,2026-07-01,0.2,1.59,1.51,0.06,0.22,3.97
BR11,ING06,2026-08-01,0.34,1.67,1.58,0.11,0.32,6.96
BR11,ING06,2026-09-01,0.12,1.17,1.11,0.05,0.13,4.5
BR11,ING07,2026-04-01,4.43,23.32,21.9,1.58,4.27,7.21
BR11,ING07,2026-05-01,3.27,25.08,23.25,0.92,4.18,3.96
BR11,ING07,2026-06-01,3.26,22.09,21.15,0.98,3.22,4.63
BR11,ING07,2026-07-01,3.09,22.38,20.55,0.97,3.95,4.72
BR11,ING07,2026-08-01,4.14,18.84,17.55,0.81,4.62,4.62
BR11,ING07,2026-09-01,2.06,19.54,18.15,0.91,2.54,5.01
BR11,ING08,2026-04-01,0.34,2.63,2.58,0.11,0.28,4.26
BR11,ING08,2026-05-01,0.38,3.46,3.24,0.13,0.47,4.01
BR11,ING08,2026-06-01,0.45,2.7,2.46,0.11,0.58,4.47
BR11,ING08,2026-07-01,0.24,2.28,2.12,0.12,0.28,5.66
BR11,ING08,2026-08-01,0.63,3.49,3.28,0.14,0.7,4.27
BR11,ING08,2026-09-01,0.25,1.74,1.64,0.07,0.28,4.27
BR11,ING09,2026-04-01,11.83,58.11,52.02,2.12,15.8,4.08
BR11,ING09,2026-05-01,5.75,61.36,55.7,2.34,9.07,4.2
BR11,ING09,2026-06-01,9.71,50.15,47.62,2.95,9.29,6.19
BR11,ING09,2026-07-01,5.53,47.58,43.87,1.82,7.42,4.15
BR11,ING09,2026-08-01,10.94,64.28,58.25,2.56,14.41,4.39
BR11,ING09,2026-09-01,4.48,33.09,31.34,1.29,4.94,4.12
BR11,ING10,2026-04-01,0.4,2.27,2.22,0.12,0.33,5.41
BR11,ING10,2026-05-01,0.56,2.56,2.43,0.09,0.6,3.7
BR11,ING10,2026-06-01,0.36,2.43,2.19,0.09,0.51,4.11
BR11,ING10,2026-07-01,0.4,2.16,1.92,0.1,0.54,5.21
BR11,ING10,2026-08-01,0.5,2.79,2.5,0.11,0.68,4.4
BR11,ING10,2026-09-01,0.38,1.77,1.64,0.11,0.4,6.71
BR11,ING11,2026-04-01,4.31,37.66,34.0,2.02,5.95,5.94
BR11,ING11,2026-05-01,7.63,39.74,37.5,2.08,7.79,5.55
BR11,ING11,2026-06-01,4.75,31.19,29.0,1.44,5.5,4.97
BR11,ING11,2026-07-01,6.05,42.49,38.75,1.76,8.03,4.54
BR11,ING11,2026-08-01,10.34,48.08,42.25,2.07,14.1,4.9
BR11,ING11,2026-09-01,3.9,23.13,21.5,1.0,4.53,4.65
BR11,ING12,2026-04-01,3.18,21.45,18.75,0.62,5.26,3.31
BR11,ING12,2026-05-01,5.25,25.09,23.25,1.17,5.92,5.03
BR11,ING12,2026-06-01,2.97,19.77,18.45,0.97,3.32,5.26
BR11,ING12,2026-07-01,5.4,24.98,22.95,0.76,6.67,3.31
BR11,ING12,2026-08-01,6.18,29.12,26.55,1.38,7.37,5.2
BR11,ING12,2026-09-01,2.12,16.51,15.0,0.69,2.94,4.6
BR11,ING13,2026-04-01,2.89,29.63,27.4,1.18,3.94,4.31
BR11,ING13,2026-05-01,5.96,33.37,32.6,1.3,5.43,3.99
BR11,ING13,2026-06-01,5.73,41.77,38.2,1.81,7.49,4.74
BR11,ING13,2026-07-01,3.03,24.65,22.8,0.92,3.96,4.04
BR11,ING13,2026-08-01,5.16,28.0,26.6,1.23,5.33,4.62
BR11,ING13,2026-09-01,2.54,20.85,19.4,0.87,3.12,4.48
BR11,ING14,2026-04-01,0.68,4.34,4.11,0.19,0.72,4.62
BR11,ING14,2026-05-01,1.11,5.46,4.89,0.16,1.52,3.27
BR11,ING14,2026-06-01,1.07,5.96,5.73,0.33,0.97,5.76
BR11,ING14,2026-07-01,0.76,3.77,3.42,0.2,0.91,5.85
BR11,ING14,2026-08-01,0.78,4.27,3.99,0.25,0.81,6.27
BR11,ING14,2026-09-01,0.48,3.1,2.91,0.14,0.53,4.81
BR11,ING15,2026-04-01,2.63,27.64,24.8,0.82,4.65,3.31
BR11,ING15,2026-05-01,7.71,36.06,33.6,1.99,8.18,5.92
BR11,ING15,2026-06-01,5.65,29.57,27.2,1.41,6.61,5.18
BR11,ING15,2026-07-01,5.03,34.55,31.6,1.07,6.91,3.39
BR11,ING15,2026-08-01,7.24,37.19,33.8,2.01,8.62,5.95
BR11,ING15,2026-09-01,2.06,17.13,16.6,0.83,1.76,5.0
BR11,ING16,2026-04-01,2.37,13.63,12.32,0.53,3.15,4.3
BR11,ING16,2026-05-01,2.55,11.26,10.87,0.58,2.36,5.34
BR11,ING16,2026-06-01,1.28,10.77,10.26,0.39,1.4,3.8
BR11,ING16,2026-07-01,1.89,9.6,8.89,0.55,2.05,6.19
BR11,ING16,2026-08-01,1.34,12.1,11.59,0.5,1.35,4.31
BR11,ING16,2026-09-01,0.71,6.36,5.54,0.22,1.31,3.97
BR11,ING17,2026-04-01,2.85,13.08,11.83,0.75,3.35,6.34
BR11,ING17,2026-05-01,1.78,14.85,13.71,0.72,2.2,5.25
BR11,ING17,2026-06-01,1.78,11.78,10.76,0.43,2.37,4.0
BR11,ING17,2026-07-01,1.53,12.17,11.52,0.58,1.6,5.03
BR11,ING17,2026-08-01,1.55,13.22,12.82,0.58,1.37,4.52
BR11,ING17,2026-09-01,1.84,8.97,8.42,0.38,2.01,4.51
BR11,ING18,2026-04-01,1.76,17.19,16.1,0.69,2.16,4.29
BR11,ING18,2026-05-01,2.96,16.12,15.1,0.82,3.16,5.43
BR11,ING18,2026-06-01,2.87,14.56,13.8,0.71,2.92,5.14
BR11,ING18,2026-07-01,3.08,14.12,12.7,0.6,3.9,4.72
BR11,ING18,2026-08-01,2.31,17.16,16.2,0.83,2.44,5.12
BR11,ING18,2026-09-01,1.01,10.32,9.7,0.42,1.21,4.33
BR12,ING01,2026-04-01,10.74,85.22,79.32,2.87,13.77,3.62
BR12,ING01,2026-05-01,20.76,92.09,84.49,2.59,25.77,3.07
BR12,ING01,2026-06-01,13.9,84.59,77.74,3.12,17.63,4.01
BR12,ING01,2026-07-01,16.69,89.85,84.06,2.59,19.89,3.08
BR12,ING01,2026-08-01,21.05,92.31,85.93,2.28,25.15,2.65
BR12,ING01,2026-09-01,8.27,57.61,53.94,1.44,10.5,2.67
BR12,ING02,2026-04-01,4.86,20.92,19.92,0.68,5.18,3.41
BR12,ING02,2026-05-01,2.14,14.91,13.92,0.3,2.83,2.16
BR12,ING02,2026-06-01,1.66,15.34,14.16,0.43,2.41,3.04
BR12,ING02,2026-07-01,2.35,19.77,17.52,0.46,4.14,2.63
BR12,ING02,2026-08-01,4.19,20.33,17.76,0.49,6.27,2.76
BR12,ING02,2026-09-01,2.01,13.65,12.36,0.35,2.95,2.83
BR12,ING03,2026-04-01,20.22,95.46,84.6,2.14,28.94,2.53
BR12,ING03,2026-05-01,19.55,86.58,79.0,2.03,25.1,2.57
BR12,ING03,2026-06-01,13.79,81.21,75.4,1.34,18.26,1.78
BR12,ING03,2026-07-01,22.07,97.05,91.4,2.39,25.33,2.61
BR12,ING03,2026-08-01,18.61,96.82,94.4,2.56,18.47,2.71
BR12,ING03,2026-09-01,5.56,55.08,55.2,1.74,3.7,3.15
BR12,ING04,2026-04-01,2.52,24.03,21.45,0.49,4.61,2.28
BR12,ING04,2026-05-01,3.41,19.63,18.3,0.46,4.28,2.51
BR12,ING04,2026-06-01,4.56,21.51,19.95,0.61,5.51,3.06
BR12,ING04,2026-07-01,3.61,22.54,20.85,0.42,4.88,2.01
BR12,ING04,2026-08-01,3.2,21.8,20.85,0.72,3.43,3.45
BR12,ING04,2026-09-01,3.12,14.78,13.95,0.43,3.52,3.08
BR12,ING05,2026-04-01,3.74,20.21,18.27,0.64,5.04,3.5
BR12,ING05,2026-05-01,2.08,20.77,19.49,0.57,2.79,2.92
BR12,ING05,2026-06-01,2.18,18.93,18.01,0.62,2.48,3.44
BR12,ING05,2026-07-01,2.27,21.15,19.37,0.7,3.35,3.61
BR12,ING05,2026-08-01,5.03,23.39,21.43,0.45,6.54,2.1
BR12,ING05,2026-09-01,2.47,14.57,12.9,0.36,3.78,2.79
BR12,ING06,2026-04-01,0.2,1.45,1.37,0.03,0.25,2.19
BR12,ING06,2026-05-01,0.14,1.43,1.35,0.05,0.17,3.7
BR12,ING06,2026-06-01,0.19,1.7,1.62,0.06,0.21,3.7
BR12,ING06,2026-07-01,0.25,1.3,1.23,0.04,0.28,3.25
BR12,ING06,2026-08-01,0.28,1.82,1.63,0.04,0.43,2.45
BR12,ING06,2026-09-01,0.24,1.1,0.98,0.02,0.34,2.04
BR12,ING07,2026-04-01,3.06,22.35,20.7,0.39,4.32,1.88
BR12,ING07,2026-05-01,4.28,22.47,20.85,0.58,5.32,2.78
BR12,ING07,2026-06-01,4.67,21.95,19.95,0.55,6.12,2.76
BR12,ING07,2026-07-01,3.84,21.54,20.85,0.82,3.71,3.93
BR12,ING07,2026-08-01,4.13,21.68,20.7,0.64,4.47,3.09
BR12,ING07,2026-09-01,2.51,17.21,16.2,0.55,2.97,3.4
BR12,ING08,2026-04-01,0.37,2.98,2.76,0.08,0.51,2.9
BR12,ING08,2026-05-01,0.57,3.38,3.22,0.11,0.62,3.42
BR12,ING08,2026-06-01,0.66,3.08,2.82,0.07,0.85,2.48
BR12,ING08,2026-07-01,0.61,3.23,3.0,0.07,0.77,2.33
BR12,ING08,2026-08-01,0.32,3.4,3.14,0.11,0.47,3.5
BR12,ING08,2026-09-01,0.37,2.31,2.02,0.09,0.57,4.46
BR12,ING09,2026-04-01,5.36,50.42,46.74,1.06,7.98,2.27
BR12,ING09,2026-05-01,11.68,55.71,51.54,1.27,14.58,2.46
BR12,ING09,2026-06-01,5.91,44.61,40.75,1.19,8.58,2.92
BR12,ING09,2026-07-01,13.07,55.44,53.35,1.67,13.49,3.13
BR12,ING09,2026-08-01,12.82,58.78,53.43,1.51,16.66,2.83
BR12,ING09,2026-09-01,4.15,35.92,34.06,0.93,5.08,2.73
BR12,ING10,2026-04-01,0.34,2.06,1.88,0.06,0.46,3.19
BR12,ING10,2026-05-01,0.5,2.49,2.28,0.07,0.64,3.07
BR12,ING10,2026-06-01,0.19,1.58,1.5,0.06,0.21,4.0
BR12,ING10,2026-07-01,0.53,2.48,2.23,0.05,0.72,2.24
BR12,ING10,2026-08-01,0.35,2.25,2.15,0.07,0.39,3.26
BR12,ING10,2026-09-01,0.17,1.48,1.36,0.04,0.24,2.94
BR12,ING11,2026-04-01,3.5,33.29,30.5,1.08,5.21,3.54
BR12,ING11,2026-05-01,3.52,34.12,32.0,0.91,4.73,2.84
BR12,ING11,2026-06-01,3.35,34.32,33.25,1.31,3.11,3.94
BR12,ING11,2026-07-01,7.66,41.7,38.75,1.23,9.38,3.17
BR12,ING11,2026-08-01,5.45,43.44,39.25,1.39,8.25,3.54
BR12,ING11,2026-09-01,3.88,24.11,22.0,0.96,5.03,4.36
BR12,ING12,2026-04-01,3.83,19.08,18.3,0.53,4.08,2.9
BR12,ING12,2026-05-01,4.02,17.63,17.1,0.6,3.95,3.51
BR12,ING12,2026-06-01,3.27,24.55,22.65,0.57,4.6,2.52
BR12,ING12,2026-07-01,2.58,20.63,19.2,0.48,3.53,2.5
BR12,ING12,2026-08-01,3.37,20.48,19.5,0.46,3.89,2.36
BR12,ING12,2026-09-01,2.34,15.08,14.1,0.42,2.9,2.98
BR12,ING13,2026-04-01,6.0,26.19,24.4,0.83,6.96,3.4
BR12,ING13,2026-05-01,5.94,36.83,34.6,1.27,6.9,3.67
BR12,ING13,2026-06-01,4.44,28.48,26.4,0.79,5.73,2.99
BR12,ING13,2026-07-01,6.47,32.52,30.2,0.83,7.96,2.75
BR12,ING13,2026-08-01,5.36,34.62,32.0,1.05,6.93,3.28
BR12,ING13,2026-09-01,2.23,22.56,21.2,0.5,3.09,2.36
BR12,ING14,2026-04-01,0.78,4.04,3.66,0.07,1.09,1.91
BR12,ING14,2026-05-01,0.61,5.51,5.19,0.16,0.77,3.08
BR12,ING14,2026-06-01,0.72,4.13,3.96,0.15,0.74,3.79
BR12,ING14,2026-07-01,0.96,4.79,4.53,0.14,1.08,3.09
BR12,ING14,2026-08-01,1.06,5.25,4.8,0.14,1.37,2.92
BR12,ING14,2026-09-01,0.55,3.49,3.18,0.11,0.75,3.46
BR12,ING15,2026-04-01,6.94,31.42,27.8,0.8,9.76,2.88
BR12,ING15,2026-05-01,5.89,33.76,30.6,0.86,8.19,2.81
BR12,ING15,2026-06-01,2.92,20.95,20.0,0.6,3.27,3.0
BR12,ING15,2026-07-01,3.81,26.07,23.4,1.23,5.25,5.26
BR12,ING15,2026-08-01,5.74,35.26,33.8,1.04,6.16,3.08
BR12,ING15,2026-09-01,3.36,18.73,17.6,0.46,4.03,2.61
BR12,ING16,2026-04-01,1.96,10.38,9.9,0.25,2.19,2.53
BR12,ING16,2026-05-01,0.96,9.64,8.91,0.39,1.3,4.38
BR12,ING16,2026-06-01,0.8,7.87,7.4,0.17,1.1,2.3
BR12,ING16,2026-07-01,2.1,11.0,10.61,0.37,2.12,3.49
BR12,ING16,2026-08-01,2.67,11.77,10.95,0.31,3.18,2.83
BR12,ING16,2026-09-01,1.69,8.92,7.94,0.27,2.4,3.4
BR12,ING17,2026-04-01,1.29,12.47,11.66,0.37,1.73,3.17
BR12,ING17,2026-05-01,2.22,14.0,12.38,0.39,3.44,3.15
BR12,ING17,2026-06-01,2.14,13.35,12.14,0.48,2.87,3.95
BR12,ING17,2026-07-01,1.92,12.51,11.9,0.39,2.14,3.28
BR12,ING17,2026-08-01,1.94,13.82,12.89,0.39,2.48,3.03
BR12,ING17,2026-09-01,1.4,9.52,8.44,0.29,2.19,3.44
BR12,ING18,2026-04-01,1.28,13.75,12.5,0.27,2.26,2.16
BR12,ING18,2026-05-01,1.65,11.73,10.8,0.31,2.27,2.87
BR12,ING18,2026-06-01,2.25,12.58,12.0,0.24,2.59,2.0
BR12,ING18,2026-07-01,1.58,14.36,13.3,0.41,2.23,3.08
BR12,ING18,2026-08-01,2.88,16.69,15.0,0.6,3.97,4.0
BR12,ING18,2026-09-01,2.62,13.63,12.7,0.38,3.17,2.99
BR13,ING01,2026-04-01,7.78,81.54,77.48,2.71,9.13,3.5
BR13,ING01,2026-05-01,9.96,66.34,62.77,1.73,11.8,2.76
BR13,ING01,2026-06-01,12.54,63.41,56.6,1.64,17.71,2.9
BR13,ING01,2026-07-01,14.35,69.33,63.25,1.67,18.76,2.64
BR13,ING01,2026-08-01,13.71,91.62,83.47,3.17,18.69,3.8
BR13,ING01,2026-09-01,9.77,55.35,51.14,2.0,11.98,3.91
BR13,ING02,2026-04-01,2.14,16.75,14.64,0.58,3.67,3.96
BR13,ING02,2026-05-01,2.09,13.22,12.24,0.31,2.76,2.53
BR13,ING02,2026-06-01,1.67,15.33,13.56,0.44,3.0,3.24
BR13,ING02,2026-07-01,2.87,14.31,13.2,0.3,3.68,2.27
BR13,ING02,2026-08-01,4.06,18.56,18.12,0.79,3.71,4.36
BR13,ING02,2026-09-01,1.12,9.73,9.0,0.37,1.48,4.11
BR13,ING03,2026-04-01,16.55,92.96,79.4,3.79,26.32,4.77
BR13,ING03,2026-05-01,14.34,73.75,67.0,2.78,18.31,4.15
BR13,ING03,2026-06-01,9.51,68.28,63.6,2.27,11.92,3.57
BR13,ING03,2026-07-01,14.21,73.34,68.4,1.75,17.4,2.56
BR13,ING03,2026-08-01,9.59,92.75,88.2,3.5,10.64,3.97
BR13,ING03,2026-09-01,6.63,53.07,48.0,1.26,10.44,2.62
BR13,ING04,2026-04-01,4.82,23.21,21.15,0.76,6.12,3.59
BR13,ING04,2026-05-01,2.83,22.22,20.4,0.58,4.07,2.84
BR13,ING04,2026-06-01,3.4,19.37,17.85,0.58,4.34,3.25
BR13,ING04,2026-07-01,3.42,16.73,15.45,0.54,4.16,3.5
BR13,ING04,2026-08-01,4.29,19.85,19.05,0.63,4.46,3.31
BR13,ING04,2026-09-01,1.51,15.38,13.35,0.5,3.04,3.75
BR13,ING05,2026-04-01,2.18,19.62,17.6,0.56,3.64,3.18
BR13,ING05,2026-05-01,4.12,18.22,17.24,0.6,4.5,3.48
BR13,ING05,2026-06-01,2.97,16.99,15.28,0.5,4.18,3.27
BR13,ING05,2026-07-01,3.1,17.39,16.04,0.41,4.04,2.56
BR13,ING05,2026-08-01,4.81,21.81,20.1,0.72,5.8,3.58
BR13,ING05,2026-09-01,2.84,12.78,12.06,0.51,3.05,4.23
BR13,ING06,2026-04-01,0.2,1.57,1.4,0.04,0.33,2.86
BR13,ING06,2026-05-01,0.2,1.46,1.38,0.05,0.23,3.62
BR13,ING06,2026-06-01,0.29,1.29,1.19,0.05,0.34,4.2
BR13,ING06,2026-07-01,0.19,1.44,1.24,0.04,0.35,3.23
BR13,ING06,2026-08-01,0.28,1.32,1.26,0.03,0.31,2.38
BR13,ING06,2026-09-01,0.09,0.88,0.83,0.03,0.11,3.61
BR13,ING07,2026-04-01,2.14,16.07,14.55,0.34,3.32,2.34
BR13,ING07,2026-05-01,4.61,22.51,20.7,0.48,5.94,2.32
BR13,ING07,2026-06-01,2.68,19.87,18.9,0.53,3.12,2.8
BR13,ING07,2026-07-01,3.3,18.61,17.1,0.54,4.27,3.16
BR13,ING07,2026-08-01,2.18,23.3,21.6,0.51,3.37,2.36
BR13,ING07,2026-09-01,2.55,15.78,14.4,0.53,3.4,3.68
BR13,ING08,2026-04-01,0.54,2.59,2.44,0.11,0.58,4.51
BR13,ING08,2026-05-01,0.26,2.89,2.6,0.08,0.47,3.08
BR13,ING08,2026-06-01,0.58,2.83,2.6,0.12,0.69,4.62
BR13,ING08,2026-07-01,0.4,3.09,2.8,0.08,0.61,2.86
BR13,ING08,2026-08-01,0.28,2.86,2.6,0.09,0.45,3.46
BR13,ING08,2026-09-01,0.31,1.78,1.66,0.06,0.37,3.61
BR13,ING09,2026-04-01,4.44,39.93,36.7,1.26,6.41,3.43
BR13,ING09,2026-05-01,4.41,44.53,40.55,1.43,6.96,3.53
BR13,ING09,2026-06-01,9.98,44.97,42.66,1.45,10.84,3.4
BR13,ING09,2026-07-01,7.74,45.74,42.98,1.06,9.44,2.47
BR13,ING09,2026-08-01,9.6,46.46,45.11,1.2,9.75,2.66
BR13,ING09,2026-09-01,3.76,31.18,29.0,1.14,4.8,3.93
BR13,ING10,2026-04-01,0.22,1.37,1.2,0.02,0.37,1.67
BR13,ING10,2026-05-01,0.21,1.68,1.51,0.07,0.3,4.64
BR13,ING10,2026-06-01,0.37,1.88,1.72,0.06,0.47,3.49
BR13,ING10,2026-07-01,0.23,1.96,1.78,0.07,0.34,3.93
BR13,ING10,2026-08-01,0.22,1.81,1.71,0.06,0.26,3.51
BR13,ING10,2026-09-01,0.23,1.41,1.26,0.04,0.34,3.17
BR13,ING11,2026-04-01,7.29,32.38,30.5,1.21,7.96,3.97
BR13,ING11,2026-05-01,5.79,32.35,30.75,1.07,6.32,3.48
BR13,ING11,2026-06-01,8.03,36.3,32.5,1.17,10.66,3.6
BR13,ING11,2026-07-01,7.41,35.93,31.5,1.13,10.71,3.59
BR13,ING11,2026-08-01,4.12,35.17,33.75,1.01,4.53,2.99
BR13,ING11,2026-09-01,3.16,21.13,19.5,0.52,4.27,2.67
BR13,ING12,2026-04-01,4.79,20.82,19.65,0.59,5.37,3.0
BR13,ING12,2026-05-01,2.72,20.08,18.15,0.57,4.08,3.14
BR13,ING12,2026-06-01,2.11,13.83,13.35,0.39,2.2,2.92
BR13,ING12,2026-07-01,4.62,20.93,18.9,0.61,6.04,3.23
BR13,ING12,2026-08-01,2.32,22.93,22.35,0.77,2.13,3.45
BR13,ING12,2026-09-01,1.82,16.03,14.7,0.46,2.69,3.13
BR13,ING13,2026-04-01,3.01,23.65,22.6,0.83,3.23,3.67
BR13,ING13,2026-05-01,2.8,28.35,26.6,0.91,3.64,3.42
BR13,ING13,2026-06-01,3.19,31.58,28.6,0.79,5.38,2.76
BR13,ING13,2026-07-01,4.87,22.07,20.2,0.55,6.19,2.72
BR13,ING13,2026-08-01,6.1,32.75,30.0,0.91,7.94,3.03
BR13,ING13,2026-09-01,2.67,19.04,17.0,0.56,4.15,3.29
BR13,ING14,2026-04-01,0.51,3.96,3.39,0.11,0.97,3.24
BR13,ING14,2026-05-01,0.93,4.23,3.99,0.1,1.07,2.51
BR13,ING14,2026-06-01,0.9,4.82,4.29,0.13,1.3,3.03
BR13,ING14,2026-07-01,0.31,3.35,3.03,0.12,0.51,3.96
BR13,ING14,2026-08-01,0.46,4.49,4.5,0.13,0.32,2.89
BR13,ING14,2026-09-01,0.48,2.62,2.55,0.09,0.46,3.53
BR13,ING15,2026-04-01,3.32,20.08,20.6,0.74,2.06,3.59
BR13,ING15,2026-05-01,3.92,23.13,23.8,0.68,2.57,2.86
BR13,ING15,2026-06-01,3.56,23.33,21.8,0.52,4.57,2.39
BR13,ING15,2026-07-01,4.29,24.82,23.6,0.92,4.59,3.9
BR13,ING15,2026-08-01,4.17,30.49,28.6,1.13,4.93,3.95
BR13,ING15,2026-09-01,1.88,16.09,15.6,0.6,1.77,3.85
BR13,ING16,2026-04-01,0.92,8.26,7.84,0.28,1.06,3.57
BR13,ING16,2026-05-01,0.98,8.98,8.5,0.35,1.11,4.12
BR13,ING16,2026-06-01,1.72,8.88,8.35,0.27,1.98,3.23
BR13,ING16,2026-07-01,1.27,8.8,8.11,0.3,1.66,3.7
BR13,ING16,2026-08-01,2.23,10.94,9.94,0.29,2.94,2.92
BR13,ING16,2026-09-01,1.27,6.13,5.72,0.23,1.45,4.02
BR13,ING17,2026-04-01,1.27,11.58,10.62,0.34,1.88,3.2
BR13,ING17,2026-05-01,1.61,11.59,10.79,0.43,1.98,3.99
BR13,ING17,2026-06-01,1.46,11.23,10.09,0.25,2.35,2.48
BR13,ING17,2026-07-01,1.55,11.39,10.44,0.32,2.18,3.07
BR13,ING17,2026-08-01,1.62,12.78,11.74,0.48,2.18,4.09
BR13,ING17,2026-09-01,0.79,8.24,7.5,0.22,1.31,2.93
BR13,ING18,2026-04-01,2.22,12.58,11.7,0.45,2.65,3.85
BR13,ING18,2026-05-01,2.13,15.01,13.5,0.23,3.41,1.7
BR13,ING18,2026-06-01,2.73,13.33,12.5,0.53,3.03,4.24
BR13,ING18,2026-07-01,2.4,15.49,14.3,0.53,3.06,3.71
BR13,ING18,2026-08-01,1.82,14.05,13.2,0.32,2.35,2.42
BR13,ING18,2026-09-01,1.66,8.65,7.6,0.28,2.43,3.68
BR14,ING01,2026-04-01,19.01,98.21,88.65,2.57,26.0,2.9
BR14,ING01,2026-05-01,20.63,105.95,96.91,3.2,26.47,3.3
BR14,ING01,2026-06-01,12.78,85.11,79.65,2.51,15.73,3.15
BR14,ING01,2026-07-01,15.89,101.32,91.08,3.37,22.76,3.7
BR14,ING01,2026-08-01,16.1,113.77,104.43,3.06,22.38,2.93
BR14,ING01,2026-09-01,12.4,66.79,64.35,2.06,12.78,3.2
BR14,ING02,2026-04-01,2.88,14.64,13.8,0.42,3.3,3.04
BR14,ING02,2026-05-01,3.69,25.63,23.88,0.72,4.72,3.02
BR14,ING02,2026-06-01,2.15,22.38,19.56,0.5,4.47,2.56
BR14,ING02,2026-07-01,2.89,23.27,20.64,0.96,4.56,4.65
BR14,ING02,2026-08-01,2.27,23.66,21.36,0.55,4.02,2.57
BR14,ING02,2026-09-01,2.29,10.83,9.96,0.32,2.84,3.21
BR14,ING03,2026-04-01,12.76,85.26,81.4,2.93,13.69,3.6
BR14,ING03,2026-05-01,16.02,121.63,111.4,3.06,23.19,2.75
BR14,ING03,2026-06-01,19.36,90.48,87.6,2.26,19.98,2.58
BR14,ING03,2026-07-01,22.26,115.66,104.4,3.42,30.1,3.28
BR14,ING03,2026-08-01,14.76,112.39,100.2,2.85,24.1,2.84
BR14,ING03,2026-09-01,8.32,68.2,61.8,1.57,13.15,2.54
BR14,ING04,2026-04-01,5.92,24.85,23.85,0.58,6.34,2.43
BR14,ING04,2026-05-01,4.97,23.91,22.95,0.67,5.26,2.92
BR14,ING04,2026-06-01,3.82,26.66,24.3,1.01,5.17,4.16
BR14,ING04,2026-07-01,2.93,26.8,24.9,0.73,4.1,2.93
BR14,ING04,2026-08-01,5.69,30.52,27.3,0.91,8.0,3.33
BR14,ING04,2026-09-01,3.21,18.03,16.95,0.46,3.83,2.71
BR14,ING05,2026-04-01,3.04,21.6,20.54,0.45,3.65,2.19
BR14,ING05,2026-05-01,2.94,29.15,26.29,0.91,4.89,3.46
BR14,ING05,2026-06-01,3.33,23.01,21.13,0.55,4.66,2.6
BR14,ING05,2026-07-01,4.51,24.29,23.14,0.79,4.87,3.41
BR14,ING05,2026-08-01,4.39,27.37,24.8,0.72,6.24,2.9
BR14,ING05,2026-09-01,2.26,18.48,16.83,0.59,3.32,3.51
BR14,ING06,2026-04-01,0.19,1.47,1.35,0.04,0.27,2.96
BR14,ING06,2026-05-01,0.33,1.85,1.72,0.05,0.41,2.91
BR14,ING06,2026-06-01,0.34,2.09,1.93,0.05,0.45,2.59
BR14,ING06,2026-07-01,0.2,1.74,1.64,0.05,0.25,3.05
BR14,ING06,2026-08-01,0.28,2.1,1.96,0.06,0.36,3.06
BR14,ING06,2026-09-01,0.31,1.41,1.33,0.05,0.34,3.76
BR14,ING07,2026-04-01,3.75,26.35,25.35,1.02,3.73,4.02
BR14,ING07,2026-05-01,3.88,31.83,29.4,1.02,5.29,3.47
BR14,ING07,2026-06-01,3.73,29.2,26.25,0.99,5.69,3.77
BR14,ING07,2026-07-01,3.89,29.7,27.45,1.01,5.13,3.68
BR14,ING07,2026-08-01,2.99,27.4,24.9,0.68,4.81,2.73
BR14,ING07,2026-09-01,2.59,16.74,16.2,0.52,2.61,3.21
BR14,ING08,2026-04-01,0.58,3.77,3.36,0.11,0.88,3.27
BR14,ING08,2026-05-01,0.4,4.28,3.94,0.11,0.63,2.79
BR14,ING08,2026-06-01,0.64,3.07,3.04,0.1,0.57,3.29
BR14,ING08,2026-07-01,0.45,4.07,3.78,0.13,0.61,3.44
BR14,ING08,2026-08-01,0.38,3.74,3.52,0.08,0.52,2.27
BR14,ING08,2026-09-01,0.25,2.25,2.02,0.05,0.43,2.48
BR14,ING09,2026-04-01,9.98,51.43,50.61,0.87,9.93,1.72
BR14,ING09,2026-05-01,11.14,70.64,64.35,2.15,15.28,3.34
BR14,ING09,2026-06-01,14.54,67.42,61.87,1.82,18.27,2.94
BR14,ING09,2026-07-01,11.57,58.47,56.8,2.08,11.16,3.66
BR14,ING09,2026-08-01,14.21,65.61,60.93,1.61,17.28,2.64
BR14,ING09,2026-09-01,7.94,42.87,39.21,1.01,10.59,2.58
BR14,ING10,2026-04-01,0.27,1.93,1.83,0.07,0.3,3.83
BR14,ING10,2026-05-01,0.66,3.02,2.82,0.12,0.74,4.26
BR14,ING10,2026-06-01,0.5,3.0,2.8,0.05,0.65,1.79
BR14,ING10,2026-07-01,0.31,2.28,2.13,0.06,0.4,2.82
BR14,ING10,2026-08-01,0.38,2.62,2.55,0.08,0.37,3.14
BR14,ING10,2026-09-01,0.17,1.79,1.67,0.06,0.23,3.59
BR14,ING11,2026-04-01,5.81,45.07,40.25,0.91,9.72,2.26
BR14,ING11,2026-05-01,7.08,46.64,43.25,1.33,9.14,3.08
BR14,ING11,2026-06-01,4.9,46.61,44.75,1.58,5.18,3.53
BR14,ING11,2026-07-01,7.33,53.92,49.5,1.97,9.78,3.98
BR14,ING11,2026-08-01,11.24,50.85,46.25,1.28,14.56,2.77
BR14,ING11,2026-09-01,5.47,32.88,29.75,0.83,7.77,2.79
BR14,ING12,2026-04-01,2.86,22.38,20.1,0.63,4.51,3.13
BR14,ING12,2026-05-01,5.02,35.16,32.1,1.47,6.61,4.58
BR14,ING12,2026-06-01,4.53,27.64,25.65,0.96,5.56,3.74
BR14,ING12,2026-07-01,4.18,25.33,23.55,0.92,5.04,3.91
BR14,ING12,2026-08-01,5.34,31.34,29.25,0.97,6.46,3.32
BR14,ING12,2026-09-01,3.1,19.68,17.85,0.6,4.33,3.36
BR14,ING13,2026-04-01,5.99,37.71,34.8,0.77,8.13,2.21
BR14,ING13,2026-05-01,4.14,42.54,39.2,1.31,6.17,3.34
BR14,ING13,2026-06-01,3.37,32.36,31.2,0.69,3.84,2.21
BR14,ING13,2026-07-01,8.8,37.43,35.2,0.82,10.21,2.33
BR14,ING13,2026-08-01,5.01,39.8,36.0,0.84,7.97,2.33
BR14,ING13,2026-09-01,5.94,26.54,25.2,0.54,6.74,2.14
BR14,ING14,2026-04-01,0.8,5.7,5.22,0.18,1.1,3.45
BR14,ING14,2026-05-01,0.93,6.66,5.88,0.26,1.45,4.42
BR14,ING14,2026-06-01,0.95,5.14,4.68,0.18,1.23,3.85
BR14,ING14,2026-07-01,0.94,5.54,5.28,0.13,1.07,2.46
BR14,ING14,2026-08-01,1.3,5.97,5.4,0.14,1.73,2.59
BR14,ING14,2026-09-01,0.45,4.11,3.78,0.1,0.68,2.65
BR14,ING15,2026-04-01,3.77,29.2,26.8,1.14,5.03,4.25
BR14,ING15,2026-05-01,8.72,41.75,38.2,0.91,11.36,2.38
BR14,ING15,2026-06-01,5.22,29.88,27.6,0.91,6.59,3.3
BR14,ING15,2026-07-01,5.16,33.19,30.6,1.22,6.53,3.99
BR14,ING15,2026-08-01,3.79,37.28,35.0,1.09,4.98,3.11
BR14,ING15,2026-09-01,3.29,28.47,26.4,0.87,4.49,3.3
BR14,ING16,2026-04-01,1.64,10.8,9.95,0.29,2.2,2.91
BR14,ING16,2026-05-01,2.17,13.23,11.82,0.31,3.27,2.62
BR14,ING16,2026-06-01,1.51,13.92,13.07,0.4,1.96,3.06
BR14,ING16,2026-07-01,2.26,11.11,10.39,0.35,2.63,3.37
BR14,ING16,2026-08-01,2.36,14.49,13.01,0.46,3.38,3.54
BR14,ING16,2026-09-01,1.66,10.04,8.97,0.27,2.46,3.01
BR14,ING17,2026-04-01,1.6,14.44,13.38,0.43,2.22,3.21
BR14,ING17,2026-05-01,2.76,15.95,15.6,0.47,2.64,3.01
BR14,ING17,2026-06-01,3.13,14.56,14.04,0.63,3.02,4.49
BR14,ING17,2026-07-01,3.22,15.75,14.75,0.32,3.9,2.17
BR14,ING17,2026-08-01,2.79,16.76,15.76,0.44,3.35,2.79
BR14,ING17,2026-09-01,1.53,10.6,9.69,0.37,2.07,3.82
BR14,ING18,2026-04-01,2.13,15.71,15.0,0.44,2.4,2.93
BR14,ING18,2026-05-01,2.0,19.04,17.1,0.54,3.4,3.16
BR14,ING18,2026-06-01,2.51,18.29,17.6,0.42,2.78,2.39
BR14,ING18,2026-07-01,2.25,19.75,17.7,0.46,3.84,2.6
BR14,ING18,2026-08-01,3.97,22.65,22.3,0.9,3.42,4.04
BR14,ING18,2026-09-01,1.46,15.39,14.1,0.56,2.19,3.97
BR15,ING01,2026-04-01,12.89,100.79,91.48,2.52,19.68,2.75
BR15,ING01,2026-05-01,9.67,89.95,81.8,2.55,15.27,3.12
BR15,ING01,2026-06-01,13.94,67.24,64.83,2.09,14.26,3.22
BR15,ING01,2026-07-01,9.18,96.51,90.82,2.64,12.23,2.91
BR15,ING01,2026-08-01,9.17,96.1,89.07,3.05,13.15,3.42
BR15,ING01,2026-09-01,9.6,57.74,54.3,1.2,11.84,2.21
BR15,ING02,2026-04-01,2.78,14.76,13.92,0.49,3.13,3.52
BR15,ING02,2026-05-01,3.15,19.65,18.12,0.33,4.35,1.82
BR15,ING02,2026-06-01,3.18,20.85,19.32,0.54,4.17,2.8
BR15,ING02,2026-07-01,3.23,20.32,18.6,0.57,4.38,3.06
BR15,ING02,2026-08-01,3.53,17.51,16.32,0.51,4.21,3.12
BR15,ING02,2026-09-01,1.69,14.71,13.56,0.54,2.3,3.98
BR15,ING03,2026-04-01,10.44,86.32,80.2,3.01,13.55,3.75
BR15,ING03,2026-05-01,17.44,97.92,93.8,2.4,19.16,2.56
BR15,ING03,2026-06-01,13.79,83.23,80.8,1.72,14.5,2.13
BR15,ING03,2026-07-01,17.36,102.94,96.4,2.74,21.16,2.84
BR15,ING03,2026-08-01,20.63,104.5,94.2,3.63,27.3,3.85
BR15,ING03,2026-09-01,13.19,66.06,61.2,1.45,16.6,2.37
BR15,ING04,2026-04-01,2.74,20.76,19.65,0.6,3.25,3.05
BR15,ING04,2026-05-01,4.69,28.58,25.5,0.7,7.07,2.75
BR15,ING04,2026-06-01,3.34,18.52,17.4,0.45,4.01,2.59
BR15,ING04,2026-07-01,6.06,29.44,26.25,0.95,8.3,3.62
BR15,ING04,2026-08-01,4.33,23.48,22.2,0.67,4.94,3.02
BR15,ING04,2026-09-01,2.06,13.98,13.05,0.49,2.5,3.75
BR15,ING05,2026-04-01,2.79,20.07,18.86,0.6,3.4,3.18
BR15,ING05,2026-05-01,5.03,23.6,21.8,0.66,6.17,3.03
BR15,ING05,2026-06-01,4.31,18.3,17.3,0.55,4.76,3.18
BR15,ING05,2026-07-01,3.7,21.8,20.71,0.57,4.22,2.75
BR15,ING05,2026-08-01,3.42,25.34,22.74,0.82,5.2,3.61
BR15,ING05,2026-09-01,2.88,14.16,12.54,0.47,4.03,3.75
BR15,ING06,2026-04-01,0.18,1.45,1.32,0.05,0.26,3.79
BR15,ING06,2026-05-01,0.35,1.55,1.51,0.04,0.35,2.65
BR15,ING06,2026-06-01,0.14,1.22,1.14,0.03,0.19,2.63
BR15,ING06,2026-07-01,0.17,1.46,1.28,0.04,0.31,3.12
BR15,ING06,2026-08-01,0.24,1.37,1.29,0.02,0.3,1.55
BR15,ING06,2026-09-01,0.23,1.04,0.95,0.04,0.28,4.21
BR15,ING07,2026-04-01,3.11,22.35,20.55,0.72,4.19,3.5
BR15,ING07,2026-05-01,2.38,21.26,20.85,0.6,2.19,2.88
BR15,ING07,2026-06-01,3.3,22.78,21.3,0.65,4.13,3.05
BR15,ING07,2026-07-01,2.19,19.06,17.85,0.52,2.88,2.91
BR15,ING07,2026-08-01,5.41,25.96,24.45,0.79,6.13,3.23
BR15,ING07,2026-09-01,1.91,14.92,13.8,0.23,2.8,1.67
BR15,ING08,2026-04-01,0.64,3.11,2.88,0.11,0.76,3.82
BR15,ING08,2026-05-01,0.67,3.05,2.76,0.07,0.89,2.54
BR15,ING08,2026-06-01,0.52,2.51,2.32,0.06,0.65,2.59
BR15,ING08,2026-07-01,0.45,2.89,2.56,0.06,0.72,2.34
BR15,ING08,2026-08-01,0.39,3.34,3.1,0.09,0.54,2.9
BR15,ING08,2026-09-01,0.49,2.21,2.14,0.08,0.48,3.74
BR15,ING09,2026-04-01,7.65,61.0,54.18,1.63,12.84,3.01
BR15,ING09,2026-05-01,12.21,58.86,54.08,0.96,16.03,1.78
BR15,ING09,2026-06-01,6.22,49.24,44.48,1.17,9.81,2.63
BR15,ING09,2026-07-01,6.85,52.68,51.07,1.52,6.94,2.98
BR15,ING09,2026-08-01,7.75,55.19,53.28,1.8,7.86,3.38
BR15,ING09,2026-09-01,7.26,35.89,33.6,1.18,8.37,3.51
BR15,ING10,2026-04-01,0.4,2.59,2.35,0.08,0.55,3.4
BR15,ING10,2026-05-01,0.38,2.6,2.43,0.09,0.46,3.7
BR15,ING10,2026-06-01,0.26,2.32,2.13,0.06,0.39,2.82
BR15,ING10,2026-07-01,0.43,2.34,2.25,0.08,0.44,3.56
BR15,ING10,2026-08-01,0.23,2.4,2.23,0.07,0.32,3.14
BR15,ING10,2026-09-01,0.17,1.42,1.36,0.05,0.17,3.68
BR15,ING11,2026-04-01,5.35,45.05,41.5,1.08,7.82,2.6
BR15,ING11,2026-05-01,8.09,44.01,41.0,1.68,9.42,4.1
BR15,ING11,2026-06-01,3.87,35.97,32.0,1.47,6.37,4.59
BR15,ING11,2026-07-01,7.2,45.25,41.75,1.39,9.31,3.33
BR15,ING11,2026-08-01,4.93,39.5,35.5,1.08,7.85,3.04
BR15,ING11,2026-09-01,4.27,24.89,23.5,0.94,4.72,4.0
BR15,ING12,2026-04-01,2.03,19.46,18.3,0.46,2.73,2.51
BR15,ING12,2026-05-01,4.27,23.9,22.5,0.88,4.79,3.91
BR15,ING12,2026-06-01,3.3,19.07,17.25,0.54,4.58,3.13
BR15,ING12,2026-07-01,3.37,21.02,19.95,0.55,3.89,2.76
BR15,ING12,2026-08-01,5.44,25.87,23.55,0.72,7.04,3.06
BR15,ING12,2026-09-01,1.66,15.45,14.55,0.4,2.16,2.75
BR15,ING13,2026-04-01,6.67,29.53,26.8,0.84,8.56,3.13
BR15,ING13,2026-05-01,4.9,38.42,35.2,1.25,6.87,3.55
BR15,ING13,2026-06-01,4.5,30.15,26.8,0.7,7.15,2.61
BR15,ING13,2026-07-01,3.3,25.92,23.6,0.62,5.0,2.63
BR15,ING13,2026-08-01,5.12,36.55,34.2,1.46,6.01,4.27
BR15,ING13,2026-09-01,3.26,16.99,16.0,0.45,3.8,2.81
BR15,ING14,2026-04-01,0.41,4.38,4.02,0.13,0.64,3.23
BR15,ING14,2026-05-01,0.8,5.72,5.28,0.2,1.04,3.79
BR15,ING14,2026-06-01,0.62,4.44,4.02,0.12,0.92,2.99
BR15,ING14,2026-07-01,0.6,3.82,3.54,0.11,0.77,3.11
BR15,ING14,2026-08-01,0.66,5.7,5.13,0.15,1.08,2.92
BR15,ING14,2026-09-01,0.42,2.58,2.4,0.09,0.51,3.75
BR15,ING15,2026-04-01,4.86,29.85,28.0,0.79,5.92,2.82
BR15,ING15,2026-05-01,5.22,29.71,26.8,1.06,7.07,3.96
BR15,ING15,2026-06-01,3.14,28.41,26.6,0.67,4.28,2.52
BR15,ING15,2026-07-01,3.58,30.58,28.8,0.71,4.65,2.47
BR15,ING15,2026-08-01,4.92,36.07,33.0,1.22,6.77,3.7
BR15,ING15,2026-09-01,2.36,17.76,16.2,0.5,3.42,3.09
BR15,ING16,2026-04-01,1.44,12.33,10.84,0.23,2.7,2.12
BR15,ING16,2026-05-01,2.51,11.83,10.84,0.34,3.16,3.14
BR15,ING16,2026-06-01,1.95,8.91,8.34,0.22,2.3,2.64
BR15,ING16,2026-07-01,1.74,11.15,10.37,0.42,2.1,4.05
BR15,ING16,2026-08-01,1.45,11.98,10.72,0.45,2.26,4.2
BR15,ING16,2026-09-01,1.27,7.17,6.63,0.18,1.63,2.71
BR15,ING17,2026-04-01,2.33,14.14,12.75,0.49,3.23,3.84
BR15,ING17,2026-05-01,1.81,13.1,12.23,0.38,2.3,3.11
BR15,ING17,2026-06-01,1.35,10.76,10.31,0.33,1.47,3.2
BR15,ING17,2026-07-01,2.2,13.07,11.63,0.28,3.35,2.41
BR15,ING17,2026-08-01,1.75,13.26,12.47,0.49,2.04,3.93
BR15,ING17,2026-09-01,1.99,8.74,8.19,0.2,2.34,2.44
BR15,ING18,2026-04-01,1.94,16.0,14.7,0.39,2.85,2.65
BR15,ING18,2026-05-01,1.85,15.62,14.7,0.46,2.31,3.13
BR15,ING18,2026-06-01,2.65,13.38,12.2,0.34,3.49,2.79
BR15,ING18,2026-07-01,2.48,16.03,14.6,0.46,3.45,3.15
BR15,ING18,2026-08-01,1.73,14.34,13.6,0.33,2.14,2.43
BR15,ING18,2026-09-01,1.31,11.36,10.4,0.4,1.87,3.85
BR16,ING01,2026-04-01,15.86,86.44,78.95,2.1,21.25,2.66
BR16,ING01,2026-05-01,10.7,103.83,96.21,3.73,14.59,3.88
BR16,ING01,2026-06-01,10.3,80.58,74.93,2.88,13.07,3.84
BR16,ING01,2026-07-01,18.16,103.31,95.45,2.59,23.43,2.71
BR16,ING01,2026-08-01,18.46,109.35,98.89,3.2,25.72,3.24
BR16,ING01,2026-09-01,9.95,67.46,59.99,2.56,14.86,4.27
BR16,ING02,2026-04-01,2.65,21.98,20.04,0.81,3.78,4.04
BR16,ING02,2026-05-01,2.62,22.45,20.64,0.49,3.94,2.37
BR16,ING02,2026-06-01,2.69,19.38,17.28,0.77,4.02,4.46
BR16,ING02,2026-07-01,1.93,18.15,16.8,0.78,2.5,4.64
BR16,ING02,2026-08-01,2.67,21.02,20.28,0.66,2.75,3.25
BR16,ING02,2026-09-01,1.77,10.25,9.36,0.35,2.31,3.74
BR16,ING03,2026-04-01,13.6,96.11,90.2,2.55,16.96,2.83
BR16,ING03,2026-05-01,22.83,111.92,108.4,3.88,22.47,3.58
BR16,ING03,2026-06-01,19.02,90.6,83.0,3.57,23.05,4.3
BR16,ING03,2026-07-01,15.73,93.59,90.2,1.99,17.13,2.21
BR16,ING03,2026-08-01,20.0,111.02,98.6,3.04,29.38,3.08
BR16,ING03,2026-09-01,13.8,61.87,56.0,1.64,18.03,2.93
BR16,ING04,2026-04-01,4.88,22.52,20.25,0.75,6.4,3.7
BR16,ING04,2026-05-01,3.08,28.79,28.05,0.73,3.09,2.6
BR16,ING04,2026-06-01,2.87,22.32,20.4,0.73,4.06,3.58
BR16,ING04,2026-07-01,4.0,23.49,21.9,0.78,4.81,3.56
BR16,ING04,2026-08-01,4.74,26.97,25.35,0.95,5.41,3.75
BR16,ING04,2026-09-01,3.78,18.5,17.85,0.49,3.94,2.75
BR16,ING05,2026-04-01,4.6,23.03,20.6,0.61,6.42,2.96
BR16,ING05,2026-05-01,4.07,25.9,24.13,0.64,5.2,2.65
BR16,ING05,2026-06-01,3.53,19.55,17.6,0.39,5.09,2.22
BR16,ING05,2026-07-01,4.32,24.42,23.21,0.84,4.69,3.62
BR16,ING05,2026-08-01,4.69,23.9,22.54,0.82,5.23,3.64
BR16,ING05,2026-09-01,2.37,17.49,15.69,0.53,3.64,3.38
BR16,ING06,2026-04-01,0.39,1.85,1.62,0.05,0.57,3.09
BR16,ING06,2026-05-01,0.25,1.85,1.76,0.06,0.28,3.41
BR16,ING06,2026-06-01,0.18,1.59,1.48,0.04,0.25,2.7
BR16,ING06,2026-07-01,0.2,1.33,1.29,0.04,0.2,3.1
BR16,ING06,2026-08-01,0.35,1.61,1.48,0.04,0.44,2.7
BR16,ING06,2026-09-01,0.22,1.02,0.92,0.03,0.29,3.26
BR16,ING07,2026-04-01,4.23,21.31,20.7,0.65,4.19,3.14
BR16,ING07,2026-05-01,4.03,25.67,23.25,0.49,5.96,2.11
BR16,ING07,2026-06-01,5.19,25.04,24.0,0.71,5.52,2.96
BR16,ING07,2026-07-01,6.02,30.37,27.75,0.93,7.71,3.35
BR16,ING07,2026-08-01,2.94,31.49,29.1,0.93,4.4,3.2
BR16,ING07,2026-09-01,2.05,16.63,15.3,0.5,2.88,3.27
BR16,ING08,2026-04-01,0.56,3.02,2.84,0.09,0.65,3.17
BR16,ING08,2026-05-01,0.66,3.78,3.44,0.11,0.89,3.2
BR16,ING08,2026-06-01,0.39,3.29,3.1,0.1,0.48,3.23
BR16,ING08,2026-07-01,0.31,2.98,2.66,0.08,0.55,3.01
BR16,ING08,2026-08-01,0.57,3.55,3.24,0.11,0.77,3.4
BR16,ING08,2026-09-01,0.48,2.28,2.22,0.11,0.43,4.95
BR16,ING09,2026-04-01,6.08,60.73,55.73,1.99,9.09,3.57
BR16,ING09,2026-05-01,7.4,60.3,56.94,1.78,8.98,3.13
BR16,ING09,2026-06-01,6.9,53.78,52.18,1.63,6.87,3.12
BR16,ING09,2026-07-01,11.99,59.1,54.11,1.66,15.32,3.07
BR16,ING09,2026-08-01,14.11,60.59,58.32,1.7,14.68,2.91
BR16,ING09,2026-09-01,4.0,36.62,33.63,1.18,5.81,3.51
BR16,ING10,2026-04-01,0.24,2.58,2.38,0.09,0.35,3.78
BR16,ING10,2026-05-01,0.28,2.69,2.44,0.12,0.4,4.92
BR16,ING10,2026-06-01,0.42,2.17,2.04,0.07,0.48,3.43
BR16,ING10,2026-07-01,0.29,2.82,2.58,0.09,0.44,3.49
BR16,ING10,2026-08-01,0.25,2.51,2.38,0.08,0.3,3.36
BR16,ING10,2026-09-01,0.22,1.25,1.2,0.03,0.24,2.5
BR16,ING11,2026-04-01,4.16,38.81,36.25,0.92,5.8,2.54
BR16,ING11,2026-05-01,8.35,43.92,40.5,1.73,10.04,4.27
BR16,ING11,2026-06-01,9.08,41.81,39.0,1.17,10.72,3.0
BR16,ING11,2026-07-01,8.89,39.53,37.25,1.57,9.6,4.21
BR16,ING11,2026-08-01,10.5,54.16,48.0,1.71,14.95,3.56
BR16,ING11,2026-09-01,3.21,26.1,24.25,0.64,4.42,2.64
BR16,ING12,2026-04-01,4.41,25.3,23.85,0.8,5.06,3.35
BR16,ING12,2026-05-01,3.2,26.85,25.8,0.44,3.81,1.71
BR16,ING12,2026-06-01,1.93,17.14,16.05,0.72,2.3,4.49
BR16,ING12,2026-07-01,5.61,30.42,27.6,1.33,7.1,4.82
BR16,ING12,2026-08-01,3.88,25.4,22.8,0.43,6.05,1.89
BR16,ING12,2026-09-01,3.63,18.87,16.65,0.74,5.11,4.44
BR16,ING13,2026-04-01,6.42,33.01,30.4,1.13,7.9,3.72
BR16,ING13,2026-05-01,6.24,38.44,36.0,0.96,7.72,2.67
BR16,ING13,2026-06-01,5.9,29.01,27.4,1.16,6.35,4.23
BR16,ING13,2026-07-01,4.04,28.89,27.6,1.02,4.31,3.7
BR16,ING13,2026-08-01,4.64,36.23,34.4,1.01,5.46,2.94
BR16,ING13,2026-09-01,3.92,26.48,24.0,0.92,5.48,3.83
BR16,ING14,2026-04-01,0.95,4.88,4.56,0.1,1.17,2.19
BR16,ING14,2026-05-01,0.68,5.97,5.4,0.12,1.13,2.22
BR16,ING14,2026-06-01,0.61,4.46,4.11,0.16,0.8,3.89
BR16,ING14,2026-07-01,0.81,4.5,4.14,0.1,1.07,2.42
BR16,ING14,2026-08-01,0.92,5.57,5.16,0.18,1.15,3.49
BR16,ING14,2026-09-01,0.6,4.01,3.6,0.1,0.91,2.78
BR16,ING15,2026-04-01,4.88,32.75,29.4,1.35,6.88,4.59
BR16,ING15,2026-05-01,4.22,31.33,28.2,0.81,6.54,2.87
BR16,ING15,2026-06-01,2.45,25.69,23.4,0.73,4.01,3.12
BR16,ING15,2026-07-01,6.76,45.01,38.6,1.02,12.15,2.64
BR16,ING15,2026-08-01,4.97,33.51,31.2,0.78,6.5,2.5
BR16,ING15,2026-09-01,3.03,26.62,23.6,0.75,5.3,3.18
BR16,ING16,2026-04-01,2.67,13.77,12.5,0.49,3.45,3.92
BR16,ING16,2026-05-01,2.38,12.1,11.13,0.41,2.94,3.68
BR16,ING16,2026-06-01,1.53,11.02,10.25,0.26,2.04,2.54
BR16,ING16,2026-07-01,1.82,12.83,11.83,0.45,2.37,3.8
BR16,ING16,2026-08-01,1.25,12.83,11.74,0.38,1.96,3.24
BR16,ING16,2026-09-01,0.74,7.89,6.95,0.18,1.5,2.59
BR16,ING17,2026-04-01,2.11,13.16,12.48,0.4,2.39,3.21
BR16,ING17,2026-05-01,2.69,15.04,14.04,0.41,3.28,2.92
BR16,ING17,2026-06-01,2.53,13.22,12.6,0.3,2.85,2.38
BR16,ING17,2026-07-01,1.32,14.34,12.99,0.33,2.34,2.54
BR16,ING17,2026-08-01,1.8,15.33,14.67,0.33,2.13,2.25
BR16,ING17,2026-09-01,1.34,9.27,8.65,0.3,1.66,3.47
BR16,ING18,2026-04-01,3.08,16.18,15.0,0.47,3.79,3.13
BR16,ING18,2026-05-01,3.0,19.57,17.9,0.46,4.21,2.57
BR16,ING18,2026-06-01,1.62,13.13,12.0,0.37,2.38,3.08
BR16,ING18,2026-07-01,3.62,21.39,19.4,0.62,4.99,3.2
BR16,ING18,2026-08-01,2.99,18.33,16.7,0.45,4.17,2.69
BR16,ING18,2026-09-01,1.09,10.18,9.5,0.45,1.32,4.74
BR17,ING01,2026-04-01,9.3,87.41,81.92,1.65,13.14,2.01
BR17,ING01,2026-05-01,11.94,117.18,103.29,2.43,23.4,2.35
BR17,ING01,2026-06-01,14.07,98.97,92.01,2.39,18.64,2.6
BR17,ING01,2026-07-01,20.53,111.61,101.89,2.37,27.88,2.33
BR17,ING01,2026-08-01,25.53,121.09,116.2,2.55,27.87,2.19
BR17,ING01,2026-09-01,15.67,72.49,69.21,2.03,16.92,2.93
BR17,ING02,2026-04-01,3.57,19.6,18.24,0.33,4.6,1.81
BR17,ING02,2026-05-01,5.25,21.91,21.0,0.44,5.72,2.1
BR17,ING02,2026-06-01,3.37,22.28,21.0,0.46,4.19,2.19
BR17,ING02,2026-07-01,2.45,26.07,23.52,0.56,4.44,2.38
BR17,ING02,2026-08-01,5.43,28.22,26.4,0.71,6.54,2.69
BR17,ING02,2026-09-01,3.0,13.7,12.24,0.07,4.39,0.57
BR17,ING03,2026-04-01,10.19,89.17,84.2,1.95,13.21,2.32
BR17,ING03,2026-05-01,14.06,121.12,107.4,2.26,25.52,2.1
BR17,ING03,2026-06-01,24.03,114.99,108.4,1.73,28.89,1.6
BR17,ING03,2026-07-01,15.9,115.45,109.8,2.53,19.02,2.3
BR17,ING03,2026-08-01,13.78,139.73,130.6,3.54,19.37,2.71
BR17,ING03,2026-09-01,10.29,75.44,71.8,1.36,12.57,1.89
BR17,ING04,2026-04-01,4.68,24.68,23.25,0.81,5.3,3.48
BR17,ING04,2026-05-01,2.98,26.12,24.75,0.48,3.87,1.94
BR17,ING04,2026-06-01,3.35,27.93,26.4,0.75,4.13,2.84
BR17,ING04,2026-07-01,3.3,31.58,27.9,0.57,6.41,2.04
BR17,ING04,2026-08-01,6.11,30.64,28.95,0.49,7.31,1.69
BR17,ING04,2026-09-01,2.36,17.32,15.9,0.28,3.5,1.76
BR17,ING05,2026-04-01,2.34,23.48,21.17,0.55,4.1,2.6
BR17,ING05,2026-05-01,5.6,27.33,24.77,0.6,7.56,2.42
BR17,ING05,2026-06-01,3.58,23.77,22.33,0.67,4.35,3.0
BR17,ING05,2026-07-01,5.65,26.38,24.79,0.62,6.62,2.5
BR17,ING05,2026-08-01,5.3,30.1,28.16,0.89,6.35,3.16
BR17,ING05,2026-09-01,1.86,17.72,17.1,0.37,2.11,2.16
BR17,ING06,2026-04-01,0.27,1.75,1.63,0.04,0.35,2.45
BR17,ING06,2026-05-01,0.3,2.11,1.95,0.03,0.43,1.54
BR17,ING06,2026-06-01,0.27,1.99,1.76,0.05,0.45,2.84
BR17,ING06,2026-07-01,0.24,1.83,1.68,0.05,0.34,2.98
BR17,ING06,2026-08-01,0.38,2.52,2.27,0.04,0.59,1.76
BR17,ING06,2026-09-01,0.2,1.25,1.15,0.03,0.27,2.61
BR17,ING07,2026-04-01,4.39,26.4,23.85,0.56,6.38,2.35
BR17,ING07,2026-05-01,3.75,32.57,29.85,0.77,5.7,2.58
BR17,ING07,2026-06-01,5.47,25.58,23.85,0.53,6.67,2.22
BR17,ING07,2026-07-01,4.5,29.87,27.3,0.42,6.65,1.54
BR17,ING07,2026-08-01,4.74,27.32,25.2,0.5,6.36,1.98
BR17,ING07,2026-09-01,5.22,22.77,21.3,0.44,6.25,2.07
BR17,ING08,2026-04-01,0.56,3.05,2.84,0.08,0.69,2.82
BR17,ING08,2026-05-01,0.44,3.77,3.62,0.07,0.52,1.93
BR17,ING08,2026-06-01,0.36,3.13,2.86,0.03,0.6,1.05
BR17,ING08,2026-07-01,0.48,3.98,3.82,0.09,0.55,2.36
BR17,ING08,2026-08-01,0.77,4.44,3.92,0.07,1.22,1.79
BR17,ING08,2026-09-01,0.43,2.09,1.94,0.04,0.54,2.06
BR17,ING09,2026-04-01,8.0,55.74,50.85,1.11,11.78,2.18
BR17,ING09,2026-05-01,12.79,68.1,63.26,0.88,16.75,1.39
BR17,ING09,2026-06-01,8.82,57.62,51.79,1.38,13.27,2.66
BR17,ING09,2026-07-01,13.47,64.34,60.87,1.63,15.31,2.68
BR17,ING09,2026-08-01,11.32,68.41,65.9,1.27,12.56,1.93
BR17,ING09,2026-09-01,4.78,41.32,38.74,0.76,6.6,1.96
BR17,ING10,2026-04-01,0.26,2.25,2.15,0.03,0.33,1.4
BR17,ING10,2026-05-01,0.41,2.72,2.64,0.05,0.44,1.89
BR17,ING10,2026-06-01,0.5,2.73,2.48,0.07,0.68,2.82
BR17,ING10,2026-07-01,0.37,2.64,2.52,0.05,0.44,1.98
BR17,ING10,2026-08-01,0.6,3.17,2.9,0.04,0.84,1.38
BR17,ING10,2026-09-01,0.34,2.22,2.01,0.04,0.51,1.99
BR17,ING11,2026-04-01,6.17,37.3,36.25,0.81,6.41,2.23
BR17,ING11,2026-05-01,8.16,48.21,45.0,0.42,10.95,0.93
BR17,ING11,2026-06-01,8.69,41.1,37.25,0.83,11.71,2.23
BR17,ING11,2026-07-01,7.71,43.32,41.25,1.25,8.53,3.03
BR17,ING11,2026-08-01,4.88,46.78,42.5,0.86,8.3,2.02
BR17,ING11,2026-09-01,4.67,37.23,34.0,0.63,7.27,1.85
BR17,ING12,2026-04-01,4.98,27.96,25.05,0.62,7.27,2.48
BR17,ING12,2026-05-01,5.07,28.03,24.9,0.57,7.63,2.29
BR17,ING12,2026-06-01,4.15,19.09,18.15,0.39,4.7,2.15
BR17,ING12,2026-07-01,4.37,28.57,26.55,0.7,5.69,2.64
BR17,ING12,2026-08-01,3.51,34.91,30.75,0.61,7.06,1.98
BR17,ING12,2026-09-01,4.53,20.18,18.9,0.38,5.43,2.01
BR17,ING13,2026-04-01,3.82,33.26,31.2,0.58,5.3,1.86
BR17,ING13,2026-05-01,4.98,39.2,37.0,0.79,6.39,2.14
BR17,ING13,2026-06-01,8.01,34.47,32.8,0.76,8.92,2.32
BR17,ING13,2026-07-01,4.74,33.65,31.2,0.84,6.35,2.69
BR17,ING13,2026-08-01,5.11,40.11,40.0,0.94,4.28,2.35
BR17,ING13,2026-09-01,4.66,20.85,19.8,0.65,5.06,3.28
BR17,ING14,2026-04-01,0.62,4.96,4.68,0.11,0.79,2.35
BR17,ING14,2026-05-01,1.07,5.95,5.55,0.1,1.37,1.8
BR17,ING14,2026-06-01,0.73,5.34,4.92,0.12,1.03,2.44
BR17,ING14,2026-07-01,1.09,5.1,4.68,0.09,1.42,1.92
BR17,ING14,2026-08-01,0.78,6.54,6.0,0.14,1.18,2.33
BR17,ING14,2026-09-01,0.58,3.16,2.97,0.06,0.71,2.02
BR17,ING15,2026-04-01,3.64,32.82,30.4,1.09,4.97,3.59
BR17,ING15,2026-05-01,7.92,40.75,37.0,0.59,11.08,1.59
BR17,ING15,2026-06-01,6.35,33.35,30.4,0.65,8.65,2.14
BR17,ING15,2026-07-01,8.2,38.79,37.2,0.75,9.04,2.02
BR17,ING15,2026-08-01,4.42,40.62,36.6,0.74,7.7,2.02
BR17,ING15,2026-09-01,4.05,29.8,27.2,0.59,6.06,2.17
BR17,ING16,2026-04-01,2.62,11.11,10.51,0.22,3.0,2.09
BR17,ING16,2026-05-01,1.67,13.8,12.7,0.37,2.4,2.91
BR17,ING16,2026-06-01,2.33,10.25,9.52,0.19,2.87,2.0
BR17,ING16,2026-07-01,1.82,13.13,12.29,0.34,2.32,2.77
BR17,ING16,2026-08-01,2.62,14.48,13.19,0.36,3.55,2.73
BR17,ING16,2026-09-01,0.96,6.88,6.37,0.14,1.33,2.2
BR17,ING17,2026-04-01,1.39,14.33,12.97,0.33,2.42,2.54
BR17,ING17,2026-05-01,3.39,16.64,15.9,0.41,3.72,2.58
BR17,ING17,2026-06-01,2.84,14.73,13.23,0.26,4.08,1.97
BR17,ING17,2026-07-01,2.23,16.31,15.2,0.29,3.05,1.91
BR17,ING17,2026-08-01,1.82,18.48,16.57,0.35,3.38,2.11
BR17,ING17,2026-09-01,1.57,11.1,10.17,0.22,2.28,2.16
BR17,ING18,2026-04-01,2.4,15.34,14.3,0.46,2.98,3.22
BR17,ING18,2026-05-01,4.07,17.2,16.5,0.39,4.38,2.36
BR17,ING18,2026-06-01,3.03,16.32,15.6,0.36,3.39,2.31
BR17,ING18,2026-07-01,2.37,21.5,19.7,0.6,3.57,3.05
BR17,ING18,2026-08-01,3.6,23.5,20.2,0.57,6.33,2.82
BR17,ING18,2026-09-01,1.41,13.73,12.6,0.28,2.26,2.22
BR18,ING01,2026-06-01,2.1,10.1,9.28,0.29,2.63,3.12
BR18,ING01,2026-07-01,4.78,42.49,38.38,0.94,7.95,2.45
BR18,ING01,2026-08-01,5.73,58.25,53.59,1.33,9.06,2.48
BR18,ING01,2026-09-01,6.74,35.26,32.6,0.52,8.88,1.6
BR18,ING02,2026-06-01,0.53,2.47,2.28,0.07,0.65,3.07
BR18,ING02,2026-07-01,1.91,10.28,9.48,0.18,2.53,1.9
BR18,ING02,2026-08-01,2.08,10.86,10.32,0.29,2.33,2.81
BR18,ING02,2026-09-01,1.9,8.78,8.64,0.26,1.78,3.01
BR18,ING03,2026-06-01,2.13,10.68,10.0,0.24,2.57,2.4
BR18,ING03,2026-07-01,5.21,47.05,43.8,1.31,7.15,2.99
BR18,ING03,2026-08-01,10.04,58.85,55.6,1.35,11.94,2.43
BR18,ING03,2026-09-01,5.37,37.54,35.2,0.77,6.94,2.19
BR18,ING04,2026-06-01,0.24,2.11,1.95,0.06,0.34,3.08
BR18,ING04,2026-07-01,1.68,12.34,11.7,0.43,1.89,3.68
BR18,ING04,2026-08-01,1.22,10.92,10.35,0.37,1.42,3.57
BR18,ING04,2026-09-01,1.25,5.75,5.4,0.1,1.5,1.85
BR18,ING05,2026-06-01,0.56,2.49,2.43,0.05,0.57,2.06
BR18,ING05,2026-07-01,2.19,10.0,8.98,0.3,2.91,3.34
BR18,ING05,2026-08-01,2.56,12.66,12.2,0.33,2.69,2.7
BR18,ING05,2026-09-01,1.22,7.0,6.85,0.17,1.2,2.48
BR18,ING06,2026-06-01,0.04,0.21,0.19,0.01,0.05,5.26
BR18,ING06,2026-07-01,0.14,0.65,0.62,0.02,0.15,3.23
BR18,ING06,2026-08-01,0.15,1.27,1.15,0.03,0.24,2.61
BR18,ING06,2026-09-01,0.12,0.64,0.57,0.02,0.17,3.51
BR18,ING07,2026-06-01,0.39,2.14,1.95,0.05,0.53,2.56
BR18,ING07,2026-07-01,1.95,8.62,7.8,0.25,2.52,3.21
BR18,ING07,2026-08-01,1.37,12.58,11.85,0.31,1.79,2.62
BR18,ING07,2026-09-01,0.94,7.38,6.9,0.23,1.19,3.33
BR18,ING08,2026-06-01,0.05,0.47,0.42,0.01,0.09,2.38
BR18,ING08,2026-07-01,0.19,1.74,1.58,0.05,0.3,3.16
BR18,ING08,2026-08-01,0.21,1.94,1.82,0.05,0.28,2.75
BR18,ING08,2026-09-01,0.26,1.29,1.24,0.02,0.29,1.61
BR18,ING09,2026-06-01,1.29,8.29,7.63,0.25,1.7,3.28
BR18,ING09,2026-07-01,4.18,26.58,24.58,0.77,5.41,3.13
BR18,ING09,2026-08-01,3.98,36.81,31.43,1.03,8.33,3.28
BR18,ING09,2026-09-01,3.51,23.74,20.81,0.52,5.92,2.5
BR18,ING10,2026-06-01,0.07,0.33,0.33,0.01,0.06,3.03
BR18,ING10,2026-07-01,0.26,1.14,1.05,0.02,0.33,1.9
BR18,ING10,2026-08-01,0.24,1.56,1.47,0.04,0.29,2.72
BR18,ING10,2026-09-01,0.09,0.91,0.82,0.03,0.15,3.66
BR18,ING11,2026-06-01,1.64,7.78,7.25,0.2,1.97,2.76
BR18,ING11,2026-07-01,2.46,18.42,17.0,0.49,3.39,2.88
BR18,ING11,2026-08-01,2.75,25.23,23.25,0.6,4.13,2.58
BR18,ING11,2026-09-01,1.38,13.99,13.25,0.38,1.74,2.87
BR18,ING12,2026-06-01,0.87,4.39,4.05,0.09,1.12,2.22
BR18,ING12,2026-07-01,1.64,11.4,10.05,0.28,2.71,2.79
BR18,ING12,2026-08-01,2.23,14.98,13.65,0.36,3.2,2.64
BR18,ING12,2026-09-01,1.34,8.61,8.1,0.29,1.56,3.58
BR18,ING13,2026-06-01,0.21,2.17,2.0,0.05,0.33,2.5
BR18,ING13,2026-07-01,1.83,9.7,9.0,0.29,2.24,3.22
BR18,ING13,2026-08-01,3.81,18.29,16.4,0.43,5.27,2.62
BR18,ING13,2026-09-01,1.4,10.51,9.6,0.27,2.04,2.81
BR18,ING14,2026-06-01,0.07,0.33,0.3,0.01,0.09,3.33
BR18,ING14,2026-07-01,0.25,1.51,1.35,0.04,0.37,2.96
BR18,ING14,2026-08-01,0.54,2.64,2.46,0.09,0.63,3.66
BR18,ING14,2026-09-01,0.26,1.57,1.44,0.05,0.34,3.47
BR18,ING15,2026-06-01,0.76,3.96,3.6,0.12,1.0,3.33
BR18,ING15,2026-07-01,2.77,12.57,11.4,0.28,3.66,2.46
BR18,ING15,2026-08-01,1.81,18.82,17.4,0.5,2.73,2.87
BR18,ING15,2026-09-01,1.54,10.64,9.8,0.23,2.15,2.35
BR18,ING16,2026-06-01,0.28,1.4,1.24,0.05,0.39,4.03
BR18,ING16,2026-07-01,0.96,4.27,4.03,0.09,1.11,2.23
BR18,ING16,2026-08-01,1.0,5.55,4.96,0.15,1.44,3.02
BR18,ING16,2026-09-01,0.57,5.08,4.77,0.11,0.77,2.31
BR18,ING17,2026-06-01,0.21,1.84,1.65,0.05,0.36,3.03
BR18,ING17,2026-07-01,1.2,6.52,5.56,0.14,2.02,2.52
BR18,ING17,2026-08-01,1.04,9.0,8.18,0.21,1.65,2.57
BR18,ING17,2026-09-01,1.08,5.43,4.81,0.16,1.54,3.33
BR18,ING18,2026-06-01,0.23,1.87,1.7,0.05,0.35,2.94
BR18,ING18,2026-07-01,0.71,5.33,4.9,0.14,1.0,2.86
BR18,ING18,2026-08-01,1.2,6.78,6.3,0.11,1.57,1.75
BR18,ING18,2026-09-01,0.83,7.42,7.1,0.23,0.92,3.24
