customer_id,join_date,membership_tier
CUST00001,2026-07-25,Non-Member
CUST00002,2025-07-02,Member
CUST00003,2025-08-15,Non-Member
CUST00004,2026-04-24,Member
CUST00005,2025-10-13,Member
CUST00006,2026-02-18,Non-Member
CUST00007,2025-12-23,Member
CUST00008,2025-01-14,Member
CUST00009,2025-03-03,Non-Member
CUST00010,2025-03-24,Member
CUST00011,2025-10-30,Non-Member
CUST00012,2024-05-11,Non-Member
CUST00013,2026-07-04,Non-Member
CUST00014,2025-11-17,Non-Member
CUST00015,2026-06-06,Non-Member
CUST00016,2025-11-20,Non-Member
CUST00017,2024-05-09,Member
CUST00018,2025-10-26,Member
CUST00019,2024-06-26,Non-Member
CUST00020,2025-07-02,Non-Member
CUST00021,2024-12-30,Member
CUST00022,2025-08-05,Non-Member
CUST00023,2026-01-24,Member
CUST00024,2024-11-02,Non-Member
CUST00025,2024-05-02,Member
CUST00026,2026-01-27,Member
CUST00027,2024-10-20,Member
CUST00028,2026-01-29,Member
CUST00029,2024-12-15,Member
CUST00030,2024-10-11,Member
CUST00031,2025-08-13,Member
CUST00032,2024-11-27,Member
CUST00033,2026-01-19,Member
CUST00034,2026-07-11,Member
CUST00035,2026-06-26,Member
CUST00036,2025-08-15,Member
CUST00037,2024-07-01,Member
CUST00038,2026-05-29,Member
CUST00039,2025-08-07,Member
CUST00040,2024-12-27,Non-Member
CUST00041,2026-03-23,Non-Member
CUST00042,2024-12-11,Non-Member
CUST00043,2025-12-19,Non-Member
CUST00044,2024-09-24,Non-Member
CUST00045,2025-04-18,Member
CUST00046,2025-05-17,Non-Member
CUST00047,2026-04-15,Non-Member
CUST00048,2025-07-31,Non-Member
CUST00049,2024-08-11,Non-Member
CUST00050,2026-09-03,Non-Member
CUST00051,2024-11-08,Non-Member
CUST00052,2025-07-05,Non-Member
CUST00053,2024-12-13,Member
CUST00054,2025-02-01,Non-Member
CUST00055,2025-08-28,Member
CUST00056,2025-12-17,Non-Member
CUST00057,2025-03-06,Non-Member
CUST00058,2026-05-17,Member
CUST00059,2025-04-13,Non-Member
CUST00060,2026-06-27,Member
CUST00061,2025-02-13,Non-Member
CUST00062,2025-03-04,Non-Member
CUST00063,2026-07-07,Non-Member
CUST00064,2024-11-09,Non-Member
CUST00065,2025-09-12,Member
CUST00066,2024-10-13,Member
CUST00067,2026-08-14,Non-Member
CUST00068,2026-04-12,Member
CUST00069,2025-07-03,Non-Member
CUST00070,2026-04-04,Member
CUST00071,2025-11-28,Member
CUST00072,2025-02-04,Non-Member
CUST00073,2026-05-14,Non-Member
CUST00074,2025-01-19,Member
CUST00075,2026-06-20,Non-Member
CUST00076,2026-04-16,Non-Member
CUST00077,2025-04-10,Member
CUST00078,2024-10-07,Non-Member
CUST00079,2026-04-20,Non-Member
CUST00080,2025-12-25,Member
CUST00081,2024-06-11,Non-Member
CUST00082,2024-04-14,Member
CUST00083,2025-04-16,Member
CUST00084,2025-08-15,Non-Member
CUST00085,2025-11-13,Non-Member
CUST00086,2025-03-19,Non-Member
CUST00087,2025-04-07,Member
CUST00088,2025-12-30,Non-Member
CUST00089,2026-08-31,Non-Member
CUST00090,2026-05-07,Non-Member
CUST00091,2024-05-12,Non-Member
CUST00092,2025-09-10,Member
CUST00093,2025-07-14,Non-Member
CUST00094,2025-07-28,Member
CUST00095,2024-10-17,Non-Member
CUST00096,2026-07-24,Non-Member
CUST00097,2026-07-08,Member
CUST00098,2026-01-16,Non-Member
CUST00099,2025-07-10,Member
CUST00100,2025-01-25,Non-Member
CUST00101,2025-07-06,Non-Member
CUST00102,2025-08-20,Member
CUST00103,2024-05-30,Non-Member
CUST00104,2026-04-29,Non-Member
CUST00105,2025-04-25,Member
CUST00106,2025-05-21,Non-Member
CUST00107,2025-07-22,Member
CUST00108,2024-09-24,Non-Member
CUST00109,2026-01-23,Member
CUST00110,2024-05-16,Non-Member
CUST00111,2025-11-26,Non-Member
CUST00112,2025-05-19,Member
CUST00113,2025-06-09,Member
CUST00114,2024-08-18,Non-Member
CUST00115,2025-08-22,Non-Member
CUST00116,2026-01-08,Non-Member
CUST00117,2026-09-01,Member
CUST00118,2025-10-29,Member
CUST00119,2024-09-08,Non-Member
CUST00120,2026-09-12,Non-Member
CUST00121,2024-07-07,Non-Member
CUST00122,2025-05-20,Non-Member
CUST00123,2026-05-17,Non-Member
CUST00124,2025-12-23,Member
CUST00125,2025-05-10,Member
CUST00126,2025-12-11,Non-Member
CUST00127,2026-06-15,Non-Member
CUST00128,2025-01-30,Member
CUST00129,2025-01-24,Member
CUST00130,2026-06-06,Non-Member
CUST00131,2026-01-11,Non-Member
CUST00132,2026-02-13,Member
CUST00133,2025-02-05,Non-Member
CUST00134,2024-12-03,Member
CUST00135,2024-12-06,Non-Member
CUST00136,2024-05-30,Member
CUST00137,2024-10-29,Member
CUST00138,2025-12-06,Non-Member
CUST00139,2026-06-16,Member
CUST00140,2025-03-17,Non-Member
CUST00141,2024-06-19,Member
CUST00142,2024-04-27,Non-Member
CUST00143,2026-02-26,Non-Member
CUST00144,2026-02-20,Non-Member
CUST00145,2026-08-18,Member
CUST00146,2026-05-17,Member
CUST00147,2025-05-10,Member
CUST00148,2025-05-17,Non-Member
CUST00149,2025-10-22,Member
CUST00150,2025-12-16,Member
CUST00151,2024-09-05,Member
CUST00152,2025-08-03,Member
CUST00153,2024-09-24,Member
CUST00154,2024-05-08,Member
CUST00155,2025-12-09,Member
CUST00156,2026-03-22,Non-Member
CUST00157,2024-05-17,Member
CUST00158,2025-02-27,Member
CUST00159,2026-01-02,Non-Member
CUST00160,2025-03-10,Non-Member
CUST00161,2025-06-14,Member
CUST00162,2024-06-28,Non-Member
CUST00163,2026-02-02,Non-Member
CUST00164,2024-04-12,Non-Member
CUST00165,2024-06-01,Non-Member
CUST00166,2026-04-11,Non-Member
CUST00167,2026-04-26,Member
CUST00168,2025-05-29,Non-Member
CUST00169,2026-08-11,Non-Member
CUST00170,2025-12-26,Non-Member
CUST00171,2025-08-25,Non-Member
CUST00172,2024-05-02,Member
CUST00173,2024-04-11,Non-Member
CUST00174,2026-05-07,Member
CUST00175,2024-07-11,Non-Member
CUST00176,2026-07-01,Non-Member
CUST00177,2024-11-17,Non-Member
CUST00178,2024-08-21,Non-Member
CUST00179,2024-07-12,Non-Member
CUST00180,2026-03-04,Non-Member
CUST00181,2024-07-09,Non-Member
CUST00182,2026-06-08,Non-Member
CUST00183,2025-06-11,Non-Member
CUST00184,2025-07-25,Member
CUST00185,2025-12-10,Non-Member
CUST00186,2026-09-01,Member
CUST00187,2024-10-26,Non-Member
CUST00188,2025-11-23,Non-Member
CUST00189,2025-02-03,Non-Member
CUST00190,2025-09-17,Member
CUST00191,2025-10-20,Member
CUST00192,2024-07-16,Non-Member
CUST00193,2026-06-28,Member
CUST00194,2024-11-27,Member
CUST00195,2024-11-18,Non-Member
CUST00196,2025-10-14,Non-Member
CUST00197,2026-01-28,Member
CUST00198,2026-09-16,Member
CUST00199,2024-05-31,Non-Member
CUST00200,2024-05-21,Non-Member
CUST00201,2026-02-16,Non-Member
CUST00202,2026-08-23,Member
CUST00203,2026-06-02,Member
CUST00204,2026-07-22,Member
CUST00205,2024-09-03,Non-Member
CUST00206,2024-07-11,Member
CUST00207,2026-05-06,Member
CUST00208,2024-11-18,Non-Member
CUST00209,2026-04-12,Non-Member
CUST00210,2025-10-25,Non-Member
CUST00211,2025-03-31,Non-Member
CUST00212,2024-12-12,Non-Member
CUST00213,2024-07-26,Non-Member
CUST00214,2026-08-11,Member
CUST00215,2026-03-28,Non-Member
CUST00216,2026-01-11,Non-Member
CUST00217,2025-12-16,Non-Member
CUST00218,2024-04-06,Non-Member
CUST00219,2024-10-22,Non-Member
CUST00220,2025-12-06,Member
CUST00221,2024-04-30,Member
CUST00222,2025-06-29,Member
CUST00223,2025-06-27,Member
CUST00224,2025-08-27,Member
CUST00225,2026-05-14,Member
CUST00226,2024-06-02,Non-Member
CUST00227,2026-09-08,Non-Member
CUST00228,2026-04-17,Non-Member
CUST00229,2026-02-26,Member
CUST00230,2026-01-12,Member
CUST00231,2026-05-25,Non-Member
CUST00232,2026-09-04,Member
CUST00233,2025-01-19,Member
CUST00234,2024-05-02,Non-Member
CUST00235,2026-06-03,Member
CUST00236,2025-12-28,Member
CUST00237,2025-06-22,Non-Member
CUST00238,2024-06-09,Non-Member
CUST00239,2025-01-04,Non-Member
CUST00240,2024-11-01,Member
CUST00241,2025-04-16,Non-Member
CUST00242,2025-09-11,Member
CUST00243,2026-03-25,Non-Member
CUST00244,2024-08-04,Non-Member
CUST00245,2024-09-28,Non-Member
CUST00246,2026-08-29,Member
CUST00247,2024-12-16,Non-Member
CUST00248,2026-07-07,Member
CUST00249,2024-11-25,Member
CUST00250,2024-09-08,Member
CUST00251,2026-05-26,Non-Member
CUST00252,2025-08-26,Member
CUST00253,2026-06-01,Non-Member
CUST00254,2025-04-29,Member
CUST00255,2024-06-09,Non-Member
CUST00256,2026-07-10,Non-Member
CUST00257,2025-09-28,Member
CUST00258,2024-04-29,Member
CUST00259,2025-12-24,Member
CUST00260,2026-05-25,Non-Member
CUST00261,2025-07-08,Member
CUST00262,2025-06-20,Non-Member
CUST00263,2025-02-02,Non-Member
CUST00264,2025-12-12,Non-Member
CUST00265,2024-05-14,Non-Member
CUST00266,2025-06-09,Non-Member
CUST00267,2026-01-06,Non-Member
CUST00268,2024-05-10,Member
CUST00269,2024-06-11,Non-Member
CUST00270,2025-06-29,Member
CUST00271,2026-08-29,Non-Member
CUST00272,2025-04-02,Non-Member
CUST00273,2025-05-09,Non-Member
CUST00274,2026-05-10,Non-Member
CUST00275,2025-02-28,Member
CUST00276,2024-08-26,Non-Member
CUST00277,2026-06-17,Member
CUST00278,2024-12-09,Non-Member
CUST00279,2026-05-17,Non-Member
CUST00280,2024-11-16,Member
CUST00281,2025-09-09,Member
CUST00282,2026-09-15,Member
CUST00283,2024-05-05,Member
CUST00284,2026-04-24,Member
CUST00285,2025-04-03,Non-Member
CUST00286,2026-04-10,Non-Member
CUST00287,2024-06-04,Member
CUST00288,2024-11-26,Non-Member
CUST00289,2024-09-27,Non-Member
CUST00290,2025-08-28,Member
CUST00291,2025-07-27,Member
CUST00292,2025-02-27,Member
CUST00293,2024-10-15,Member
CUST00294,2024-08-20,Non-Member
CUST00295,2026-09-04,Non-Member
CUST00296,2025-02-01,Member
CUST00297,2026-06-14,Non-Member
CUST00298,2026-01-05,Member
CUST00299,2024-09-05,Non-Member
CUST00300,2026-02-07,Non-Member
CUST00301,2024-10-04,Member
CUST00302,2025-07-31,Member
CUST00303,2026-02-23,Non-Member
CUST00304,2025-11-24,Non-Member
CUST00305,2025-05-31,Member
CUST00306,2024-11-02,Member
CUST00307,2025-03-25,Member
CUST00308,2024-06-04,Non-Member
CUST00309,2024-08-01,Non-Member
CUST00310,2024-11-12,Non-Member
CUST00311,2025-03-27,Non-Member
CUST00312,2026-01-03,Non-Member
CUST00313,2025-09-15,Non-Member
CUST00314,2026-06-06,Member
CUST00315,2025-10-19,Non-Member
CUST00316,2024-06-10,Member
CUST00317,2025-09-03,Member
CUST00318,2026-06-10,Non-Member
CUST00319,2025-02-11,Non-Member
CUST00320,2024-05-08,Non-Member
CUST00321,2024-08-02,Non-Member
CUST00322,2026-01-17,Non-Member
CUST00323,2025-08-08,Non-Member
CUST00324,2025-05-31,Member
CUST00325,2026-02-10,Member
CUST00326,2026-01-22,Non-Member
CUST00327,2026-02-20,Member
CUST00328,2024-04-09,Non-Member
CUST00329,2024-11-19,Member
CUST00330,2024-08-26,Member
CUST00331,2024-09-16,Non-Member
CUST00332,2024-05-11,Member
CUST00333,2026-06-18,Non-Member
CUST00334,2024-07-20,Non-Member
CUST00335,2026-07-23,Member
CUST00336,2025-07-20,Non-Member
CUST00337,2025-04-04,Non-Member
CUST00338,2025-11-03,Non-Member
CUST00339,2026-05-12,Non-Member
CUST00340,2026-04-01,Non-Member
CUST00341,2024-09-09,Non-Member
CUST00342,2025-12-08,Member
CUST00343,2025-12-16,Non-Member
CUST00344,2024-06-12,Non-Member
CUST00345,2026-05-14,Non-Member
CUST00346,2024-06-20,Non-Member
CUST00347,2024-06-15,Non-Member
CUST00348,2025-03-31,Non-Member
CUST00349,2026-04-25,Non-Member
CUST00350,2026-05-03,Member
CUST00351,2026-01-08,Member
CUST00352,2025-04-19,Non-Member
CUST00353,2026-05-05,Non-Member
CUST00354,2025-08-07,Non-Member
CUST00355,2026-06-09,Member
CUST00356,2025-05-23,Non-Member
CUST00357,2026-09-01,Non-Member
CUST00358,2024-12-22,Non-Member
CUST00359,2026-08-02,Non-Member
CUST00360,2026-03-29,Non-Member
CUST00361,2026-04-16,Non-Member
CUST00362,2024-09-03,Non-Member
CUST00363,2026-08-04,Non-Member
CUST00364,2025-08-31,Non-Member
CUST00365,2025-04-07,Non-Member
CUST00366,2025-06-14,Member
CUST00367,2025-01-17,Member
CUST00368,2024-09-29,Non-Member
CUST00369,2025-10-02,Non-Member
CUST00370,2024-09-06,Non-Member
CUST00371,2025-12-09,Member
CUST00372,2024-04-19,Non-Member
CUST00373,2025-06-24,Member
CUST00374,2024-11-28,Non-Member
CUST00375,2024-07-26,Non-Member
CUST00376,2024-10-08,Non-Member
CUST00377,2024-08-16,Non-Member
CUST00378,2025-05-26,Member
CUST00379,2026-08-12,Non-Member
CUST00380,2025-07-04,Non-Member
CUST00381,2026-04-10,Non-Member
CUST00382,2024-07-13,Non-Member
CUST00383,2026-02-20,Member
CUST00384,2026-02-27,Member
CUST00385,2026-02-08,Member
CUST00386,2025-02-20,Member
CUST00387,2025-04-25,Member
CUST00388,2024-05-20,Non-Member
CUST00389,2025-09-11,Non-Member
CUST00390,2026-01-10,Member
CUST00391,2026-08-07,Member
CUST00392,2026-09-14,Member
CUST00393,2025-10-20,Non-Member
CUST00394,2024-06-10,Member
CUST00395,2025-06-07,Non-Member
CUST00396,2024-07-09,Non-Member
CUST00397,2026-06-21,Member
CUST00398,2026-06-29,Non-Member
CUST00399,2024-09-01,Non-Member
CUST00400,2026-06-17,Non-Member
CUST00401,2026-08-05,Member
CUST00402,2025-09-22,Non-Member
CUST00403,2024-06-11,Non-Member
CUST00404,2025-01-09,Non-Member
CUST00405,2026-06-23,Non-Member
CUST00406,2024-08-29,Member
CUST00407,2024-08-23,Non-Member
CUST00408,2024-10-01,Non-Member
CUST00409,2024-07-01,Member
CUST00410,2026-02-17,Non-Member
CUST00411,2024-04-23,Non-Member
CUST00412,2025-12-06,Non-Member
CUST00413,2024-09-29,Member
CUST00414,2025-04-18,Member
CUST00415,2024-10-20,Non-Member
CUST00416,2025-03-05,Non-Member
CUST00417,2025-02-20,Non-Member
CUST00418,2025-03-15,Non-Member
CUST00419,2024-10-20,Non-Member
CUST00420,2024-11-25,Non-Member
CUST00421,2026-05-23,Member
CUST00422,2024-09-08,Member
CUST00423,2025-05-27,Member
CUST00424,2025-12-04,Non-Member
CUST00425,2025-06-15,Member
CUST00426,2024-05-04,Member
CUST00427,2024-08-11,Non-Member
CUST00428,2024-09-01,Member
CUST00429,2025-07-31,Member
CUST00430,2024-10-16,Non-Member
CUST00431,2025-10-09,Member
CUST00432,2025-01-12,Non-Member
CUST00433,2025-02-23,Non-Member
CUST00434,2026-02-08,Member
CUST00435,2026-01-24,Non-Member
CUST00436,2026-07-28,Non-Member
CUST00437,2026-05-18,Non-Member
CUST00438,2025-08-27,Non-Member
CUST00439,2025-07-18,Non-Member
CUST00440,2026-04-25,Non-Member
CUST00441,2025-09-11,Non-Member
CUST00442,2025-03-26,Member
CUST00443,2026-02-23,Non-Member
CUST00444,2025-11-20,Non-Member
CUST00445,2025-10-25,Non-Member
CUST00446,2025-06-23,Member
CUST00447,2025-10-26,Member
CUST00448,2024-11-27,Non-Member
CUST00449,2025-11-30,Non-Member
CUST00450,2025-08-26,Non-Member
CUST00451,2025-10-14,Member
CUST00452,2026-04-09,Member
CUST00453,2025-01-12,Non-Member
CUST00454,2026-02-21,Member
CUST00455,2025-12-28,Non-Member
CUST00456,2024-10-08,Member
CUST00457,2024-05-20,Member
CUST00458,2025-01-25,Member
CUST00459,2024-06-19,Non-Member
CUST00460,2024-08-14,Non-Member
CUST00461,2025-07-15,Non-Member
CUST00462,2024-10-28,Non-Member
CUST00463,2025-11-29,Member
CUST00464,2025-08-03,Non-Member
CUST00465,2025-05-27,Member
CUST00466,2024-05-10,Member
CUST00467,2024-08-19,Non-Member
CUST00468,2025-07-08,Member
CUST00469,2025-02-11,Non-Member
CUST00470,2026-03-23,Non-Member
CUST00471,2024-09-27,Non-Member
CUST00472,2025-05-11,Non-Member
CUST00473,2025-05-30,Non-Member
CUST00474,2024-11-01,Member
CUST00475,2025-03-01,Member
CUST00476,2026-07-17,Member
CUST00477,2026-01-04,Non-Member
CUST00478,2026-04-15,Non-Member
CUST00479,2024-11-29,Member
CUST00480,2026-08-20,Non-Member
CUST00481,2026-03-23,Non-Member
CUST00482,2025-04-01,Non-Member
CUST00483,2025-01-04,Non-Member
CUST00484,2025-06-25,Non-Member
CUST00485,2024-08-08,Non-Member
CUST00486,2024-06-16,Non-Member
CUST00487,2026-05-25,Member
CUST00488,2024-05-17,Non-Member
CUST00489,2025-03-17,Member
CUST00490,2025-02-26,Non-Member
CUST00491,2026-06-27,Member
CUST00492,2025-03-10,Member
CUST00493,2024-12-07,Member
CUST00494,2025-04-16,Non-Member
CUST00495,2026-07-07,Member
CUST00496,2025-06-07,Member
CUST00497,2024-06-01,Non-Member
CUST00498,2024-12-09,Non-Member
CUST00499,2026-05-20,Non-Member
CUST00500,2024-05-11,Non-Member
CUST00501,2024-05-11,Non-Member
CUST00502,2026-04-21,Member
CUST00503,2024-10-01,Member
CUST00504,2025-09-20,Non-Member
CUST00505,2025-04-05,Member
CUST00506,2025-08-16,Non-Member
CUST00507,2024-10-17,Non-Member
CUST00508,2024-04-08,Non-Member
CUST00509,2024-10-06,Non-Member
CUST00510,2024-06-05,Non-Member
CUST00511,2024-05-23,Non-Member
CUST00512,2026-07-01,Non-Member
CUST00513,2026-02-05,Member
CUST00514,2024-12-11,Member
CUST00515,2025-04-08,Non-Member
CUST00516,2026-08-06,Member
CUST00517,2026-06-27,Non-Member
CUST00518,2025-06-10,Member
CUST00519,2025-03-16,Non-Member
CUST00520,2026-04-23,Non-Member
CUST00521,2026-04-20,Non-Member
CUST00522,2026-05-27,Non-Member
CUST00523,2025-05-01,Member
CUST00524,2026-09-13,Non-Member
CUST00525,2025-04-24,Member
CUST00526,2025-07-20,Non-Member
CUST00527,2025-07-29,Non-Member
CUST00528,2025-01-18,Non-Member
CUST00529,2025-06-08,Non-Member
CUST00530,2024-12-05,Non-Member
CUST00531,2024-11-03,Member
CUST00532,2024-06-15,Non-Member
CUST00533,2024-10-02,Non-Member
CUST00534,2025-06-12,Non-Member
CUST00535,2025-07-05,Non-Member
CUST00536,2026-02-21,Member
CUST00537,2025-03-30,Member
CUST00538,2026-05-18,Member
CUST00539,2024-06-05,Member
CUST00540,2024-08-22,Non-Member
CUST00541,2026-06-05,Non-Member
CUST00542,2024-10-14,Non-Member
CUST00543,2026-06-07,Non-Member
CUST00544,2024-12-11,Non-Member
CUST00545,2026-07-04,Non-Member
CUST00546,2025-07-09,Member
CUST00547,2025-02-06,Non-Member
CUST00548,2024-12-04,Member
CUST00549,2025-09-09,Non-Member
CUST00550,2024-06-14,Non-Member
CUST00551,2024-10-24,Non-Member
CUST00552,2026-03-17,Non-Member
CUST00553,2025-01-25,Member
CUST00554,2024-12-03,Non-Member
CUST00555,2025-11-25,Non-Member
CUST00556,2024-11-26,Non-Member
CUST00557,2024-07-05,Non-Member
CUST00558,2024-09-16,Non-Member
CUST00559,2024-11-04,Non-Member
CUST00560,2025-02-27,Non-Member
CUST00561,2026-01-20,Non-Member
CUST00562,2024-10-06,Non-Member
CUST00563,2025-10-28,Non-Member
CUST00564,2025-05-30,Non-Member
CUST00565,2025-12-12,Member
CUST00566,2025-12-13,Non-Member
CUST00567,2026-05-02,Member
CUST00568,2024-05-09,Member
CUST00569,2026-05-11,Non-Member
CUST00570,2026-07-05,Member
CUST00571,2024-06-01,Member
CUST00572,2025-05-10,Member
CUST00573,2025-08-23,Non-Member
CUST00574,2024-11-26,Non-Member
CUST00575,2025-10-11,Non-Member
CUST00576,2026-05-28,Member
CUST00577,2024-12-04,Non-Member
CUST00578,2026-04-15,Non-Member
CUST00579,2025-05-11,Non-Member
CUST00580,2024-05-20,Non-Member
CUST00581,2024-06-01,Member
CUST00582,2025-10-31,Non-Member
CUST00583,2024-10-19,Non-Member
CUST00584,2025-03-19,Non-Member
CUST00585,2025-07-17,Non-Member
CUST00586,2026-05-18,Non-Member
CUST00587,2025-10-17,Non-Member
CUST00588,2025-02-11,Member
CUST00589,2024-04-17,Non-Member
CUST00590,2026-09-16,Non-Member
CUST00591,2024-12-14,Member
CUST00592,2024-08-21,Non-Member
CUST00593,2024-05-18,Member
CUST00594,2025-09-05,Non-Member
CUST00595,2026-06-06,Member
CUST00596,2026-01-20,Non-Member
CUST00597,2024-08-17,Member
CUST00598,2024-07-23,Non-Member
CUST00599,2025-02-25,Non-Member
CUST00600,2026-06-02,Member
CUST00601,2026-06-03,Non-Member
CUST00602,2025-07-18,Non-Member
CUST00603,2025-04-10,Non-Member
CUST00604,2026-08-22,Member
CUST00605,2025-01-12,Non-Member
CUST00606,2025-05-19,Member
CUST00607,2026-09-09,Member
CUST00608,2026-06-26,Non-Member
CUST00609,2025-08-08,Non-Member
CUST00610,2024-12-10,Non-Member
CUST00611,2024-09-08,Member
CUST00612,2025-08-29,Non-Member
CUST00613,2025-12-29,Non-Member
CUST00614,2024-05-03,Non-Member
CUST00615,2025-08-04,Non-Member
CUST00616,2025-12-11,Member
CUST00617,2025-08-19,Member
CUST00618,2026-09-10,Non-Member
CUST00619,2025-12-23,Non-Member
CUST00620,2025-06-14,Member
CUST00621,2024-06-17,Member
CUST00622,2024-11-26,Member
CUST00623,2024-10-18,Non-Member
CUST00624,2025-05-19,Member
CUST00625,2026-06-13,Non-Member
CUST00626,2025-10-04,Non-Member
CUST00627,2024-04-07,Member
CUST00628,2026-08-12,Non-Member
CUST00629,2024-07-22,Non-Member
CUST00630,2025-01-13,Non-Member
CUST00631,2026-01-08,Member
CUST00632,2024-10-21,Non-Member
CUST00633,2024-08-29,Member
CUST00634,2026-08-13,Non-Member
CUST00635,2026-06-17,Non-Member
CUST00636,2025-01-30,Member
CUST00637,2024-04-05,Member
CUST00638,2026-08-30,Non-Member
CUST00639,2025-01-30,Member
CUST00640,2026-05-21,Member
CUST00641,2025-02-13,Non-Member
CUST00642,2025-03-09,Member
CUST00643,2026-07-01,Member
CUST00644,2025-01-17,Non-Member
CUST00645,2024-07-06,Member
CUST00646,2024-08-05,Non-Member
CUST00647,2026-08-25,Non-Member
CUST00648,2026-02-11,Non-Member
CUST00649,2026-02-16,Member
CUST00650,2025-08-09,Non-Member
CUST00651,2026-05-15,Member
CUST00652,2024-08-13,Non-Member
CUST00653,2024-10-22,Member
CUST00654,2024-09-24,Non-Member
CUST00655,2026-03-26,Member
CUST00656,2026-09-07,Member
CUST00657,2024-06-24,Non-Member
CUST00658,2026-01-04,Member
CUST00659,2025-02-08,Member
CUST00660,2024-06-25,Non-Member
CUST00661,2026-08-19,Non-Member
CUST00662,2026-09-16,Member
CUST00663,2026-09-16,Non-Member
CUST00664,2026-05-03,Non-Member
CUST00665,2026-08-05,Non-Member
CUST00666,2024-09-13,Non-Member
CUST00667,2025-03-25,Non-Member
CUST00668,2024-04-22,Non-Member
CUST00669,2024-09-30,Non-Member
CUST00670,2024-05-08,Non-Member
CUST00671,2026-02-18,Member
CUST00672,2026-01-05,Member
CUST00673,2024-08-18,Member
CUST00674,2026-02-12,Non-Member
CUST00675,2026-07-31,Non-Member
CUST00676,2025-01-27,Non-Member
CUST00677,2024-09-30,Non-Member
CUST00678,2024-05-03,Non-Member
CUST00679,2024-06-08,Member
CUST00680,2026-06-04,Non-Member
CUST00681,2024-10-26,Non-Member
CUST00682,2024-08-21,Member
CUST00683,2025-01-01,Non-Member
CUST00684,2024-09-14,Member
CUST00685,2024-08-28,Non-Member
CUST00686,2025-08-15,Non-Member
CUST00687,2026-08-15,Member
CUST00688,2025-08-06,Member
CUST00689,2026-03-23,Member
CUST00690,2026-06-10,Member
CUST00691,2026-05-31,Non-Member
CUST00692,2025-01-02,Member
CUST00693,2025-06-24,Member
CUST00694,2025-05-23,Non-Member
CUST00695,2024-11-20,Non-Member
CUST00696,2025-05-16,Non-Member
CUST00697,2025-03-03,Non-Member
CUST00698,2026-07-05,Member
CUST00699,2024-08-16,Non-Member
CUST00700,2025-08-13,Member
CUST00701,2026-05-04,Non-Member
CUST00702,2024-09-19,Non-Member
CUST00703,2024-11-29,Non-Member
CUST00704,2026-08-04,Non-Member
CUST00705,2026-03-31,Non-Member
CUST00706,2026-09-06,Member
CUST00707,2026-01-20,Non-Member
CUST00708,2026-06-23,Non-Member
CUST00709,2024-12-21,Non-Member
CUST00710,2025-06-08,Non-Member
CUST00711,2024-04-22,Member
CUST00712,2024-11-16,Non-Member
CUST00713,2025-03-20,Member
CUST00714,2025-06-20,Member
CUST00715,2026-08-03,Member
CUST00716,2026-07-19,Non-Member
CUST00717,2025-03-15,Member
CUST00718,2026-09-17,Member
CUST00719,2026-08-13,Member
CUST00720,2026-03-07,Non-Member
CUST00721,2024-07-18,Non-Member
CUST00722,2025-08-04,Member
CUST00723,2024-12-22,Member
CUST00724,2025-09-16,Non-Member
CUST00725,2026-04-18,Member
CUST00726,2025-10-22,Non-Member
CUST00727,2026-06-30,Non-Member
CUST00728,2024-10-28,Non-Member
CUST00729,2026-04-09,Member
CUST00730,2025-10-17,Non-Member
CUST00731,2024-04-22,Member
CUST00732,2025-04-06,Non-Member
CUST00733,2025-08-04,Non-Member
CUST00734,2025-05-20,Non-Member
CUST00735,2024-10-16,Non-Member
CUST00736,2026-02-04,Member
CUST00737,2025-02-25,Non-Member
CUST00738,2024-07-28,Non-Member
CUST00739,2025-04-24,Member
CUST00740,2025-08-15,Non-Member
CUST00741,2026-05-13,Non-Member
CUST00742,2026-02-09,Non-Member
CUST00743,2024-05-23,Non-Member
CUST00744,2025-05-22,Non-Member
CUST00745,2025-12-24,Non-Member
CUST00746,2025-09-09,Member
CUST00747,2025-04-19,Member
CUST00748,2025-05-25,Member
CUST00749,2024-12-30,Non-Member
CUST00750,2026-02-01,Non-Member
CUST00751,2025-02-14,Non-Member
CUST00752,2025-08-19,Member
CUST00753,2024-05-28,Member
CUST00754,2026-05-02,Non-Member
CUST00755,2026-05-10,Member
CUST00756,2025-08-01,Member
CUST00757,2025-06-20,Non-Member
CUST00758,2025-01-07,Member
CUST00759,2025-09-22,Member
CUST00760,2024-06-21,Non-Member
CUST00761,2025-07-21,Non-Member
CUST00762,2026-05-27,Member
CUST00763,2026-06-05,Non-Member
CUST00764,2024-04-28,Non-Member
CUST00765,2026-05-23,Non-Member
CUST00766,2024-05-21,Non-Member
CUST00767,2026-01-14,Non-Member
CUST00768,2026-06-29,Non-Member
CUST00769,2025-12-21,Non-Member
CUST00770,2025-03-17,Non-Member
CUST00771,2025-09-01,Member
CUST00772,2024-10-14,Member
CUST00773,2025-03-20,Non-Member
CUST00774,2025-09-25,Member
CUST00775,2025-02-27,Non-Member
CUST00776,2024-04-30,Non-Member
CUST00777,2025-09-15,Non-Member
CUST00778,2026-05-06,Member
CUST00779,2025-09-18,Non-Member
CUST00780,2024-08-26,Non-Member
CUST00781,2026-03-09,Member
CUST00782,2024-05-20,Member
CUST00783,2025-04-10,Member
CUST00784,2025-03-29,Member
CUST00785,2025-12-09,Member
CUST00786,2024-06-15,Non-Member
CUST00787,2026-08-19,Non-Member
CUST00788,2025-12-26,Member
CUST00789,2025-09-09,Member
CUST00790,2025-07-18,Member
CUST00791,2025-07-21,Non-Member
CUST00792,2026-05-11,Member
CUST00793,2026-03-02,Non-Member
CUST00794,2026-06-27,Member
CUST00795,2025-04-24,Member
CUST00796,2025-11-09,Non-Member
CUST00797,2025-04-30,Member
CUST00798,2025-04-08,Member
CUST00799,2024-12-28,Member
CUST00800,2025-05-17,Non-Member
CUST00801,2025-02-15,Non-Member
CUST00802,2025-04-11,Non-Member
CUST00803,2025-02-11,Non-Member
CUST00804,2025-03-15,Member
CUST00805,2025-12-10,Non-Member
CUST00806,2026-02-11,Member
CUST00807,2024-10-13,Non-Member
CUST00808,2025-11-16,Non-Member
CUST00809,2025-05-15,Member
CUST00810,2026-03-27,Non-Member
CUST00811,2025-08-29,Member
CUST00812,2025-06-01,Non-Member
CUST00813,2025-03-07,Member
CUST00814,2025-06-04,Non-Member
CUST00815,2025-10-31,Non-Member
CUST00816,2024-05-09,Member
CUST00817,2025-06-17,Non-Member
CUST00818,2024-09-24,Non-Member
CUST00819,2024-11-27,Non-Member
CUST00820,2025-05-07,Member
CUST00821,2024-07-16,Non-Member
CUST00822,2026-05-28,Non-Member
CUST00823,2024-06-14,Non-Member
CUST00824,2024-08-17,Member
CUST00825,2025-06-25,Member
CUST00826,2024-11-30,Non-Member
CUST00827,2025-06-10,Member
CUST00828,2026-01-22,Non-Member
CUST00829,2024-10-01,Non-Member
CUST00830,2026-02-11,Member
CUST00831,2025-12-12,Member
CUST00832,2025-06-11,Non-Member
CUST00833,2024-08-29,Member
CUST00834,2025-10-10,Non-Member
CUST00835,2025-07-03,Non-Member
CUST00836,2026-08-14,Non-Member
CUST00837,2026-06-08,Member
CUST00838,2026-08-01,Non-Member
CUST00839,2026-07-18,Non-Member
CUST00840,2024-08-01,Member
CUST00841,2024-08-25,Non-Member
CUST00842,2024-09-12,Non-Member
CUST00843,2026-08-02,Non-Member
CUST00844,2026-07-13,Non-Member
CUST00845,2026-01-11,Member
CUST00846,2025-04-30,Member
CUST00847,2025-11-24,Member
CUST00848,2025-07-09,Member
CUST00849,2026-04-18,Non-Member
CUST00850,2024-12-03,Member
CUST00851,2025-12-12,Non-Member
CUST00852,2026-07-23,Member
CUST00853,2024-11-22,Member
CUST00854,2024-07-01,Non-Member
CUST00855,2026-09-07,Member
CUST00856,2025-08-24,Non-Member
CUST00857,2024-09-07,Non-Member
CUST00858,2024-12-25,Non-Member
CUST00859,2024-08-11,Member
CUST00860,2025-09-12,Non-Member
CUST00861,2025-10-21,Member
CUST00862,2024-12-22,Non-Member
CUST00863,2026-05-05,Non-Member
CUST00864,2026-02-17,Member
CUST00865,2025-03-29,Member
CUST00866,2025-01-28,Member
CUST00867,2026-06-05,Member
CUST00868,2025-06-21,Non-Member
CUST00869,2025-10-27,Non-Member
CUST00870,2025-06-26,Non-Member
CUST00871,2024-05-12,Member
CUST00872,2026-07-14,Non-Member
CUST00873,2024-04-09,Member
CUST00874,2025-08-12,Non-Member
CUST00875,2024-10-26,Member
CUST00876,2025-09-04,Member
CUST00877,2025-12-15,Non-Member
CUST00878,2024-10-28,Member
CUST00879,2025-01-10,Non-Member
CUST00880,2026-05-14,Non-Member
CUST00881,2024-12-25,Member
CUST00882,2024-11-12,Non-Member
CUST00883,2025-10-07,Non-Member
CUST00884,2024-06-10,Non-Member
CUST00885,2025-02-21,Non-Member
CUST00886,2025-11-25,Non-Member
CUST00887,2026-09-11,Non-Member
CUST00888,2025-01-22,Non-Member
CUST00889,2026-03-17,Non-Member
CUST00890,2024-11-09,Member
CUST00891,2025-06-05,Member
CUST00892,2025-07-28,Non-Member
CUST00893,2026-04-26,Member
CUST00894,2024-12-20,Member
CUST00895,2026-04-24,Member
CUST00896,2025-09-10,Non-Member
CUST00897,2024-08-30,Member
CUST00898,2024-06-15,Non-Member
CUST00899,2024-04-14,Non-Member
CUST00900,2024-05-12,Non-Member
CUST00901,2025-05-09,Member
CUST00902,2026-03-24,Non-Member
CUST00903,2024-08-27,Non-Member
CUST00904,2024-09-30,Non-Member
CUST00905,2024-04-13,Non-Member
CUST00906,2025-02-12,Member
CUST00907,2026-05-16,Non-Member
CUST00908,2025-06-25,Member
CUST00909,2025-08-14,Non-Member
CUST00910,2024-08-24,Non-Member
CUST00911,2025-10-03,Member
CUST00912,2025-11-29,Non-Member
CUST00913,2026-07-11,Member
CUST00914,2024-08-30,Non-Member
CUST00915,2024-11-10,Non-Member
CUST00916,2026-08-14,Member
CUST00917,2025-08-27,Member
CUST00918,2025-07-16,Non-Member
CUST00919,2025-07-26,Member
CUST00920,2024-06-16,Non-Member
CUST00921,2026-05-08,Non-Member
CUST00922,2025-12-19,Non-Member
CUST00923,2026-04-11,Member
CUST00924,2026-02-13,Non-Member
CUST00925,2024-06-27,Non-Member
CUST00926,2024-05-28,Member
CUST00927,2026-08-11,Member
CUST00928,2025-03-01,Member
CUST00929,2026-02-23,Member
CUST00930,2026-03-31,Non-Member
CUST00931,2026-01-01,Non-Member
CUST00932,2026-03-30,Non-Member
CUST00933,2025-07-07,Member
CUST00934,2024-04-08,Member
CUST00935,2025-04-11,Member
CUST00936,2024-12-09,Non-Member
CUST00937,2025-07-04,Non-Member
CUST00938,2026-09-08,Member
CUST00939,2026-07-07,Non-Member
CUST00940,2026-01-22,Member
CUST00941,2026-02-13,Member
CUST00942,2024-08-26,Member
CUST00943,2024-08-23,Non-Member
CUST00944,2024-08-14,Non-Member
CUST00945,2025-02-24,Non-Member
CUST00946,2025-05-09,Member
CUST00947,2025-02-14,Member
CUST00948,2025-09-20,Non-Member
CUST00949,2025-01-26,Member
CUST00950,2024-10-06,Non-Member
CUST00951,2024-11-04,Non-Member
CUST00952,2025-03-18,Non-Member
CUST00953,2026-07-30,Non-Member
CUST00954,2024-12-08,Non-Member
CUST00955,2025-10-26,Non-Member
CUST00956,2024-11-21,Non-Member
CUST00957,2025-05-23,Non-Member
CUST00958,2024-07-20,Member
CUST00959,2025-11-20,Non-Member
CUST00960,2024-06-05,Member
CUST00961,2024-08-22,Non-Member
CUST00962,2025-11-27,Non-Member
CUST00963,2025-07-14,Non-Member
CUST00964,2025-05-31,Non-Member
CUST00965,2024-10-30,Non-Member
CUST00966,2025-01-09,Member
CUST00967,2024-08-16,Member
CUST00968,2025-10-23,Member
CUST00969,2025-06-24,Non-Member
CUST00970,2025-08-29,Non-Member
CUST00971,2024-06-25,Member
CUST00972,2025-12-20,Non-Member
CUST00973,2025-04-11,Member
CUST00974,2026-06-04,Non-Member
CUST00975,2024-08-17,Non-Member
CUST00976,2025-10-10,Member
CUST00977,2025-11-18,Non-Member
CUST00978,2025-04-14,Non-Member
CUST00979,2025-06-29,Member
CUST00980,2024-08-19,Non-Member
CUST00981,2025-05-31,Non-Member
CUST00982,2025-06-13,Non-Member
CUST00983,2026-06-18,Non-Member
CUST00984,2026-09-01,Non-Member
CUST00985,2025-09-27,Member
CUST00986,2024-04-06,Non-Member
CUST00987,2024-06-18,Non-Member
CUST00988,2025-03-04,Member
CUST00989,2025-03-02,Member
CUST00990,2025-10-04,Member
CUST00991,2026-04-14,Non-Member
CUST00992,2026-09-13,Non-Member
CUST00993,2025-11-20,Non-Member
CUST00994,2025-12-10,Member
CUST00995,2026-04-01,Member
CUST00996,2026-01-31,Non-Member
CUST00997,2026-08-29,Non-Member
CUST00998,2025-03-23,Non-Member
CUST00999,2024-06-09,Non-Member
CUST01000,2025-01-07,Non-Member
CUST01001,2025-08-14,Non-Member
CUST01002,2025-09-08,Non-Member
CUST01003,2025-12-18,Non-Member
CUST01004,2026-05-15,Member
CUST01005,2025-03-31,Member
CUST01006,2025-04-29,Member
CUST01007,2026-09-14,Member
CUST01008,2025-09-12,Member
CUST01009,2026-01-14,Non-Member
CUST01010,2026-04-20,Member
CUST01011,2024-12-27,Non-Member
CUST01012,2025-06-05,Non-Member
CUST01013,2025-02-28,Non-Member
CUST01014,2024-12-18,Non-Member
CUST01015,2024-04-21,Member
CUST01016,2024-09-29,Non-Member
CUST01017,2025-03-12,Member
CUST01018,2024-07-22,Non-Member
CUST01019,2025-07-18,Member
CUST01020,2024-04-18,Member
CUST01021,2024-11-05,Non-Member
CUST01022,2025-02-12,Non-Member
CUST01023,2024-06-30,Non-Member
CUST01024,2025-06-14,Non-Member
CUST01025,2024-12-12,Member
CUST01026,2026-01-08,Non-Member
CUST01027,2024-05-08,Member
CUST01028,2025-03-09,Member
CUST01029,2024-10-17,Member
CUST01030,2025-08-02,Member
CUST01031,2024-08-02,Member
CUST01032,2026-07-16,Non-Member
CUST01033,2026-06-10,Member
CUST01034,2025-06-22,Member
CUST01035,2024-12-01,Non-Member
CUST01036,2024-09-23,Member
CUST01037,2025-08-21,Non-Member
CUST01038,2025-02-13,Non-Member
CUST01039,2025-05-11,Non-Member
CUST01040,2024-05-09,Non-Member
CUST01041,2025-02-09,Member
CUST01042,2025-09-11,Member
CUST01043,2024-05-02,Non-Member
CUST01044,2026-06-16,Non-Member
CUST01045,2024-04-18,Non-Member
CUST01046,2026-05-05,Member
CUST01047,2026-01-04,Non-Member
CUST01048,2024-09-12,Member
CUST01049,2024-11-30,Member
CUST01050,2024-05-01,Member
CUST01051,2024-11-15,Non-Member
CUST01052,2025-02-25,Member
CUST01053,2025-11-13,Non-Member
CUST01054,2026-09-16,Non-Member
CUST01055,2026-06-01,Non-Member
CUST01056,2025-12-27,Non-Member
CUST01057,2026-08-15,Non-Member
CUST01058,2025-06-21,Member
CUST01059,2024-10-22,Member
CUST01060,2024-05-08,Non-Member
CUST01061,2025-07-07,Member
CUST01062,2024-07-26,Member
CUST01063,2024-04-17,Member
CUST01064,2024-08-09,Member
CUST01065,2025-07-29,Member
CUST01066,2025-12-02,Member
CUST01067,2024-04-24,Non-Member
CUST01068,2026-02-15,Member
CUST01069,2025-09-15,Non-Member
CUST01070,2026-07-16,Non-Member
CUST01071,2024-10-07,Member
CUST01072,2025-02-13,Non-Member
CUST01073,2026-07-06,Non-Member
CUST01074,2026-03-05,Non-Member
CUST01075,2025-05-09,Member
CUST01076,2025-05-23,Member
CUST01077,2024-09-29,Member
CUST01078,2026-01-24,Non-Member
CUST01079,2024-06-11,Non-Member
CUST01080,2025-08-17,Non-Member
CUST01081,2024-09-11,Non-Member
CUST01082,2026-02-18,Non-Member
CUST01083,2026-08-18,Non-Member
CUST01084,2026-08-02,Member
CUST01085,2025-10-20,Non-Member
CUST01086,2024-05-17,Member
CUST01087,2026-08-08,Member
CUST01088,2025-10-24,Non-Member
CUST01089,2026-06-14,Non-Member
CUST01090,2024-06-05,Member
CUST01091,2025-01-21,Non-Member
CUST01092,2024-11-04,Member
CUST01093,2024-12-18,Member
CUST01094,2025-02-07,Member
CUST01095,2024-10-25,Non-Member
CUST01096,2026-09-13,Non-Member
CUST01097,2024-08-03,Member
CUST01098,2024-11-24,Member
CUST01099,2024-11-25,Member
CUST01100,2025-10-02,Member
CUST01101,2024-10-01,Non-Member
CUST01102,2025-10-12,Non-Member
CUST01103,2026-08-07,Non-Member
CUST01104,2024-06-26,Member
CUST01105,2026-02-22,Non-Member
CUST01106,2026-06-21,Member
CUST01107,2025-03-10,Member
CUST01108,2026-02-22,Non-Member
CUST01109,2024-08-10,Non-Member
CUST01110,2025-08-18,Non-Member
CUST01111,2026-09-16,Non-Member
CUST01112,2024-05-18,Non-Member
CUST01113,2025-06-15,Non-Member
CUST01114,2026-01-27,Non-Member
CUST01115,2025-01-20,Member
CUST01116,2025-05-31,Member
CUST01117,2026-08-25,Member
CUST01118,2024-11-07,Member
CUST01119,2025-09-25,Member
CUST01120,2024-12-30,Non-Member
CUST01121,2024-07-07,Non-Member
CUST01122,2025-03-21,Non-Member
CUST01123,2025-01-25,Member
CUST01124,2026-02-04,Non-Member
CUST01125,2026-02-19,Member
CUST01126,2025-09-12,Member
CUST01127,2024-08-15,Member
CUST01128,2025-06-06,Member
CUST01129,2025-11-12,Member
CUST01130,2024-10-20,Non-Member
CUST01131,2024-08-14,Non-Member
CUST01132,2024-07-01,Non-Member
CUST01133,2025-12-26,Member
CUST01134,2024-12-22,Non-Member
CUST01135,2025-04-08,Non-Member
CUST01136,2025-08-13,Member
CUST01137,2025-09-29,Non-Member
CUST01138,2026-06-10,Non-Member
CUST01139,2026-01-16,Non-Member
CUST01140,2025-05-14,Member
CUST01141,2024-07-15,Non-Member
CUST01142,2024-08-03,Member
CUST01143,2026-04-05,Member
CUST01144,2025-01-18,Member
CUST01145,2026-07-06,Non-Member
CUST01146,2025-01-22,Member
CUST01147,2025-11-17,Member
CUST01148,2025-08-12,Member
CUST01149,2024-12-14,Non-Member
CUST01150,2025-09-04,Non-Member
CUST01151,2024-09-25,Non-Member
CUST01152,2025-05-29,Member
CUST01153,2024-04-06,Member
CUST01154,2025-02-24,Non-Member
CUST01155,2025-12-28,Member
CUST01156,2024-10-24,Non-Member
CUST01157,2025-09-19,Non-Member
CUST01158,2025-05-28,Non-Member
CUST01159,2026-05-20,Non-Member
CUST01160,2026-06-05,Non-Member
CUST01161,2025-04-22,Member
CUST01162,2026-04-06,Non-Member
CUST01163,2024-04-07,Member
CUST01164,2024-08-12,Non-Member
CUST01165,2024-12-29,Member
CUST01166,2024-11-29,Member
CUST01167,2025-04-03,Non-Member
CUST01168,2026-07-28,Member
CUST01169,2025-10-03,Member
CUST01170,2025-07-02,Non-Member
CUST01171,2024-06-20,Member
CUST01172,2026-03-07,Non-Member
CUST01173,2025-07-01,Member
CUST01174,2025-11-15,Member
CUST01175,2026-05-23,Member
CUST01176,2026-06-20,Non-Member
CUST01177,2025-10-27,Non-Member
CUST01178,2026-07-08,Member
CUST01179,2026-07-22,Non-Member
CUST01180,2025-11-09,Non-Member
CUST01181,2026-03-23,Non-Member
CUST01182,2025-05-10,Non-Member
CUST01183,2026-09-05,Non-Member
CUST01184,2025-12-23,Non-Member
CUST01185,2025-08-09,Non-Member
CUST01186,2024-05-08,Non-Member
CUST01187,2025-02-27,Member
CUST01188,2024-07-21,Member
CUST01189,2025-11-16,Non-Member
CUST01190,2025-08-12,Member
CUST01191,2025-09-08,Member
CUST01192,2024-07-15,Member
CUST01193,2024-05-11,Member
CUST01194,2024-05-08,Non-Member
CUST01195,2024-11-13,Non-Member
CUST01196,2025-06-25,Non-Member
CUST01197,2025-05-22,Member
CUST01198,2024-04-22,Non-Member
CUST01199,2026-01-08,Member
CUST01200,2025-11-13,Non-Member
CUST01201,2024-07-06,Non-Member
CUST01202,2025-10-08,Non-Member
CUST01203,2026-02-21,Non-Member
CUST01204,2025-05-05,Non-Member
CUST01205,2025-12-02,Non-Member
CUST01206,2024-07-12,Non-Member
CUST01207,2024-06-25,Non-Member
CUST01208,2025-12-19,Member
CUST01209,2025-06-01,Non-Member
CUST01210,2024-04-19,Member
CUST01211,2024-11-22,Member
CUST01212,2026-03-11,Non-Member
CUST01213,2025-04-07,Non-Member
CUST01214,2025-03-12,Member
CUST01215,2025-02-10,Member
CUST01216,2026-08-29,Member
CUST01217,2025-12-25,Non-Member
CUST01218,2024-08-13,Member
CUST01219,2026-02-16,Non-Member
CUST01220,2025-12-25,Non-Member
CUST01221,2025-12-05,Non-Member
CUST01222,2026-04-14,Non-Member
CUST01223,2026-05-04,Member
CUST01224,2025-11-13,Member
CUST01225,2024-07-26,Non-Member
CUST01226,2026-09-19,Member
CUST01227,2026-01-09,Member
CUST01228,2026-07-28,Member
CUST01229,2025-05-04,Member
CUST01230,2026-02-07,Non-Member
CUST01231,2024-10-09,Non-Member
CUST01232,2025-04-13,Non-Member
CUST01233,2024-10-16,Non-Member
CUST01234,2025-02-27,Non-Member
CUST01235,2025-08-22,Non-Member
CUST01236,2024-08-07,Non-Member
CUST01237,2025-07-19,Non-Member
CUST01238,2024-05-20,Member
CUST01239,2024-04-09,Non-Member
CUST01240,2025-04-09,Member
CUST01241,2025-01-22,Member
CUST01242,2026-02-03,Member
CUST01243,2024-09-18,Member
CUST01244,2025-01-25,Member
CUST01245,2024-07-01,Non-Member
CUST01246,2026-01-23,Non-Member
CUST01247,2024-10-12,Member
CUST01248,2025-07-25,Non-Member
CUST01249,2026-04-07,Member
CUST01250,2026-04-20,Non-Member
CUST01251,2025-05-03,Member
CUST01252,2025-12-07,Member
CUST01253,2026-06-21,Non-Member
CUST01254,2025-09-01,Non-Member
CUST01255,2025-02-11,Non-Member
CUST01256,2025-12-08,Non-Member
CUST01257,2024-05-15,Non-Member
CUST01258,2024-10-20,Member
CUST01259,2025-06-17,Member
CUST01260,2024-06-02,Member
CUST01261,2025-08-27,Member
CUST01262,2026-05-18,Member
CUST01263,2026-08-19,Non-Member
CUST01264,2024-05-30,Member
CUST01265,2024-05-11,Non-Member
CUST01266,2024-11-25,Non-Member
CUST01267,2026-06-20,Non-Member
CUST01268,2025-12-31,Non-Member
CUST01269,2026-08-15,Member
CUST01270,2026-08-05,Member
CUST01271,2026-02-11,Non-Member
CUST01272,2025-04-24,Non-Member
CUST01273,2026-07-24,Member
CUST01274,2024-04-18,Member
CUST01275,2025-08-07,Non-Member
CUST01276,2026-01-26,Non-Member
CUST01277,2025-06-14,Member
CUST01278,2024-10-10,Non-Member
CUST01279,2025-12-13,Non-Member
CUST01280,2026-08-09,Member
CUST01281,2026-08-06,Non-Member
CUST01282,2024-08-16,Member
CUST01283,2026-06-12,Non-Member
CUST01284,2025-02-26,Non-Member
CUST01285,2025-10-10,Member
CUST01286,2024-10-22,Non-Member
CUST01287,2026-07-28,Non-Member
CUST01288,2024-07-05,Non-Member
CUST01289,2025-01-01,Member
CUST01290,2025-08-13,Non-Member
CUST01291,2026-03-18,Non-Member
CUST01292,2024-04-25,Non-Member
CUST01293,2025-12-23,Member
CUST01294,2025-07-07,Non-Member
CUST01295,2025-10-01,Non-Member
CUST01296,2026-02-25,Non-Member
CUST01297,2025-09-11,Non-Member
CUST01298,2026-05-07,Member
CUST01299,2026-09-19,Member
CUST01300,2026-01-03,Non-Member
CUST01301,2026-06-12,Non-Member
CUST01302,2025-09-13,Member
CUST01303,2024-08-06,Non-Member
CUST01304,2026-04-27,Non-Member
CUST01305,2026-09-19,Member
CUST01306,2026-06-13,Member
CUST01307,2025-06-21,Non-Member
CUST01308,2026-01-16,Non-Member
CUST01309,2025-07-07,Member
CUST01310,2026-08-25,Non-Member
CUST01311,2025-11-25,Non-Member
CUST01312,2025-09-17,Non-Member
CUST01313,2025-08-29,Non-Member
CUST01314,2025-05-13,Non-Member
CUST01315,2024-10-19,Non-Member
CUST01316,2025-07-27,Member
CUST01317,2024-08-25,Non-Member
CUST01318,2025-06-01,Member
CUST01319,2026-01-29,Non-Member
CUST01320,2026-02-27,Member
CUST01321,2025-12-05,Non-Member
CUST01322,2025-04-01,Member
CUST01323,2026-02-15,Member
CUST01324,2024-06-21,Member
CUST01325,2025-07-16,Non-Member
CUST01326,2024-08-05,Non-Member
CUST01327,2025-01-14,Member
CUST01328,2025-11-25,Non-Member
CUST01329,2026-02-27,Non-Member
CUST01330,2024-11-21,Member
CUST01331,2025-11-27,Non-Member
CUST01332,2026-02-11,Non-Member
CUST01333,2024-06-06,Member
CUST01334,2025-07-14,Non-Member
CUST01335,2026-08-08,Member
CUST01336,2025-07-03,Non-Member
CUST01337,2025-08-02,Non-Member
CUST01338,2024-08-05,Non-Member
CUST01339,2024-12-20,Non-Member
CUST01340,2026-04-01,Non-Member
CUST01341,2026-05-08,Non-Member
CUST01342,2025-03-27,Member
CUST01343,2026-08-09,Member
CUST01344,2025-12-08,Non-Member
CUST01345,2026-05-19,Member
CUST01346,2026-09-02,Member
CUST01347,2024-06-16,Member
CUST01348,2026-07-02,Non-Member
CUST01349,2026-09-12,Member
CUST01350,2024-06-04,Member
CUST01351,2026-04-04,Member
CUST01352,2024-09-16,Member
CUST01353,2026-08-23,Non-Member
CUST01354,2026-05-05,Member
CUST01355,2026-06-13,Non-Member
CUST01356,2024-12-25,Non-Member
CUST01357,2025-03-12,Member
CUST01358,2025-07-20,Non-Member
CUST01359,2026-02-15,Non-Member
CUST01360,2026-07-03,Non-Member
CUST01361,2025-04-27,Member
CUST01362,2026-02-25,Member
CUST01363,2025-04-08,Non-Member
CUST01364,2025-01-10,Non-Member
CUST01365,2024-08-18,Non-Member
CUST01366,2025-07-03,Non-Member
CUST01367,2026-09-16,Member
CUST01368,2026-01-11,Non-Member
CUST01369,2024-08-14,Non-Member
CUST01370,2025-05-29,Non-Member
CUST01371,2025-03-13,Member
CUST01372,2025-08-05,Member
CUST01373,2026-04-27,Non-Member
CUST01374,2024-07-06,Non-Member
CUST01375,2024-10-26,Non-Member
CUST01376,2024-04-09,Member
CUST01377,2024-08-12,Member
CUST01378,2026-01-02,Non-Member
CUST01379,2026-02-04,Non-Member
CUST01380,2026-02-09,Non-Member
CUST01381,2024-06-17,Non-Member
CUST01382,2025-05-08,Non-Member
CUST01383,2025-08-08,Non-Member
CUST01384,2024-05-03,Non-Member
CUST01385,2025-03-27,Non-Member
CUST01386,2024-06-25,Non-Member
CUST01387,2024-04-18,Non-Member
CUST01388,2026-07-11,Non-Member
CUST01389,2025-10-30,Non-Member
CUST01390,2024-11-30,Non-Member
CUST01391,2024-09-19,Non-Member
CUST01392,2026-05-10,Non-Member
CUST01393,2025-12-08,Non-Member
CUST01394,2025-05-16,Non-Member
CUST01395,2024-10-02,Non-Member
CUST01396,2026-06-11,Non-Member
CUST01397,2025-03-29,Member
CUST01398,2025-12-28,Non-Member
CUST01399,2026-03-10,Non-Member
CUST01400,2025-06-14,Member
CUST01401,2025-09-13,Non-Member
CUST01402,2025-02-26,Non-Member
CUST01403,2025-12-09,Member
CUST01404,2024-09-10,Non-Member
CUST01405,2026-07-12,Non-Member
CUST01406,2024-08-07,Non-Member
CUST01407,2026-08-25,Member
CUST01408,2024-11-28,Non-Member
CUST01409,2025-11-13,Non-Member
CUST01410,2025-10-11,Non-Member
CUST01411,2026-09-03,Member
CUST01412,2024-12-28,Non-Member
CUST01413,2026-04-25,Non-Member
CUST01414,2025-02-05,Non-Member
CUST01415,2024-12-08,Non-Member
CUST01416,2024-08-22,Non-Member
CUST01417,2024-12-23,Non-Member
CUST01418,2025-12-23,Member
CUST01419,2024-11-26,Non-Member
CUST01420,2024-09-08,Non-Member
CUST01421,2025-12-09,Non-Member
CUST01422,2026-06-01,Non-Member
CUST01423,2024-07-12,Non-Member
CUST01424,2026-05-11,Non-Member
CUST01425,2025-04-05,Non-Member
CUST01426,2026-02-20,Member
CUST01427,2026-05-30,Non-Member
CUST01428,2024-10-23,Non-Member
CUST01429,2026-05-14,Non-Member
CUST01430,2025-01-26,Non-Member
CUST01431,2025-01-05,Member
CUST01432,2026-07-28,Member
CUST01433,2026-04-18,Non-Member
CUST01434,2024-10-06,Non-Member
CUST01435,2025-06-21,Member
CUST01436,2026-06-03,Member
CUST01437,2024-04-12,Non-Member
CUST01438,2026-01-25,Non-Member
CUST01439,2026-09-17,Member
CUST01440,2024-06-12,Member
CUST01441,2026-09-06,Non-Member
CUST01442,2025-05-11,Member
CUST01443,2024-04-11,Non-Member
CUST01444,2025-04-19,Non-Member
CUST01445,2025-04-13,Member
CUST01446,2025-10-07,Non-Member
CUST01447,2026-05-29,Member
CUST01448,2025-04-24,Member
CUST01449,2024-07-06,Non-Member
CUST01450,2026-07-01,Non-Member
CUST01451,2024-07-21,Non-Member
CUST01452,2025-09-12,Member
CUST01453,2025-05-26,Member
CUST01454,2026-04-25,Non-Member
CUST01455,2025-03-11,Non-Member
CUST01456,2026-04-10,Non-Member
CUST01457,2026-01-18,Member
CUST01458,2024-12-11,Non-Member
CUST01459,2026-08-06,Non-Member
CUST01460,2025-08-14,Non-Member
CUST01461,2025-04-04,Member
CUST01462,2026-05-25,Non-Member
CUST01463,2025-12-30,Member
CUST01464,2025-11-16,Non-Member
CUST01465,2025-02-01,Non-Member
CUST01466,2024-04-25,Non-Member
CUST01467,2024-08-30,Non-Member
CUST01468,2026-04-03,Non-Member
CUST01469,2026-09-04,Non-Member
CUST01470,2026-08-05,Non-Member
CUST01471,2025-04-03,Non-Member
CUST01472,2026-05-03,Member
CUST01473,2026-02-25,Non-Member
CUST01474,2024-08-20,Non-Member
CUST01475,2024-07-27,Non-Member
CUST01476,2024-08-27,Non-Member
CUST01477,2026-02-04,Non-Member
CUST01478,2025-03-12,Member
CUST01479,2025-03-20,Non-Member
CUST01480,2026-04-07,Member
CUST01481,2025-05-11,Member
CUST01482,2025-06-05,Non-Member
CUST01483,2025-09-29,Member
CUST01484,2024-11-14,Member
CUST01485,2025-01-19,Non-Member
CUST01486,2025-05-30,Member
CUST01487,2024-12-07,Non-Member
CUST01488,2024-11-03,Member
CUST01489,2025-04-29,Non-Member
CUST01490,2026-01-23,Non-Member
CUST01491,2024-11-08,Non-Member
CUST01492,2024-12-14,Non-Member
CUST01493,2024-04-19,Non-Member
CUST01494,2026-05-09,Non-Member
CUST01495,2025-09-09,Member
CUST01496,2024-06-12,Non-Member
CUST01497,2025-06-15,Non-Member
CUST01498,2024-05-26,Member
CUST01499,2026-09-09,Non-Member
CUST01500,2026-08-20,Member
CUST01501,2024-10-05,Non-Member
CUST01502,2025-11-02,Member
CUST01503,2025-06-10,Member
CUST01504,2025-09-01,Non-Member
CUST01505,2025-09-19,Non-Member
CUST01506,2024-05-29,Non-Member
CUST01507,2026-06-28,Non-Member
CUST01508,2024-10-26,Non-Member
CUST01509,2024-07-13,Member
CUST01510,2025-02-06,Member
CUST01511,2025-09-30,Non-Member
CUST01512,2026-04-30,Member
CUST01513,2025-01-15,Non-Member
CUST01514,2025-07-26,Member
CUST01515,2026-05-09,Member
CUST01516,2025-11-01,Member
CUST01517,2024-05-09,Member
CUST01518,2026-01-25,Member
CUST01519,2026-04-13,Non-Member
CUST01520,2025-01-15,Member
CUST01521,2026-03-25,Non-Member
CUST01522,2024-06-16,Non-Member
CUST01523,2024-08-09,Non-Member
CUST01524,2024-04-19,Non-Member
CUST01525,2024-06-22,Member
CUST01526,2026-02-13,Member
CUST01527,2026-03-14,Member
CUST01528,2025-11-16,Non-Member
CUST01529,2025-07-25,Non-Member
CUST01530,2024-07-21,Member
CUST01531,2024-11-30,Non-Member
CUST01532,2025-02-18,Non-Member
CUST01533,2024-07-23,Non-Member
CUST01534,2025-02-17,Non-Member
CUST01535,2025-10-15,Non-Member
CUST01536,2025-09-14,Non-Member
CUST01537,2025-06-13,Non-Member
CUST01538,2026-07-03,Member
CUST01539,2024-11-23,Member
CUST01540,2025-02-11,Non-Member
CUST01541,2024-12-02,Non-Member
CUST01542,2025-05-28,Non-Member
CUST01543,2024-10-17,Non-Member
CUST01544,2024-05-20,Member
CUST01545,2025-04-26,Non-Member
CUST01546,2025-08-17,Member
CUST01547,2026-06-18,Non-Member
CUST01548,2024-10-20,Non-Member
CUST01549,2024-06-30,Member
CUST01550,2024-12-31,Member
CUST01551,2024-08-03,Non-Member
CUST01552,2024-08-07,Member
CUST01553,2024-10-03,Member
CUST01554,2025-06-25,Non-Member
CUST01555,2026-06-23,Member
CUST01556,2026-09-18,Member
CUST01557,2026-03-21,Member
CUST01558,2025-08-29,Non-Member
CUST01559,2024-11-21,Member
CUST01560,2025-08-07,Member
CUST01561,2026-08-31,Member
CUST01562,2026-03-15,Member
CUST01563,2024-04-23,Member
CUST01564,2024-04-15,Member
CUST01565,2025-10-16,Member
CUST01566,2024-09-27,Non-Member
CUST01567,2024-12-13,Non-Member
CUST01568,2024-06-05,Member
CUST01569,2024-07-15,Member
CUST01570,2025-03-04,Non-Member
CUST01571,2025-10-01,Non-Member
CUST01572,2025-03-06,Non-Member
CUST01573,2025-12-08,Member
CUST01574,2025-11-12,Non-Member
CUST01575,2025-03-22,Member
CUST01576,2025-04-25,Member
CUST01577,2025-04-16,Member
CUST01578,2025-10-10,Non-Member
CUST01579,2025-09-18,Member
CUST01580,2026-09-11,Non-Member
CUST01581,2025-03-29,Member
CUST01582,2025-04-21,Member
CUST01583,2024-06-02,Non-Member
CUST01584,2025-06-24,Non-Member
CUST01585,2025-07-27,Member
CUST01586,2026-07-22,Non-Member
CUST01587,2026-03-28,Member
CUST01588,2025-11-21,Member
CUST01589,2025-10-16,Non-Member
CUST01590,2025-10-29,Member
CUST01591,2025-10-01,Non-Member
CUST01592,2024-10-29,Non-Member
CUST01593,2026-05-26,Member
CUST01594,2025-11-26,Member
CUST01595,2026-04-27,Member
CUST01596,2025-12-18,Non-Member
CUST01597,2025-01-13,Non-Member
CUST01598,2026-08-09,Member
CUST01599,2025-11-19,Member
CUST01600,2026-08-30,Non-Member
CUST01601,2024-05-15,Member
CUST01602,2024-12-06,Non-Member
CUST01603,2026-02-14,Non-Member
CUST01604,2026-03-26,Non-Member
CUST01605,2026-06-24,Member
CUST01606,2025-07-22,Member
CUST01607,2024-11-12,Member
CUST01608,2025-04-13,Non-Member
CUST01609,2024-07-20,Non-Member
CUST01610,2025-11-15,Member
CUST01611,2026-01-13,Non-Member
CUST01612,2025-07-18,Non-Member
CUST01613,2026-03-23,Member
CUST01614,2024-04-26,Member
CUST01615,2026-04-06,Member
CUST01616,2025-07-17,Non-Member
CUST01617,2025-06-08,Non-Member
CUST01618,2026-07-31,Non-Member
CUST01619,2025-07-26,Non-Member
CUST01620,2025-08-08,Non-Member
CUST01621,2026-01-30,Non-Member
CUST01622,2026-05-28,Non-Member
CUST01623,2026-08-11,Non-Member
CUST01624,2026-09-13,Non-Member
CUST01625,2025-07-15,Non-Member
CUST01626,2026-07-02,Non-Member
CUST01627,2024-05-11,Non-Member
CUST01628,2026-02-12,Non-Member
CUST01629,2025-02-11,Non-Member
CUST01630,2025-01-23,Non-Member
CUST01631,2025-07-02,Non-Member
CUST01632,2024-07-18,Non-Member
CUST01633,2026-06-13,Non-Member
CUST01634,2026-02-22,Non-Member
CUST01635,2026-02-06,Non-Member
CUST01636,2026-05-22,Member
CUST01637,2025-12-29,Non-Member
CUST01638,2025-12-13,Non-Member
CUST01639,2024-11-02,Non-Member
CUST01640,2025-12-23,Non-Member
CUST01641,2024-07-24,Non-Member
CUST01642,2024-10-26,Non-Member
CUST01643,2024-07-02,Member
CUST01644,2026-06-18,Non-Member
CUST01645,2024-04-18,Member
CUST01646,2025-03-18,Non-Member
CUST01647,2024-04-20,Non-Member
CUST01648,2025-11-05,Non-Member
CUST01649,2024-05-17,Member
CUST01650,2025-04-09,Member
CUST01651,2026-07-18,Non-Member
CUST01652,2025-09-17,Non-Member
CUST01653,2026-05-20,Member
CUST01654,2024-05-27,Non-Member
CUST01655,2025-12-21,Member
CUST01656,2026-03-05,Non-Member
CUST01657,2025-05-11,Member
CUST01658,2025-09-03,Member
CUST01659,2026-06-25,Member
CUST01660,2024-09-16,Non-Member
CUST01661,2024-08-21,Non-Member
CUST01662,2024-11-22,Non-Member
CUST01663,2025-03-15,Non-Member
CUST01664,2025-09-24,Member
CUST01665,2025-05-21,Member
CUST01666,2025-06-09,Member
CUST01667,2026-04-25,Non-Member
CUST01668,2026-07-09,Member
CUST01669,2026-02-05,Non-Member
CUST01670,2025-08-08,Member
CUST01671,2026-04-29,Member
CUST01672,2026-06-17,Member
CUST01673,2024-08-16,Member
CUST01674,2025-10-18,Non-Member
CUST01675,2025-04-13,Non-Member
CUST01676,2025-06-06,Member
CUST01677,2024-11-29,Non-Member
CUST01678,2024-11-24,Non-Member
CUST01679,2025-12-28,Non-Member
CUST01680,2024-08-19,Non-Member
CUST01681,2025-10-22,Non-Member
CUST01682,2024-08-31,Non-Member
CUST01683,2025-09-22,Non-Member
CUST01684,2026-06-13,Non-Member
CUST01685,2024-11-06,Non-Member
CUST01686,2026-08-24,Member
CUST01687,2024-10-26,Non-Member
CUST01688,2026-08-13,Non-Member
CUST01689,2026-03-19,Member
CUST01690,2025-03-27,Non-Member
CUST01691,2024-05-27,Non-Member
CUST01692,2025-09-18,Member
CUST01693,2026-06-04,Non-Member
CUST01694,2026-02-23,Non-Member
CUST01695,2024-07-07,Non-Member
CUST01696,2024-12-06,Member
CUST01697,2026-06-22,Member
CUST01698,2025-10-09,Non-Member
CUST01699,2026-01-26,Member
CUST01700,2026-04-14,Member
CUST01701,2024-08-21,Member
CUST01702,2025-03-14,Member
CUST01703,2026-04-12,Non-Member
CUST01704,2025-02-13,Non-Member
CUST01705,2025-09-14,Non-Member
CUST01706,2026-07-27,Non-Member
CUST01707,2025-08-12,Non-Member
CUST01708,2026-04-07,Member
CUST01709,2026-02-12,Member
CUST01710,2024-07-22,Member
CUST01711,2024-12-21,Member
CUST01712,2026-05-23,Member
CUST01713,2024-08-16,Member
CUST01714,2025-04-22,Member
CUST01715,2024-07-26,Non-Member
CUST01716,2024-11-18,Non-Member
CUST01717,2025-11-19,Non-Member
CUST01718,2025-05-28,Non-Member
CUST01719,2025-05-31,Non-Member
CUST01720,2024-12-12,Member
CUST01721,2026-02-09,Non-Member
CUST01722,2025-11-25,Member
CUST01723,2026-02-12,Non-Member
CUST01724,2025-12-28,Member
CUST01725,2026-04-29,Non-Member
CUST01726,2026-08-19,Member
CUST01727,2024-05-28,Non-Member
CUST01728,2026-07-16,Non-Member
CUST01729,2024-07-14,Non-Member
CUST01730,2026-09-18,Non-Member
CUST01731,2024-10-22,Non-Member
CUST01732,2025-11-29,Member
CUST01733,2025-06-12,Non-Member
CUST01734,2026-01-10,Non-Member
CUST01735,2025-07-06,Member
CUST01736,2025-08-11,Member
CUST01737,2025-06-01,Non-Member
CUST01738,2025-10-02,Non-Member
CUST01739,2025-05-26,Non-Member
CUST01740,2024-09-08,Non-Member
CUST01741,2025-08-26,Non-Member
CUST01742,2025-10-31,Non-Member
CUST01743,2026-05-25,Member
CUST01744,2025-11-01,Non-Member
CUST01745,2026-05-31,Non-Member
CUST01746,2026-04-09,Member
CUST01747,2024-05-17,Non-Member
CUST01748,2026-07-02,Member
CUST01749,2025-07-14,Non-Member
CUST01750,2024-08-31,Non-Member
CUST01751,2024-05-17,Non-Member
CUST01752,2026-05-12,Non-Member
CUST01753,2026-04-26,Non-Member
CUST01754,2025-10-21,Non-Member
CUST01755,2025-05-10,Non-Member
CUST01756,2024-05-11,Non-Member
CUST01757,2026-03-18,Member
CUST01758,2026-04-26,Member
CUST01759,2026-02-05,Non-Member
CUST01760,2024-07-26,Member
CUST01761,2026-08-24,Member
CUST01762,2025-10-14,Member
CUST01763,2026-06-06,Non-Member
CUST01764,2026-05-02,Member
CUST01765,2024-06-18,Non-Member
CUST01766,2026-09-19,Non-Member
CUST01767,2025-12-05,Non-Member
CUST01768,2024-06-20,Member
CUST01769,2025-03-23,Non-Member
CUST01770,2026-07-18,Member
CUST01771,2025-07-29,Non-Member
CUST01772,2024-05-01,Member
CUST01773,2025-09-25,Non-Member
CUST01774,2025-06-02,Member
CUST01775,2025-05-30,Non-Member
CUST01776,2025-02-04,Member
CUST01777,2026-04-05,Non-Member
CUST01778,2024-08-27,Non-Member
CUST01779,2024-04-15,Member
CUST01780,2026-05-15,Member
CUST01781,2024-09-15,Member
CUST01782,2024-09-16,Member
CUST01783,2024-11-23,Non-Member
CUST01784,2025-10-22,Non-Member
CUST01785,2025-07-26,Member
CUST01786,2024-08-27,Non-Member
CUST01787,2026-05-06,Member
CUST01788,2024-09-05,Non-Member
CUST01789,2024-06-15,Non-Member
CUST01790,2025-01-15,Non-Member
CUST01791,2025-11-18,Non-Member
CUST01792,2025-05-06,Non-Member
CUST01793,2026-08-06,Non-Member
CUST01794,2024-06-05,Member
CUST01795,2025-11-17,Non-Member
CUST01796,2026-07-31,Non-Member
CUST01797,2024-10-06,Non-Member
CUST01798,2025-02-06,Member
CUST01799,2025-03-10,Member
CUST01800,2026-08-03,Non-Member
CUST01801,2024-11-14,Non-Member
CUST01802,2025-02-25,Non-Member
CUST01803,2024-10-07,Non-Member
CUST01804,2024-09-07,Non-Member
CUST01805,2026-03-14,Member
CUST01806,2026-03-15,Non-Member
CUST01807,2024-06-12,Member
CUST01808,2025-05-31,Member
CUST01809,2025-08-23,Member
CUST01810,2026-01-05,Non-Member
CUST01811,2025-02-23,Non-Member
CUST01812,2024-11-12,Non-Member
CUST01813,2026-09-18,Member
CUST01814,2025-05-12,Non-Member
CUST01815,2024-04-10,Non-Member
CUST01816,2026-01-11,Non-Member
CUST01817,2026-01-11,Non-Member
CUST01818,2024-07-23,Non-Member
CUST01819,2026-07-27,Non-Member
CUST01820,2025-09-28,Non-Member
CUST01821,2025-08-05,Non-Member
CUST01822,2024-10-03,Member
CUST01823,2026-05-28,Member
CUST01824,2025-08-26,Member
CUST01825,2026-05-07,Non-Member
CUST01826,2024-10-12,Non-Member
CUST01827,2025-03-01,Non-Member
CUST01828,2025-07-01,Non-Member
CUST01829,2025-10-02,Member
CUST01830,2026-05-06,Non-Member
CUST01831,2024-06-14,Member
CUST01832,2025-02-15,Non-Member
CUST01833,2025-12-08,Member
CUST01834,2025-09-13,Non-Member
CUST01835,2024-12-07,Non-Member
CUST01836,2024-12-13,Non-Member
CUST01837,2025-08-02,Member
CUST01838,2025-12-22,Non-Member
CUST01839,2025-02-04,Non-Member
CUST01840,2025-02-06,Non-Member
CUST01841,2025-03-30,Non-Member
CUST01842,2026-07-17,Member
CUST01843,2025-07-22,Non-Member
CUST01844,2025-03-18,Member
CUST01845,2024-05-19,Member
CUST01846,2025-06-05,Non-Member
CUST01847,2025-11-16,Non-Member
CUST01848,2025-05-09,Member
CUST01849,2026-04-14,Member
CUST01850,2026-07-01,Member
CUST01851,2025-01-19,Member
CUST01852,2024-04-17,Non-Member
CUST01853,2024-08-21,Member
CUST01854,2025-04-14,Non-Member
CUST01855,2026-08-15,Member
CUST01856,2024-04-15,Member
CUST01857,2025-08-12,Non-Member
CUST01858,2026-01-03,Member
CUST01859,2024-07-10,Non-Member
CUST01860,2024-11-18,Non-Member
CUST01861,2024-11-16,Non-Member
CUST01862,2026-01-14,Non-Member
CUST01863,2024-04-12,Member
CUST01864,2025-08-09,Non-Member
CUST01865,2025-05-31,Non-Member
CUST01866,2024-11-14,Non-Member
CUST01867,2025-02-04,Member
CUST01868,2026-04-19,Member
CUST01869,2025-12-23,Member
CUST01870,2025-10-31,Member
CUST01871,2024-05-22,Non-Member
CUST01872,2024-12-17,Member
CUST01873,2025-10-26,Member
CUST01874,2024-11-29,Member
CUST01875,2024-11-26,Non-Member
CUST01876,2025-10-01,Member
CUST01877,2025-09-23,Non-Member
CUST01878,2024-07-09,Member
CUST01879,2025-05-03,Non-Member
CUST01880,2026-05-09,Member
CUST01881,2024-12-12,Non-Member
CUST01882,2025-04-08,Member
CUST01883,2025-06-20,Member
CUST01884,2024-12-08,Member
CUST01885,2024-06-27,Member
CUST01886,2025-11-27,Member
CUST01887,2025-09-09,Non-Member
CUST01888,2026-04-03,Non-Member
CUST01889,2025-02-16,Member
CUST01890,2025-09-23,Non-Member
CUST01891,2025-11-17,Non-Member
CUST01892,2025-01-02,Member
CUST01893,2025-09-19,Member
CUST01894,2025-07-30,Member
CUST01895,2025-08-21,Member
CUST01896,2026-01-31,Non-Member
CUST01897,2026-05-30,Non-Member
CUST01898,2024-09-07,Non-Member
CUST01899,2026-06-30,Non-Member
CUST01900,2025-12-02,Non-Member
CUST01901,2025-01-28,Member
CUST01902,2026-05-25,Member
CUST01903,2025-02-08,Member
CUST01904,2024-11-30,Member
CUST01905,2025-02-02,Member
CUST01906,2025-12-20,Non-Member
CUST01907,2026-09-03,Member
CUST01908,2024-07-15,Member
CUST01909,2025-12-01,Non-Member
CUST01910,2024-09-27,Member
CUST01911,2026-03-27,Non-Member
CUST01912,2026-04-27,Member
CUST01913,2024-10-21,Non-Member
CUST01914,2024-05-29,Member
CUST01915,2024-08-08,Non-Member
CUST01916,2024-11-14,Member
CUST01917,2026-02-11,Member
CUST01918,2024-06-22,Non-Member
CUST01919,2025-01-28,Member
CUST01920,2026-04-19,Member
CUST01921,2026-05-27,Non-Member
CUST01922,2024-07-29,Member
CUST01923,2026-01-16,Non-Member
CUST01924,2024-11-01,Non-Member
CUST01925,2026-05-19,Member
CUST01926,2026-01-11,Non-Member
CUST01927,2026-01-09,Member
CUST01928,2026-01-11,Non-Member
CUST01929,2025-01-22,Member
CUST01930,2024-06-20,Member
CUST01931,2024-06-24,Member
CUST01932,2024-11-23,Non-Member
CUST01933,2026-03-22,Non-Member
CUST01934,2024-05-10,Non-Member
CUST01935,2025-05-21,Non-Member
CUST01936,2025-05-18,Non-Member
CUST01937,2024-12-29,Non-Member
CUST01938,2024-10-29,Non-Member
CUST01939,2024-05-17,Non-Member
CUST01940,2025-04-15,Member
CUST01941,2025-03-21,Non-Member
CUST01942,2024-11-19,Non-Member
CUST01943,2026-02-03,Member
CUST01944,2025-12-18,Member
CUST01945,2025-03-07,Member
CUST01946,2026-07-25,Non-Member
CUST01947,2025-12-06,Member
CUST01948,2024-12-14,Non-Member
CUST01949,2024-04-26,Non-Member
CUST01950,2025-06-10,Non-Member
CUST01951,2025-09-26,Member
CUST01952,2025-08-21,Non-Member
CUST01953,2025-01-12,Non-Member
CUST01954,2025-05-19,Member
CUST01955,2026-08-31,Member
CUST01956,2025-05-24,Member
CUST01957,2025-09-26,Member
CUST01958,2024-12-29,Non-Member
CUST01959,2024-07-26,Non-Member
CUST01960,2024-05-08,Non-Member
CUST01961,2025-03-21,Non-Member
CUST01962,2025-10-30,Non-Member
CUST01963,2025-08-17,Non-Member
CUST01964,2026-04-15,Non-Member
CUST01965,2024-06-01,Member
CUST01966,2024-08-20,Non-Member
CUST01967,2024-08-14,Member
CUST01968,2025-11-30,Non-Member
CUST01969,2025-12-05,Non-Member
CUST01970,2024-08-11,Non-Member
CUST01971,2025-05-19,Member
CUST01972,2024-12-26,Non-Member
CUST01973,2025-07-07,Member
CUST01974,2025-08-18,Non-Member
CUST01975,2025-03-01,Member
CUST01976,2024-09-20,Non-Member
CUST01977,2025-11-24,Non-Member
CUST01978,2024-09-23,Member
CUST01979,2026-02-13,Member
CUST01980,2025-09-23,Non-Member
CUST01981,2024-06-22,Non-Member
CUST01982,2024-05-15,Member
CUST01983,2024-06-12,Member
CUST01984,2025-12-10,Non-Member
CUST01985,2024-08-23,Non-Member
CUST01986,2024-06-01,Non-Member
CUST01987,2024-04-24,Member
CUST01988,2026-09-02,Non-Member
CUST01989,2024-11-20,Member
CUST01990,2024-04-07,Member
CUST01991,2024-11-02,Non-Member
CUST01992,2026-02-23,Member
CUST01993,2024-11-04,Non-Member
CUST01994,2026-06-18,Non-Member
CUST01995,2025-07-15,Non-Member
CUST01996,2025-03-07,Non-Member
CUST01997,2025-08-06,Member
CUST01998,2024-12-30,Member
CUST01999,2026-02-17,Member
CUST02000,2025-03-25,Non-Member
CUST02001,2025-02-18,Non-Member
CUST02002,2025-02-28,Member
CUST02003,2026-01-03,Member
CUST02004,2025-12-20,Member
CUST02005,2026-02-01,Non-Member
CUST02006,2025-08-01,Non-Member
CUST02007,2025-04-12,Non-Member
CUST02008,2025-10-30,Non-Member
CUST02009,2025-09-17,Member
CUST02010,2026-01-06,Non-Member
CUST02011,2026-03-08,Non-Member
CUST02012,2025-02-06,Member
CUST02013,2024-09-17,Non-Member
CUST02014,2026-01-02,Member
CUST02015,2024-08-08,Non-Member
CUST02016,2025-04-25,Non-Member
CUST02017,2026-04-23,Non-Member
CUST02018,2025-10-26,Non-Member
CUST02019,2026-09-14,Member
CUST02020,2026-08-16,Non-Member
CUST02021,2025-11-22,Non-Member
CUST02022,2025-08-08,Non-Member
CUST02023,2024-10-04,Non-Member
CUST02024,2026-05-23,Member
CUST02025,2024-08-27,Non-Member
CUST02026,2026-02-22,Non-Member
CUST02027,2026-05-19,Member
CUST02028,2024-12-30,Non-Member
CUST02029,2024-10-24,Non-Member
CUST02030,2025-03-26,Non-Member
CUST02031,2026-06-08,Non-Member
CUST02032,2026-06-09,Member
CUST02033,2025-10-05,Non-Member
CUST02034,2025-08-11,Member
CUST02035,2024-04-06,Non-Member
CUST02036,2026-01-06,Non-Member
CUST02037,2026-03-31,Non-Member
CUST02038,2024-05-23,Non-Member
CUST02039,2026-05-05,Non-Member
CUST02040,2026-08-28,Non-Member
CUST02041,2025-09-05,Non-Member
CUST02042,2025-09-25,Non-Member
CUST02043,2025-03-12,Non-Member
CUST02044,2024-07-23,Member
CUST02045,2024-06-04,Non-Member
CUST02046,2026-01-03,Non-Member
CUST02047,2024-04-22,Non-Member
CUST02048,2025-03-01,Non-Member
CUST02049,2026-07-20,Member
CUST02050,2024-05-30,Non-Member
CUST02051,2026-05-19,Member
CUST02052,2025-04-09,Member
CUST02053,2024-10-10,Non-Member
CUST02054,2026-02-08,Member
CUST02055,2026-01-20,Member
CUST02056,2025-07-19,Non-Member
CUST02057,2024-07-17,Non-Member
CUST02058,2026-03-03,Non-Member
CUST02059,2025-02-01,Member
CUST02060,2025-08-10,Non-Member
CUST02061,2026-06-12,Non-Member
CUST02062,2024-12-20,Non-Member
CUST02063,2024-09-02,Non-Member
CUST02064,2025-04-21,Member
CUST02065,2026-04-15,Non-Member
CUST02066,2026-05-04,Member
CUST02067,2025-09-05,Non-Member
CUST02068,2025-06-22,Member
CUST02069,2025-05-12,Non-Member
CUST02070,2026-02-13,Member
CUST02071,2025-06-27,Non-Member
CUST02072,2025-12-29,Member
CUST02073,2025-01-12,Non-Member
CUST02074,2024-10-04,Member
CUST02075,2025-02-11,Member
CUST02076,2026-09-19,Non-Member
CUST02077,2024-04-12,Non-Member
CUST02078,2026-08-30,Non-Member
CUST02079,2024-04-05,Non-Member
CUST02080,2026-08-23,Non-Member
CUST02081,2025-06-13,Non-Member
CUST02082,2026-06-17,Member
CUST02083,2026-06-27,Non-Member
CUST02084,2025-01-14,Non-Member
CUST02085,2024-12-05,Non-Member
CUST02086,2026-06-06,Non-Member
CUST02087,2024-04-25,Non-Member
CUST02088,2025-12-06,Non-Member
CUST02089,2025-12-08,Non-Member
CUST02090,2025-12-28,Member
CUST02091,2025-08-02,Non-Member
CUST02092,2026-04-14,Non-Member
CUST02093,2025-09-04,Non-Member
CUST02094,2026-03-16,Non-Member
CUST02095,2026-08-05,Member
CUST02096,2025-10-24,Member
CUST02097,2025-01-24,Member
CUST02098,2024-11-03,Non-Member
CUST02099,2025-11-07,Member
CUST02100,2025-12-03,Non-Member
CUST02101,2024-10-13,Non-Member
CUST02102,2025-01-16,Non-Member
CUST02103,2024-09-02,Member
CUST02104,2024-06-28,Non-Member
CUST02105,2024-09-12,Member
CUST02106,2024-06-01,Non-Member
CUST02107,2025-09-11,Member
CUST02108,2025-10-01,Member
CUST02109,2025-12-05,Member
CUST02110,2026-02-21,Non-Member
CUST02111,2024-11-16,Member
CUST02112,2024-12-17,Non-Member
CUST02113,2024-09-30,Non-Member
CUST02114,2026-04-23,Non-Member
CUST02115,2025-07-06,Member
CUST02116,2026-03-05,Member
CUST02117,2024-07-10,Non-Member
CUST02118,2026-01-23,Member
CUST02119,2026-05-14,Non-Member
CUST02120,2025-04-26,Member
CUST02121,2024-07-22,Non-Member
CUST02122,2024-06-19,Member
CUST02123,2026-06-26,Non-Member
CUST02124,2025-12-02,Member
CUST02125,2026-05-05,Non-Member
CUST02126,2025-12-18,Member
CUST02127,2025-05-29,Non-Member
CUST02128,2026-01-11,Non-Member
CUST02129,2026-07-22,Member
CUST02130,2025-06-19,Member
CUST02131,2026-08-04,Member
CUST02132,2026-03-01,Member
CUST02133,2026-09-20,Member
CUST02134,2026-07-04,Non-Member
CUST02135,2025-08-24,Non-Member
CUST02136,2024-08-17,Member
CUST02137,2024-10-24,Non-Member
CUST02138,2026-06-24,Member
CUST02139,2026-08-20,Non-Member
CUST02140,2025-11-21,Member
CUST02141,2025-02-11,Non-Member
CUST02142,2024-11-18,Non-Member
CUST02143,2024-09-11,Member
CUST02144,2025-11-17,Member
CUST02145,2026-04-22,Member
CUST02146,2026-08-28,Non-Member
CUST02147,2026-05-11,Non-Member
CUST02148,2026-07-24,Non-Member
CUST02149,2024-08-08,Non-Member
CUST02150,2026-01-22,Non-Member
CUST02151,2024-09-11,Non-Member
CUST02152,2025-05-11,Non-Member
CUST02153,2025-05-24,Non-Member
CUST02154,2025-08-08,Member
CUST02155,2024-09-14,Non-Member
CUST02156,2026-08-12,Member
CUST02157,2026-06-29,Member
CUST02158,2025-09-05,Non-Member
CUST02159,2025-10-01,Member
CUST02160,2025-05-18,Member
CUST02161,2024-11-26,Member
CUST02162,2025-04-10,Non-Member
CUST02163,2026-02-01,Non-Member
CUST02164,2025-11-30,Member
CUST02165,2024-11-13,Member
CUST02166,2026-03-23,Non-Member
CUST02167,2025-06-24,Non-Member
CUST02168,2025-05-24,Member
CUST02169,2024-11-15,Non-Member
CUST02170,2024-12-17,Non-Member
CUST02171,2025-07-30,Member
CUST02172,2025-12-17,Non-Member
CUST02173,2025-10-25,Non-Member
CUST02174,2025-09-15,Non-Member
CUST02175,2026-03-07,Non-Member
CUST02176,2025-03-07,Non-Member
CUST02177,2026-03-17,Non-Member
CUST02178,2025-02-14,Non-Member
CUST02179,2024-11-14,Non-Member
CUST02180,2024-05-09,Non-Member
CUST02181,2026-06-06,Non-Member
CUST02182,2024-11-07,Non-Member
CUST02183,2026-07-05,Member
CUST02184,2025-11-21,Member
CUST02185,2026-04-15,Non-Member
CUST02186,2026-04-28,Non-Member
CUST02187,2026-04-16,Member
CUST02188,2026-08-12,Non-Member
CUST02189,2024-09-11,Member
CUST02190,2026-07-28,Member
CUST02191,2025-09-27,Non-Member
CUST02192,2024-12-31,Member
CUST02193,2024-04-13,Non-Member
CUST02194,2024-08-14,Member
CUST02195,2026-05-20,Non-Member
CUST02196,2024-04-16,Member
CUST02197,2025-02-10,Non-Member
CUST02198,2026-04-12,Non-Member
CUST02199,2025-08-13,Member
CUST02200,2024-06-17,Member
CUST02201,2025-10-02,Member
CUST02202,2026-04-08,Non-Member
CUST02203,2024-07-26,Non-Member
CUST02204,2024-05-17,Non-Member
CUST02205,2024-04-26,Non-Member
CUST02206,2024-05-14,Non-Member
CUST02207,2024-07-28,Non-Member
CUST02208,2025-08-08,Non-Member
CUST02209,2026-04-01,Non-Member
CUST02210,2025-03-15,Non-Member
CUST02211,2026-03-06,Non-Member
CUST02212,2025-07-22,Member
CUST02213,2025-02-08,Member
CUST02214,2024-05-23,Member
CUST02215,2026-01-04,Non-Member
CUST02216,2026-02-06,Member
CUST02217,2024-11-29,Non-Member
CUST02218,2026-09-15,Non-Member
CUST02219,2025-04-29,Non-Member
CUST02220,2024-11-19,Non-Member
CUST02221,2025-05-13,Member
CUST02222,2025-10-10,Non-Member
CUST02223,2024-09-06,Member
CUST02224,2025-10-22,Non-Member
CUST02225,2024-12-21,Non-Member
CUST02226,2025-07-30,Non-Member
CUST02227,2026-08-28,Non-Member
CUST02228,2025-06-01,Member
CUST02229,2026-08-07,Non-Member
CUST02230,2024-06-06,Non-Member
CUST02231,2025-03-29,Non-Member
CUST02232,2025-10-21,Member
CUST02233,2025-07-10,Member
CUST02234,2025-03-13,Non-Member
CUST02235,2026-01-30,Member
CUST02236,2026-01-04,Non-Member
CUST02237,2025-09-09,Non-Member
CUST02238,2026-01-31,Non-Member
CUST02239,2024-11-08,Member
CUST02240,2026-06-19,Non-Member
CUST02241,2024-09-07,Member
CUST02242,2025-11-11,Non-Member
CUST02243,2025-05-04,Non-Member
CUST02244,2026-05-02,Member
CUST02245,2025-10-09,Member
CUST02246,2024-11-11,Member
CUST02247,2026-01-20,Non-Member
CUST02248,2026-05-25,Non-Member
CUST02249,2025-06-08,Member
CUST02250,2026-04-27,Member
CUST02251,2025-12-12,Non-Member
CUST02252,2025-08-12,Member
CUST02253,2025-05-01,Non-Member
CUST02254,2025-02-23,Non-Member
CUST02255,2025-01-20,Non-Member
CUST02256,2024-08-22,Non-Member
CUST02257,2026-07-23,Non-Member
CUST02258,2025-10-30,Non-Member
CUST02259,2026-09-20,Member
CUST02260,2026-09-12,Member
CUST02261,2026-03-14,Non-Member
CUST02262,2025-04-01,Member
CUST02263,2024-07-08,Non-Member
CUST02264,2024-10-25,Non-Member
CUST02265,2025-02-16,Non-Member
CUST02266,2024-10-21,Member
CUST02267,2026-04-19,Non-Member
CUST02268,2024-08-26,Non-Member
CUST02269,2024-07-12,Member
CUST02270,2026-06-27,Non-Member
CUST02271,2025-07-25,Non-Member
CUST02272,2024-09-04,Non-Member
CUST02273,2025-07-19,Non-Member
CUST02274,2024-08-26,Member
CUST02275,2024-06-01,Non-Member
CUST02276,2025-07-21,Non-Member
CUST02277,2026-07-29,Member
CUST02278,2025-11-19,Non-Member
CUST02279,2026-03-11,Member
CUST02280,2025-07-21,Member
CUST02281,2025-04-12,Non-Member
CUST02282,2025-07-30,Member
CUST02283,2026-03-29,Non-Member
CUST02284,2025-12-24,Member
CUST02285,2025-01-18,Non-Member
CUST02286,2026-08-27,Member
CUST02287,2026-03-12,Non-Member
CUST02288,2024-07-10,Member
CUST02289,2026-06-23,Non-Member
CUST02290,2025-09-13,Member
CUST02291,2026-03-18,Member
CUST02292,2026-06-18,Non-Member
CUST02293,2025-09-05,Non-Member
CUST02294,2025-06-09,Non-Member
CUST02295,2026-04-15,Member
CUST02296,2026-07-13,Member
CUST02297,2026-05-22,Non-Member
CUST02298,2025-02-12,Non-Member
CUST02299,2024-08-08,Member
CUST02300,2026-04-11,Non-Member
CUST02301,2025-12-06,Non-Member
CUST02302,2025-11-15,Non-Member
CUST02303,2025-10-31,Member
CUST02304,2026-02-13,Non-Member
CUST02305,2026-08-02,Member
CUST02306,2025-06-05,Non-Member
CUST02307,2025-11-03,Member
CUST02308,2025-11-17,Non-Member
CUST02309,2026-01-25,Non-Member
CUST02310,2024-06-07,Non-Member
CUST02311,2025-03-21,Member
CUST02312,2025-09-09,Member
CUST02313,2026-03-20,Non-Member
CUST02314,2024-09-30,Non-Member
CUST02315,2024-07-14,Non-Member
CUST02316,2026-08-22,Member
CUST02317,2024-06-07,Non-Member
CUST02318,2024-12-31,Member
CUST02319,2026-06-23,Member
CUST02320,2024-11-12,Member
CUST02321,2026-06-16,Non-Member
CUST02322,2026-08-06,Member
CUST02323,2026-06-09,Member
CUST02324,2025-08-03,Non-Member
CUST02325,2025-03-13,Non-Member
CUST02326,2025-09-19,Member
CUST02327,2026-06-03,Member
CUST02328,2026-03-25,Non-Member
CUST02329,2024-08-15,Member
CUST02330,2024-05-08,Member
CUST02331,2024-11-11,Non-Member
CUST02332,2026-06-20,Member
CUST02333,2024-09-13,Non-Member
CUST02334,2025-01-06,Member
CUST02335,2025-06-05,Member
CUST02336,2026-05-15,Member
CUST02337,2024-04-07,Member
CUST02338,2025-08-19,Member
CUST02339,2026-08-12,Member
CUST02340,2026-03-16,Non-Member
CUST02341,2025-09-25,Non-Member
CUST02342,2026-07-26,Member
CUST02343,2025-12-03,Non-Member
CUST02344,2025-07-26,Non-Member
CUST02345,2024-05-21,Non-Member
CUST02346,2026-07-05,Member
CUST02347,2025-04-20,Member
CUST02348,2024-06-19,Member
CUST02349,2024-09-26,Member
CUST02350,2024-06-11,Member
CUST02351,2026-04-20,Non-Member
CUST02352,2024-09-30,Non-Member
CUST02353,2024-04-24,Member
CUST02354,2025-12-01,Non-Member
CUST02355,2025-06-29,Member
CUST02356,2025-05-31,Non-Member
CUST02357,2025-07-04,Non-Member
CUST02358,2026-01-03,Member
CUST02359,2024-05-01,Non-Member
CUST02360,2024-05-14,Non-Member
CUST02361,2025-10-13,Non-Member
CUST02362,2024-09-27,Non-Member
CUST02363,2025-09-28,Non-Member
CUST02364,2024-10-06,Member
CUST02365,2025-04-13,Member
CUST02366,2025-07-25,Non-Member
CUST02367,2026-05-28,Member
CUST02368,2025-02-09,Non-Member
CUST02369,2025-12-06,Non-Member
CUST02370,2026-03-10,Non-Member
CUST02371,2026-03-31,Member
CUST02372,2024-04-21,Non-Member
CUST02373,2026-06-20,Member
CUST02374,2024-10-03,Member
CUST02375,2024-08-03,Member
CUST02376,2026-08-24,Non-Member
CUST02377,2025-04-09,Non-Member
CUST02378,2025-04-19,Member
CUST02379,2025-11-02,Non-Member
CUST02380,2025-01-29,Member
CUST02381,2025-09-18,Non-Member
CUST02382,2025-08-21,Member
CUST02383,2025-08-29,Non-Member
CUST02384,2024-10-01,Non-Member
CUST02385,2025-02-28,Non-Member
CUST02386,2025-10-15,Member
CUST02387,2024-06-09,Non-Member
CUST02388,2024-09-29,Non-Member
CUST02389,2024-06-04,Non-Member
CUST02390,2024-12-03,Non-Member
CUST02391,2025-10-04,Non-Member
CUST02392,2024-10-26,Member
CUST02393,2025-11-28,Non-Member
CUST02394,2026-01-20,Member
CUST02395,2025-08-11,Non-Member
CUST02396,2024-05-02,Member
CUST02397,2025-04-28,Member
CUST02398,2025-10-11,Non-Member
CUST02399,2025-08-01,Non-Member
CUST02400,2026-01-02,Non-Member
CUST02401,2025-02-05,Non-Member
CUST02402,2025-11-09,Member
CUST02403,2025-05-10,Member
CUST02404,2025-10-23,Member
CUST02405,2025-12-06,Non-Member
CUST02406,2024-05-01,Non-Member
CUST02407,2025-11-14,Non-Member
CUST02408,2026-07-19,Non-Member
CUST02409,2025-10-15,Member
CUST02410,2025-05-30,Non-Member
CUST02411,2026-06-27,Non-Member
CUST02412,2025-12-20,Non-Member
CUST02413,2026-04-24,Member
CUST02414,2025-06-27,Member
CUST02415,2024-12-09,Non-Member
CUST02416,2024-05-03,Member
CUST02417,2025-10-06,Non-Member
CUST02418,2024-08-05,Member
CUST02419,2026-03-12,Non-Member
CUST02420,2024-10-19,Non-Member
CUST02421,2025-05-03,Non-Member
CUST02422,2024-11-08,Member
CUST02423,2024-11-10,Member
CUST02424,2025-05-30,Member
CUST02425,2026-02-01,Non-Member
CUST02426,2025-06-04,Member
CUST02427,2024-09-07,Non-Member
CUST02428,2024-05-01,Member
CUST02429,2024-06-09,Member
CUST02430,2026-04-10,Non-Member
CUST02431,2025-04-01,Non-Member
CUST02432,2026-06-18,Non-Member
CUST02433,2025-01-27,Non-Member
CUST02434,2024-04-11,Non-Member
CUST02435,2026-08-04,Non-Member
CUST02436,2025-02-07,Non-Member
CUST02437,2024-05-23,Member
CUST02438,2024-08-20,Non-Member
CUST02439,2025-10-03,Non-Member
CUST02440,2026-06-19,Member
CUST02441,2024-06-12,Non-Member
CUST02442,2024-06-14,Non-Member
CUST02443,2025-04-18,Non-Member
CUST02444,2024-04-23,Member
CUST02445,2026-09-16,Non-Member
CUST02446,2025-03-15,Non-Member
CUST02447,2026-08-17,Member
CUST02448,2024-06-01,Member
CUST02449,2025-01-17,Member
CUST02450,2024-06-21,Member
CUST02451,2025-05-03,Non-Member
CUST02452,2026-07-08,Non-Member
CUST02453,2026-08-28,Member
CUST02454,2025-11-23,Member
CUST02455,2024-11-21,Non-Member
CUST02456,2026-05-08,Member
CUST02457,2024-08-15,Non-Member
CUST02458,2026-02-17,Member
CUST02459,2025-07-01,Member
CUST02460,2026-03-22,Non-Member
CUST02461,2025-07-29,Member
CUST02462,2025-08-10,Non-Member
CUST02463,2026-09-16,Member
CUST02464,2025-04-28,Non-Member
CUST02465,2024-10-13,Non-Member
CUST02466,2024-06-01,Non-Member
CUST02467,2025-11-27,Member
CUST02468,2024-07-21,Non-Member
CUST02469,2024-07-22,Non-Member
CUST02470,2024-04-15,Member
CUST02471,2025-10-20,Member
CUST02472,2024-08-17,Non-Member
CUST02473,2025-04-30,Member
CUST02474,2026-07-30,Non-Member
CUST02475,2026-01-20,Non-Member
CUST02476,2025-01-24,Member
CUST02477,2026-04-29,Non-Member
CUST02478,2025-08-26,Non-Member
CUST02479,2024-10-24,Member
CUST02480,2026-05-09,Non-Member
CUST02481,2025-07-01,Member
CUST02482,2026-03-11,Member
CUST02483,2025-05-26,Non-Member
CUST02484,2026-02-16,Member
CUST02485,2024-05-06,Non-Member
CUST02486,2026-07-14,Member
CUST02487,2024-05-07,Non-Member
CUST02488,2024-10-09,Member
CUST02489,2024-08-12,Non-Member
CUST02490,2024-08-16,Non-Member
CUST02491,2026-04-05,Non-Member
CUST02492,2024-06-05,Non-Member
CUST02493,2025-04-04,Non-Member
CUST02494,2024-05-09,Non-Member
CUST02495,2024-07-23,Non-Member
CUST02496,2025-04-17,Non-Member
CUST02497,2025-10-19,Non-Member
CUST02498,2026-06-07,Non-Member
CUST02499,2026-06-22,Member
CUST02500,2025-10-05,Non-Member
CUST02501,2024-09-21,Non-Member
CUST02502,2025-06-23,Member
CUST02503,2025-07-14,Member
CUST02504,2026-02-13,Non-Member
CUST02505,2025-05-01,Non-Member
CUST02506,2025-02-24,Member
CUST02507,2024-04-21,Member
CUST02508,2024-12-04,Member
CUST02509,2025-03-24,Non-Member
CUST02510,2024-06-24,Non-Member
CUST02511,2025-09-03,Non-Member
CUST02512,2024-06-02,Non-Member
CUST02513,2025-10-23,Non-Member
CUST02514,2026-05-29,Member
CUST02515,2025-09-10,Non-Member
CUST02516,2026-05-28,Member
CUST02517,2026-06-06,Member
CUST02518,2024-07-20,Non-Member
CUST02519,2024-10-06,Non-Member
CUST02520,2026-03-06,Member
CUST02521,2024-08-28,Non-Member
CUST02522,2026-07-21,Non-Member
CUST02523,2026-01-08,Member
CUST02524,2024-12-25,Member
CUST02525,2025-12-21,Member
CUST02526,2024-12-03,Non-Member
CUST02527,2024-07-26,Non-Member
CUST02528,2026-07-23,Non-Member
CUST02529,2026-08-30,Member
CUST02530,2024-05-28,Non-Member
CUST02531,2025-06-10,Non-Member
CUST02532,2025-06-22,Non-Member
CUST02533,2025-07-31,Member
CUST02534,2025-08-27,Non-Member
CUST02535,2025-01-08,Non-Member
CUST02536,2025-04-17,Member
CUST02537,2026-04-27,Member
CUST02538,2025-03-06,Member
CUST02539,2025-01-28,Member
CUST02540,2026-06-10,Non-Member
CUST02541,2025-10-17,Member
CUST02542,2024-10-10,Member
CUST02543,2025-03-13,Non-Member
CUST02544,2026-05-21,Member
CUST02545,2026-08-15,Member
CUST02546,2025-04-16,Non-Member
CUST02547,2025-08-01,Member
CUST02548,2024-05-10,Member
CUST02549,2025-06-08,Member
CUST02550,2024-06-05,Member
CUST02551,2026-03-12,Non-Member
CUST02552,2025-08-14,Member
CUST02553,2026-05-18,Member
CUST02554,2025-04-22,Non-Member
CUST02555,2026-04-04,Non-Member
CUST02556,2025-07-05,Member
CUST02557,2025-11-15,Member
CUST02558,2026-04-07,Non-Member
CUST02559,2026-06-25,Non-Member
CUST02560,2025-06-17,Non-Member
CUST02561,2024-05-22,Member
CUST02562,2026-03-26,Member
CUST02563,2025-09-21,Non-Member
CUST02564,2026-03-03,Non-Member
CUST02565,2024-09-23,Non-Member
CUST02566,2025-09-13,Member
CUST02567,2024-04-27,Non-Member
CUST02568,2026-02-12,Member
CUST02569,2026-07-10,Non-Member
CUST02570,2025-04-15,Non-Member
CUST02571,2025-02-12,Non-Member
CUST02572,2024-04-13,Member
CUST02573,2024-07-29,Non-Member
CUST02574,2024-07-18,Non-Member
CUST02575,2025-02-27,Non-Member
CUST02576,2025-11-01,Member
CUST02577,2025-08-31,Non-Member
CUST02578,2026-05-23,Member
CUST02579,2025-08-29,Member
CUST02580,2025-10-28,Member
CUST02581,2026-08-19,Member
CUST02582,2026-03-21,Member
CUST02583,2025-05-28,Non-Member
CUST02584,2025-10-23,Member
CUST02585,2024-04-10,Member
CUST02586,2025-07-17,Member
CUST02587,2024-05-12,Member
CUST02588,2025-02-04,Non-Member
CUST02589,2026-08-15,Non-Member
CUST02590,2026-03-22,Member
CUST02591,2024-12-25,Non-Member
CUST02592,2025-05-18,Non-Member
CUST02593,2025-12-23,Non-Member
CUST02594,2025-06-08,Member
CUST02595,2024-07-01,Member
CUST02596,2025-10-06,Non-Member
CUST02597,2026-08-11,Non-Member
CUST02598,2025-12-15,Non-Member
CUST02599,2024-06-01,Non-Member
CUST02600,2024-11-05,Member
CUST02601,2024-08-29,Non-Member
CUST02602,2024-06-23,Non-Member
CUST02603,2026-06-07,Member
CUST02604,2026-01-09,Non-Member
CUST02605,2026-07-29,Non-Member
CUST02606,2026-09-16,Non-Member
CUST02607,2024-08-31,Non-Member
CUST02608,2024-05-31,Non-Member
CUST02609,2026-05-03,Non-Member
CUST02610,2024-12-10,Non-Member
CUST02611,2025-05-28,Member
CUST02612,2026-07-20,Member
CUST02613,2024-06-19,Member
CUST02614,2024-07-29,Member
CUST02615,2025-04-28,Member
CUST02616,2024-12-23,Non-Member
CUST02617,2025-09-28,Member
CUST02618,2024-10-08,Member
CUST02619,2025-08-16,Non-Member
CUST02620,2024-04-14,Member
CUST02621,2026-07-26,Non-Member
CUST02622,2026-04-19,Non-Member
CUST02623,2024-05-03,Non-Member
CUST02624,2026-01-04,Member
CUST02625,2025-12-15,Member
CUST02626,2024-10-09,Non-Member
CUST02627,2026-04-03,Non-Member
CUST02628,2025-06-16,Member
CUST02629,2026-01-06,Non-Member
CUST02630,2026-03-27,Non-Member
CUST02631,2024-05-07,Member
CUST02632,2026-03-25,Non-Member
CUST02633,2026-06-28,Member
CUST02634,2025-01-23,Member
CUST02635,2024-08-02,Non-Member
CUST02636,2026-05-29,Member
CUST02637,2024-12-23,Non-Member
CUST02638,2025-05-22,Non-Member
CUST02639,2024-09-04,Member
CUST02640,2026-05-29,Non-Member
CUST02641,2024-04-26,Member
CUST02642,2025-03-13,Member
CUST02643,2024-08-24,Non-Member
CUST02644,2025-10-30,Non-Member
CUST02645,2024-05-25,Non-Member
CUST02646,2025-03-06,Member
CUST02647,2026-05-29,Member
CUST02648,2024-06-13,Non-Member
CUST02649,2024-10-05,Member
CUST02650,2025-12-25,Member
CUST02651,2025-05-18,Non-Member
CUST02652,2025-10-07,Member
CUST02653,2025-05-20,Member
CUST02654,2024-05-06,Member
CUST02655,2024-07-04,Non-Member
CUST02656,2026-03-11,Non-Member
CUST02657,2024-04-30,Non-Member
CUST02658,2025-08-23,Member
CUST02659,2024-12-26,Member
CUST02660,2024-11-02,Non-Member
CUST02661,2025-07-13,Member
CUST02662,2025-08-06,Non-Member
CUST02663,2025-08-06,Non-Member
CUST02664,2024-08-06,Non-Member
CUST02665,2025-10-08,Non-Member
CUST02666,2026-01-12,Non-Member
CUST02667,2025-10-30,Member
CUST02668,2026-03-29,Non-Member
CUST02669,2025-10-04,Non-Member
CUST02670,2026-06-10,Non-Member
CUST02671,2026-07-02,Non-Member
CUST02672,2024-12-09,Non-Member
CUST02673,2026-07-13,Non-Member
CUST02674,2025-04-28,Member
CUST02675,2024-10-19,Non-Member
CUST02676,2024-12-08,Non-Member
CUST02677,2025-08-15,Member
CUST02678,2026-03-30,Non-Member
CUST02679,2024-06-06,Non-Member
CUST02680,2024-08-31,Member
CUST02681,2025-03-19,Member
CUST02682,2026-07-05,Non-Member
CUST02683,2026-08-20,Member
CUST02684,2025-12-11,Member
CUST02685,2026-05-02,Non-Member
CUST02686,2024-08-08,Member
CUST02687,2026-03-19,Member
CUST02688,2026-01-09,Non-Member
CUST02689,2024-04-26,Member
CUST02690,2024-09-15,Non-Member
CUST02691,2026-03-08,Non-Member
CUST02692,2025-10-11,Non-Member
CUST02693,2025-06-14,Non-Member
CUST02694,2025-01-31,Non-Member
CUST02695,2024-06-01,Member
CUST02696,2024-07-29,Non-Member
CUST02697,2024-04-25,Member
CUST02698,2026-08-15,Non-Member
CUST02699,2026-02-20,Non-Member
CUST02700,2025-05-02,Member
CUST02701,2026-08-07,Member
CUST02702,2025-11-05,Non-Member
CUST02703,2026-05-05,Member
CUST02704,2024-06-04,Member
CUST02705,2026-07-26,Member
CUST02706,2026-05-10,Non-Member
CUST02707,2026-03-29,Non-Member
CUST02708,2026-05-10,Non-Member
CUST02709,2025-04-27,Non-Member
CUST02710,2025-10-28,Member
CUST02711,2024-06-22,Member
CUST02712,2026-01-29,Non-Member
CUST02713,2025-05-26,Non-Member
CUST02714,2025-02-04,Non-Member
CUST02715,2025-03-07,Non-Member
CUST02716,2024-10-05,Non-Member
CUST02717,2026-03-23,Non-Member
CUST02718,2025-06-21,Non-Member
CUST02719,2024-10-01,Non-Member
CUST02720,2024-08-06,Non-Member
CUST02721,2025-03-14,Non-Member
CUST02722,2025-02-11,Non-Member
CUST02723,2024-08-05,Non-Member
CUST02724,2025-03-08,Member
CUST02725,2024-05-20,Member
CUST02726,2026-05-29,Non-Member
CUST02727,2025-11-12,Non-Member
CUST02728,2026-06-12,Non-Member
CUST02729,2026-07-01,Non-Member
CUST02730,2025-07-23,Member
CUST02731,2026-03-01,Non-Member
CUST02732,2025-09-19,Non-Member
CUST02733,2025-08-23,Non-Member
CUST02734,2025-03-11,Non-Member
CUST02735,2024-05-23,Member
CUST02736,2024-08-18,Non-Member
CUST02737,2025-10-15,Non-Member
CUST02738,2025-12-02,Non-Member
CUST02739,2024-10-28,Non-Member
CUST02740,2026-06-01,Member
CUST02741,2025-05-23,Non-Member
CUST02742,2025-09-05,Non-Member
CUST02743,2026-04-09,Member
CUST02744,2025-03-15,Non-Member
CUST02745,2025-12-06,Member
CUST02746,2026-04-07,Member
CUST02747,2025-02-10,Member
CUST02748,2026-04-17,Member
CUST02749,2025-01-24,Non-Member
CUST02750,2026-04-28,Non-Member
CUST02751,2025-08-26,Member
CUST02752,2024-09-24,Non-Member
CUST02753,2026-02-27,Member
CUST02754,2024-10-30,Member
CUST02755,2024-12-11,Member
CUST02756,2024-07-01,Non-Member
CUST02757,2026-04-22,Member
CUST02758,2024-12-17,Non-Member
CUST02759,2024-05-31,Member
CUST02760,2024-11-04,Non-Member
CUST02761,2026-04-05,Non-Member
CUST02762,2024-09-11,Member
CUST02763,2026-06-16,Member
CUST02764,2025-04-09,Non-Member
CUST02765,2025-06-30,Non-Member
CUST02766,2025-05-31,Non-Member
CUST02767,2025-06-10,Member
CUST02768,2026-08-23,Member
CUST02769,2025-06-21,Non-Member
CUST02770,2024-05-31,Non-Member
CUST02771,2025-08-24,Member
CUST02772,2026-01-15,Non-Member
CUST02773,2024-04-09,Non-Member
CUST02774,2026-06-24,Member
CUST02775,2025-07-10,Member
CUST02776,2025-06-17,Member
CUST02777,2025-07-18,Non-Member
CUST02778,2024-06-14,Non-Member
CUST02779,2025-09-06,Non-Member
CUST02780,2024-04-29,Member
CUST02781,2026-07-22,Non-Member
CUST02782,2024-11-30,Non-Member
CUST02783,2025-04-05,Non-Member
CUST02784,2026-02-16,Non-Member
CUST02785,2026-02-28,Member
CUST02786,2024-12-13,Non-Member
CUST02787,2025-02-24,Member
CUST02788,2025-03-20,Member
CUST02789,2026-08-06,Member
CUST02790,2025-04-01,Non-Member
CUST02791,2024-04-21,Non-Member
CUST02792,2026-09-05,Member
CUST02793,2025-07-26,Non-Member
CUST02794,2025-07-03,Non-Member
CUST02795,2024-07-06,Member
CUST02796,2026-01-09,Non-Member
CUST02797,2025-07-20,Member
CUST02798,2024-12-15,Non-Member
CUST02799,2026-07-28,Member
CUST02800,2024-09-30,Member
CUST02801,2024-09-11,Non-Member
CUST02802,2024-12-13,Member
CUST02803,2025-02-15,Non-Member
CUST02804,2024-11-17,Non-Member
CUST02805,2024-10-18,Member
CUST02806,2024-06-30,Non-Member
CUST02807,2025-09-01,Non-Member
CUST02808,2025-08-07,Non-Member
CUST02809,2025-02-24,Non-Member
CUST02810,2026-03-31,Member
CUST02811,2024-08-12,Member
CUST02812,2024-10-28,Non-Member
CUST02813,2025-03-02,Non-Member
CUST02814,2025-12-23,Non-Member
CUST02815,2025-11-12,Non-Member
CUST02816,2025-08-25,Member
CUST02817,2025-02-02,Non-Member
CUST02818,2024-10-21,Member
CUST02819,2025-01-25,Member
CUST02820,2024-06-06,Non-Member
CUST02821,2024-05-10,Member
CUST02822,2024-12-26,Non-Member
CUST02823,2025-10-22,Member
CUST02824,2025-03-31,Non-Member
CUST02825,2025-09-03,Non-Member
CUST02826,2025-03-04,Non-Member
CUST02827,2024-09-20,Non-Member
CUST02828,2025-10-23,Non-Member
CUST02829,2025-06-23,Member
CUST02830,2026-08-10,Member
CUST02831,2024-11-27,Member
CUST02832,2025-07-07,Non-Member
CUST02833,2025-08-03,Non-Member
CUST02834,2025-05-30,Member
CUST02835,2026-03-11,Member
CUST02836,2025-04-01,Non-Member
CUST02837,2024-11-20,Non-Member
CUST02838,2025-11-10,Member
CUST02839,2026-05-26,Non-Member
CUST02840,2025-10-08,Non-Member
CUST02841,2026-03-26,Non-Member
CUST02842,2025-10-19,Member
CUST02843,2025-03-06,Non-Member
CUST02844,2026-06-11,Member
CUST02845,2024-11-18,Member
CUST02846,2026-03-03,Non-Member
CUST02847,2024-07-08,Non-Member
CUST02848,2024-12-01,Member
CUST02849,2026-01-18,Non-Member
CUST02850,2025-05-02,Member
CUST02851,2026-06-13,Non-Member
CUST02852,2026-06-23,Non-Member
CUST02853,2024-05-14,Non-Member
CUST02854,2024-09-29,Non-Member
CUST02855,2026-05-05,Non-Member
CUST02856,2026-01-09,Non-Member
CUST02857,2026-03-27,Non-Member
CUST02858,2025-09-30,Non-Member
CUST02859,2026-01-02,Member
CUST02860,2025-11-30,Non-Member
CUST02861,2025-06-02,Member
CUST02862,2026-04-04,Non-Member
CUST02863,2024-07-19,Member
CUST02864,2024-12-05,Member
CUST02865,2024-11-06,Non-Member
CUST02866,2026-04-21,Member
CUST02867,2024-12-23,Member
CUST02868,2024-08-30,Non-Member
CUST02869,2026-04-16,Member
CUST02870,2024-11-14,Member
CUST02871,2025-11-03,Non-Member
CUST02872,2024-10-12,Member
CUST02873,2025-07-17,Member
CUST02874,2024-09-29,Member
CUST02875,2026-05-11,Member
CUST02876,2025-10-06,Member
CUST02877,2026-01-18,Member
CUST02878,2026-02-09,Non-Member
CUST02879,2025-12-17,Non-Member
CUST02880,2025-10-12,Member
CUST02881,2026-05-29,Member
CUST02882,2024-12-24,Non-Member
CUST02883,2025-05-14,Non-Member
CUST02884,2024-09-05,Non-Member
CUST02885,2024-12-26,Non-Member
CUST02886,2026-05-10,Member
CUST02887,2026-07-20,Non-Member
CUST02888,2025-09-05,Non-Member
CUST02889,2025-07-15,Non-Member
CUST02890,2026-02-17,Member
CUST02891,2024-10-17,Member
CUST02892,2025-04-16,Member
CUST02893,2024-11-17,Member
CUST02894,2026-06-14,Member
CUST02895,2024-09-18,Non-Member
CUST02896,2026-03-19,Member
CUST02897,2025-08-14,Non-Member
CUST02898,2025-08-22,Member
CUST02899,2024-09-13,Member
CUST02900,2026-01-15,Non-Member
CUST02901,2026-02-16,Non-Member
CUST02902,2025-11-19,Member
CUST02903,2025-10-31,Non-Member
CUST02904,2026-04-10,Member
CUST02905,2026-04-15,Member
CUST02906,2026-02-25,Non-Member
CUST02907,2025-07-27,Member
CUST02908,2025-11-16,Non-Member
CUST02909,2025-10-03,Member
CUST02910,2024-12-13,Non-Member
CUST02911,2026-02-16,Non-Member
CUST02912,2024-06-25,Member
CUST02913,2024-11-14,Member
CUST02914,2026-04-16,Non-Member
CUST02915,2025-12-12,Non-Member
CUST02916,2026-04-08,Non-Member
CUST02917,2026-01-18,Non-Member
CUST02918,2025-10-27,Non-Member
CUST02919,2026-05-26,Member
CUST02920,2026-09-08,Non-Member
CUST02921,2025-08-22,Member
CUST02922,2024-12-29,Non-Member
CUST02923,2025-12-22,Member
CUST02924,2024-08-08,Member
CUST02925,2025-10-24,Non-Member
CUST02926,2024-07-03,Non-Member
CUST02927,2026-02-20,Non-Member
CUST02928,2025-05-24,Non-Member
CUST02929,2024-11-03,Non-Member
CUST02930,2026-07-29,Non-Member
CUST02931,2024-06-06,Non-Member
CUST02932,2025-10-27,Non-Member
CUST02933,2025-06-30,Non-Member
CUST02934,2025-03-05,Non-Member
CUST02935,2025-02-19,Non-Member
CUST02936,2026-08-30,Member
CUST02937,2024-08-02,Non-Member
CUST02938,2025-03-09,Member
CUST02939,2024-04-06,Member
CUST02940,2025-07-24,Non-Member
CUST02941,2025-03-18,Member
CUST02942,2025-08-20,Non-Member
CUST02943,2024-07-13,Non-Member
CUST02944,2024-09-02,Member
CUST02945,2024-06-26,Non-Member
CUST02946,2025-06-24,Member
CUST02947,2024-10-09,Non-Member
CUST02948,2025-11-02,Non-Member
CUST02949,2025-08-02,Member
CUST02950,2024-11-06,Member
CUST02951,2026-07-10,Member
CUST02952,2024-12-21,Member
CUST02953,2026-09-06,Member
CUST02954,2025-04-16,Non-Member
CUST02955,2025-07-18,Member
CUST02956,2025-07-26,Non-Member
CUST02957,2025-07-03,Member
CUST02958,2025-07-05,Non-Member
CUST02959,2025-09-19,Member
CUST02960,2025-08-11,Non-Member
CUST02961,2025-04-28,Non-Member
CUST02962,2024-11-03,Member
CUST02963,2025-05-12,Non-Member
CUST02964,2025-02-20,Member
CUST02965,2024-08-29,Non-Member
CUST02966,2024-04-14,Non-Member
CUST02967,2026-06-15,Non-Member
CUST02968,2024-12-19,Member
CUST02969,2026-03-02,Member
CUST02970,2026-03-28,Member
CUST02971,2024-10-08,Member
CUST02972,2026-07-21,Member
CUST02973,2024-08-19,Non-Member
CUST02974,2024-10-28,Non-Member
CUST02975,2024-04-09,Non-Member
CUST02976,2025-01-28,Member
CUST02977,2024-07-28,Member
CUST02978,2026-06-06,Non-Member
CUST02979,2024-07-12,Member
CUST02980,2026-04-29,Member
CUST02981,2025-12-12,Non-Member
CUST02982,2026-05-28,Non-Member
CUST02983,2025-09-24,Non-Member
CUST02984,2024-11-16,Member
CUST02985,2026-01-22,Non-Member
CUST02986,2024-09-11,Member
CUST02987,2025-03-24,Member
CUST02988,2025-03-04,Non-Member
CUST02989,2024-05-30,Member
CUST02990,2025-08-28,Non-Member
CUST02991,2025-11-15,Non-Member
CUST02992,2024-04-09,Member
CUST02993,2025-05-08,Non-Member
CUST02994,2025-03-17,Non-Member
CUST02995,2025-12-28,Non-Member
CUST02996,2026-03-11,Non-Member
CUST02997,2026-04-21,Non-Member
CUST02998,2026-03-04,Member
CUST02999,2026-03-29,Non-Member
CUST03000,2024-11-18,Non-Member
CUST03001,2026-07-30,Member
CUST03002,2025-03-04,Member
CUST03003,2024-05-20,Non-Member
CUST03004,2024-11-01,Non-Member
CUST03005,2025-09-23,Non-Member
CUST03006,2026-07-29,Non-Member
CUST03007,2024-09-01,Non-Member
CUST03008,2026-09-18,Non-Member
CUST03009,2025-01-16,Non-Member
CUST03010,2025-01-25,Member
CUST03011,2026-04-01,Member
CUST03012,2024-11-24,Non-Member
CUST03013,2026-04-16,Non-Member
CUST03014,2026-03-02,Non-Member
CUST03015,2024-09-21,Member
CUST03016,2024-04-23,Member
CUST03017,2026-01-26,Non-Member
CUST03018,2024-06-14,Non-Member
CUST03019,2024-06-21,Member
CUST03020,2024-10-29,Non-Member
CUST03021,2026-05-18,Non-Member
CUST03022,2025-12-25,Non-Member
CUST03023,2025-01-19,Member
CUST03024,2024-04-05,Non-Member
CUST03025,2024-09-18,Non-Member
CUST03026,2025-09-08,Non-Member
CUST03027,2026-02-21,Member
CUST03028,2024-05-10,Non-Member
CUST03029,2026-01-15,Non-Member
CUST03030,2025-11-17,Member
CUST03031,2024-05-06,Non-Member
CUST03032,2025-05-04,Non-Member
CUST03033,2026-01-26,Non-Member
CUST03034,2026-09-16,Member
CUST03035,2025-08-30,Non-Member
CUST03036,2024-04-17,Member
CUST03037,2025-08-28,Non-Member
CUST03038,2024-12-31,Non-Member
CUST03039,2026-02-05,Member
CUST03040,2024-10-23,Member
CUST03041,2024-10-23,Member
CUST03042,2025-03-23,Non-Member
CUST03043,2024-10-27,Non-Member
CUST03044,2025-04-18,Non-Member
CUST03045,2025-10-15,Member
CUST03046,2024-11-26,Member
CUST03047,2024-08-31,Member
CUST03048,2024-08-25,Non-Member
CUST03049,2026-03-13,Non-Member
CUST03050,2025-01-20,Non-Member
CUST03051,2026-09-17,Member
CUST03052,2025-04-24,Non-Member
CUST03053,2025-04-25,Member
CUST03054,2025-10-29,Non-Member
CUST03055,2024-04-10,Non-Member
CUST03056,2024-07-19,Non-Member
CUST03057,2026-08-17,Non-Member
CUST03058,2026-03-17,Member
CUST03059,2026-03-18,Non-Member
CUST03060,2024-07-06,Member
CUST03061,2025-06-11,Non-Member
CUST03062,2024-12-04,Member
CUST03063,2024-09-22,Member
CUST03064,2024-10-30,Member
CUST03065,2026-07-02,Member
CUST03066,2026-05-17,Non-Member
CUST03067,2025-09-30,Non-Member
CUST03068,2025-11-20,Member
CUST03069,2024-11-18,Non-Member
CUST03070,2026-05-03,Non-Member
CUST03071,2025-10-21,Member
CUST03072,2026-02-20,Non-Member
CUST03073,2026-04-04,Non-Member
CUST03074,2026-04-18,Non-Member
CUST03075,2026-03-29,Member
CUST03076,2025-05-01,Non-Member
CUST03077,2025-09-17,Member
CUST03078,2025-08-25,Member
CUST03079,2025-07-17,Non-Member
CUST03080,2024-11-23,Non-Member
CUST03081,2024-08-07,Non-Member
CUST03082,2025-06-04,Member
CUST03083,2025-02-20,Member
CUST03084,2024-11-26,Member
CUST03085,2025-01-08,Member
CUST03086,2026-05-23,Member
CUST03087,2024-04-20,Non-Member
CUST03088,2026-04-25,Non-Member
CUST03089,2025-09-15,Non-Member
CUST03090,2025-02-11,Member
CUST03091,2025-09-23,Member
CUST03092,2026-02-14,Non-Member
CUST03093,2024-06-12,Member
CUST03094,2026-07-18,Non-Member
CUST03095,2026-02-11,Member
CUST03096,2024-04-11,Non-Member
CUST03097,2024-12-03,Non-Member
CUST03098,2026-07-04,Non-Member
CUST03099,2024-11-11,Non-Member
CUST03100,2024-05-02,Non-Member
CUST03101,2026-06-25,Member
CUST03102,2025-09-13,Non-Member
CUST03103,2025-07-27,Non-Member
CUST03104,2026-05-26,Non-Member
CUST03105,2026-03-24,Non-Member
CUST03106,2026-04-17,Member
CUST03107,2026-04-07,Non-Member
CUST03108,2025-09-23,Non-Member
CUST03109,2025-07-31,Member
CUST03110,2026-02-19,Member
CUST03111,2026-01-03,Member
CUST03112,2026-04-01,Non-Member
CUST03113,2024-10-05,Member
CUST03114,2026-03-14,Member
CUST03115,2024-06-27,Member
CUST03116,2025-05-24,Non-Member
CUST03117,2024-09-29,Member
CUST03118,2025-02-25,Member
CUST03119,2026-01-24,Non-Member
CUST03120,2025-03-29,Member
CUST03121,2026-01-17,Non-Member
CUST03122,2026-06-06,Non-Member
CUST03123,2026-02-03,Non-Member
CUST03124,2026-01-16,Non-Member
CUST03125,2026-05-22,Member
CUST03126,2026-08-30,Member
CUST03127,2024-05-25,Member
CUST03128,2025-06-16,Member
CUST03129,2025-09-24,Member
CUST03130,2024-06-06,Non-Member
CUST03131,2026-03-03,Member
CUST03132,2025-09-23,Member
CUST03133,2024-08-20,Non-Member
CUST03134,2025-03-01,Non-Member
CUST03135,2025-09-27,Member
CUST03136,2026-02-03,Member
CUST03137,2026-08-20,Member
CUST03138,2026-07-06,Member
CUST03139,2026-04-28,Non-Member
CUST03140,2024-10-13,Non-Member
CUST03141,2025-02-23,Non-Member
CUST03142,2025-08-27,Non-Member
CUST03143,2024-10-17,Non-Member
CUST03144,2026-04-29,Non-Member
CUST03145,2026-03-15,Member
CUST03146,2025-10-02,Member
CUST03147,2024-06-18,Non-Member
CUST03148,2025-03-17,Non-Member
CUST03149,2024-08-16,Member
CUST03150,2026-02-09,Member
CUST03151,2024-08-19,Member
CUST03152,2026-07-17,Member
CUST03153,2026-02-28,Non-Member
CUST03154,2025-06-07,Non-Member
CUST03155,2026-08-06,Non-Member
CUST03156,2024-08-10,Member
CUST03157,2024-08-02,Member
CUST03158,2025-05-22,Non-Member
CUST03159,2025-12-20,Non-Member
CUST03160,2026-06-24,Member
CUST03161,2025-03-13,Member
CUST03162,2025-05-25,Non-Member
CUST03163,2024-11-06,Non-Member
CUST03164,2025-03-28,Non-Member
CUST03165,2026-05-28,Non-Member
CUST03166,2026-06-03,Non-Member
CUST03167,2024-10-19,Non-Member
CUST03168,2026-05-01,Member
CUST03169,2024-05-30,Non-Member
CUST03170,2026-06-17,Non-Member
CUST03171,2024-12-05,Member
CUST03172,2024-04-27,Non-Member
CUST03173,2025-08-20,Member
CUST03174,2026-08-01,Member
CUST03175,2024-07-24,Member
CUST03176,2026-04-05,Non-Member
CUST03177,2025-06-03,Non-Member
CUST03178,2024-04-18,Non-Member
CUST03179,2024-11-20,Non-Member
CUST03180,2026-08-10,Non-Member
CUST03181,2024-09-13,Non-Member
CUST03182,2026-04-29,Non-Member
CUST03183,2024-11-16,Member
CUST03184,2025-03-11,Non-Member
CUST03185,2026-01-05,Non-Member
CUST03186,2025-09-05,Non-Member
CUST03187,2026-06-07,Member
CUST03188,2024-04-16,Non-Member
CUST03189,2026-02-18,Non-Member
CUST03190,2025-12-17,Member
CUST03191,2025-06-25,Non-Member
CUST03192,2025-01-24,Member
CUST03193,2025-06-23,Member
CUST03194,2025-06-23,Member
CUST03195,2025-04-15,Non-Member
CUST03196,2024-08-10,Non-Member
CUST03197,2025-09-30,Member
CUST03198,2024-09-02,Non-Member
CUST03199,2024-10-13,Member
CUST03200,2024-05-10,Non-Member
CUST03201,2024-06-22,Non-Member
CUST03202,2024-10-03,Non-Member
CUST03203,2026-02-11,Non-Member
CUST03204,2024-10-24,Non-Member
CUST03205,2024-11-27,Non-Member
CUST03206,2026-01-03,Member
CUST03207,2025-01-19,Member
CUST03208,2026-02-05,Member
CUST03209,2025-06-07,Non-Member
CUST03210,2024-10-04,Non-Member
CUST03211,2026-04-04,Non-Member
CUST03212,2025-11-22,Member
CUST03213,2024-10-06,Member
CUST03214,2025-08-09,Non-Member
CUST03215,2024-05-10,Non-Member
CUST03216,2026-09-13,Member
CUST03217,2024-12-11,Member
CUST03218,2024-09-19,Member
CUST03219,2024-06-17,Non-Member
CUST03220,2026-05-03,Member
CUST03221,2024-04-19,Member
CUST03222,2025-10-03,Non-Member
CUST03223,2025-11-08,Member
CUST03224,2025-11-05,Member
CUST03225,2025-02-24,Member
CUST03226,2025-02-05,Non-Member
CUST03227,2025-07-21,Non-Member
CUST03228,2026-07-19,Member
CUST03229,2024-04-17,Member
CUST03230,2026-03-05,Non-Member
CUST03231,2026-06-28,Non-Member
CUST03232,2025-04-01,Member
CUST03233,2025-09-15,Member
CUST03234,2025-03-16,Member
CUST03235,2024-07-25,Non-Member
CUST03236,2026-06-25,Non-Member
CUST03237,2026-01-08,Non-Member
CUST03238,2025-06-13,Member
CUST03239,2024-10-12,Non-Member
CUST03240,2025-03-30,Non-Member
CUST03241,2025-10-11,Member
CUST03242,2025-03-21,Member
CUST03243,2024-04-22,Member
CUST03244,2025-07-16,Non-Member
CUST03245,2024-07-18,Non-Member
CUST03246,2024-10-19,Non-Member
CUST03247,2025-12-24,Non-Member
CUST03248,2026-02-08,Member
CUST03249,2024-10-28,Member
CUST03250,2026-03-18,Member
CUST03251,2025-11-22,Non-Member
CUST03252,2026-02-21,Non-Member
CUST03253,2025-03-24,Member
CUST03254,2025-12-30,Member
CUST03255,2025-02-06,Non-Member
CUST03256,2024-06-02,Non-Member
CUST03257,2024-09-05,Non-Member
CUST03258,2024-05-21,Member
CUST03259,2026-08-30,Non-Member
CUST03260,2025-08-07,Non-Member
CUST03261,2026-03-07,Non-Member
CUST03262,2024-06-17,Non-Member
CUST03263,2024-12-19,Non-Member
CUST03264,2025-12-07,Non-Member
CUST03265,2025-05-02,Non-Member
CUST03266,2025-03-25,Non-Member
CUST03267,2025-07-02,Member
CUST03268,2025-07-21,Non-Member
CUST03269,2026-08-02,Non-Member
CUST03270,2025-08-10,Member
CUST03271,2025-11-11,Member
CUST03272,2024-09-15,Non-Member
CUST03273,2024-08-04,Non-Member
CUST03274,2024-11-15,Non-Member
CUST03275,2026-08-24,Non-Member
CUST03276,2024-08-25,Non-Member
CUST03277,2025-09-29,Non-Member
CUST03278,2025-09-11,Member
CUST03279,2024-05-24,Member
CUST03280,2024-08-02,Non-Member
CUST03281,2026-08-06,Member
CUST03282,2025-11-01,Non-Member
CUST03283,2024-11-16,Non-Member
CUST03284,2025-05-24,Non-Member
CUST03285,2026-02-01,Member
CUST03286,2025-06-06,Non-Member
CUST03287,2024-08-02,Member
CUST03288,2026-03-04,Non-Member
CUST03289,2024-11-19,Member
CUST03290,2024-11-29,Non-Member
CUST03291,2024-07-16,Non-Member
CUST03292,2025-12-27,Member
CUST03293,2026-03-10,Member
CUST03294,2025-05-16,Non-Member
CUST03295,2025-05-31,Member
CUST03296,2025-09-17,Member
CUST03297,2024-10-20,Non-Member
CUST03298,2024-10-02,Non-Member
CUST03299,2026-02-12,Non-Member
CUST03300,2024-10-05,Member
CUST03301,2026-02-25,Non-Member
CUST03302,2025-09-19,Non-Member
CUST03303,2026-08-27,Non-Member
CUST03304,2025-11-18,Non-Member
CUST03305,2024-05-12,Member
CUST03306,2025-08-19,Member
CUST03307,2024-12-21,Non-Member
CUST03308,2026-06-15,Member
CUST03309,2025-02-26,Non-Member
CUST03310,2025-10-21,Member
CUST03311,2024-11-21,Member
CUST03312,2024-06-08,Member
CUST03313,2025-05-31,Non-Member
CUST03314,2026-06-20,Non-Member
CUST03315,2025-07-19,Member
CUST03316,2026-06-02,Member
CUST03317,2025-08-12,Member
CUST03318,2026-07-28,Non-Member
CUST03319,2025-02-22,Member
CUST03320,2025-12-15,Non-Member
CUST03321,2026-03-23,Member
CUST03322,2026-09-05,Member
CUST03323,2024-07-14,Non-Member
CUST03324,2024-08-29,Non-Member
CUST03325,2024-09-21,Member
CUST03326,2026-07-30,Non-Member
CUST03327,2025-11-10,Member
CUST03328,2024-04-30,Member
CUST03329,2025-04-18,Member
CUST03330,2026-05-28,Non-Member
CUST03331,2026-05-17,Non-Member
CUST03332,2026-01-27,Member
CUST03333,2024-04-29,Non-Member
CUST03334,2026-04-21,Non-Member
CUST03335,2024-07-01,Non-Member
CUST03336,2025-01-19,Non-Member
CUST03337,2024-06-14,Non-Member
CUST03338,2024-09-08,Non-Member
CUST03339,2025-11-26,Member
CUST03340,2024-09-06,Non-Member
CUST03341,2026-04-21,Non-Member
CUST03342,2026-01-02,Non-Member
CUST03343,2026-03-14,Non-Member
CUST03344,2026-05-24,Member
CUST03345,2026-07-02,Non-Member
CUST03346,2026-04-05,Member
CUST03347,2026-06-05,Non-Member
CUST03348,2025-10-13,Member
CUST03349,2026-07-18,Member
CUST03350,2026-07-27,Non-Member
CUST03351,2024-04-14,Non-Member
CUST03352,2026-07-04,Non-Member
CUST03353,2026-07-16,Non-Member
CUST03354,2026-08-24,Member
CUST03355,2026-05-24,Non-Member
CUST03356,2025-06-03,Member
CUST03357,2024-09-07,Non-Member
CUST03358,2024-11-29,Non-Member
CUST03359,2025-04-17,Member
CUST03360,2026-07-06,Non-Member
CUST03361,2024-10-24,Non-Member
CUST03362,2026-08-18,Member
CUST03363,2025-03-02,Non-Member
CUST03364,2025-09-18,Non-Member
CUST03365,2024-07-19,Member
CUST03366,2025-12-18,Non-Member
CUST03367,2025-02-24,Member
CUST03368,2025-08-21,Member
CUST03369,2025-06-08,Non-Member
CUST03370,2024-05-30,Member
CUST03371,2024-12-19,Member
CUST03372,2025-09-13,Non-Member
CUST03373,2025-08-14,Member
CUST03374,2024-12-26,Non-Member
CUST03375,2025-11-13,Non-Member
CUST03376,2026-04-23,Member
CUST03377,2025-07-27,Non-Member
CUST03378,2026-07-21,Member
CUST03379,2026-04-21,Non-Member
CUST03380,2025-09-07,Member
CUST03381,2024-10-04,Non-Member
CUST03382,2024-10-18,Member
CUST03383,2026-01-29,Non-Member
CUST03384,2025-09-06,Member
CUST03385,2026-05-05,Member
CUST03386,2024-11-11,Non-Member
CUST03387,2026-02-11,Non-Member
CUST03388,2024-10-02,Non-Member
CUST03389,2024-08-24,Member
CUST03390,2025-01-09,Member
CUST03391,2025-11-28,Member
CUST03392,2024-05-17,Member
CUST03393,2025-01-12,Non-Member
CUST03394,2025-02-17,Non-Member
CUST03395,2024-08-12,Non-Member
CUST03396,2024-07-20,Member
CUST03397,2026-07-13,Non-Member
CUST03398,2024-07-20,Non-Member
CUST03399,2024-11-02,Member
CUST03400,2026-03-19,Non-Member
CUST03401,2025-12-18,Member
CUST03402,2024-11-13,Member
CUST03403,2026-03-10,Non-Member
CUST03404,2025-08-10,Member
CUST03405,2025-01-09,Non-Member
CUST03406,2025-02-13,Member
CUST03407,2024-06-25,Member
CUST03408,2026-06-12,Member
CUST03409,2025-12-29,Member
CUST03410,2024-04-18,Non-Member
CUST03411,2025-04-27,Member
CUST03412,2026-02-09,Non-Member
CUST03413,2026-01-03,Non-Member
CUST03414,2025-11-20,Member
CUST03415,2025-05-10,Member
CUST03416,2026-01-08,Non-Member
CUST03417,2025-03-10,Non-Member
CUST03418,2025-08-16,Non-Member
CUST03419,2025-03-21,Member
CUST03420,2026-05-04,Non-Member
CUST03421,2025-03-09,Non-Member
CUST03422,2024-06-11,Member
CUST03423,2026-05-22,Member
CUST03424,2025-11-30,Non-Member
CUST03425,2025-01-05,Member
CUST03426,2025-03-14,Member
CUST03427,2025-01-22,Member
CUST03428,2025-05-05,Non-Member
CUST03429,2025-01-15,Non-Member
CUST03430,2025-03-22,Member
CUST03431,2026-07-16,Non-Member
CUST03432,2024-11-14,Non-Member
CUST03433,2025-08-15,Member
CUST03434,2026-08-05,Non-Member
CUST03435,2025-09-18,Member
CUST03436,2025-08-25,Member
CUST03437,2026-07-05,Non-Member
CUST03438,2024-04-08,Non-Member
CUST03439,2026-03-05,Member
CUST03440,2025-11-27,Non-Member
CUST03441,2025-08-20,Non-Member
CUST03442,2024-09-02,Member
CUST03443,2024-11-22,Non-Member
CUST03444,2024-10-27,Non-Member
CUST03445,2026-02-19,Member
CUST03446,2024-08-21,Non-Member
CUST03447,2024-09-05,Member
CUST03448,2025-07-30,Member
CUST03449,2025-05-18,Non-Member
CUST03450,2026-08-18,Non-Member
CUST03451,2024-11-06,Non-Member
CUST03452,2024-05-10,Non-Member
CUST03453,2025-07-23,Non-Member
CUST03454,2025-05-23,Member
CUST03455,2025-06-29,Non-Member
CUST03456,2026-07-08,Non-Member
CUST03457,2025-03-12,Non-Member
CUST03458,2024-12-11,Non-Member
CUST03459,2024-06-08,Member
CUST03460,2024-06-07,Member
CUST03461,2025-07-05,Member
CUST03462,2024-05-11,Member
CUST03463,2025-06-02,Non-Member
CUST03464,2025-02-20,Non-Member
CUST03465,2025-03-28,Member
CUST03466,2024-04-06,Member
CUST03467,2024-11-26,Non-Member
CUST03468,2026-06-05,Member
CUST03469,2026-07-18,Non-Member
CUST03470,2025-09-17,Member
CUST03471,2025-06-14,Member
CUST03472,2025-01-27,Member
CUST03473,2025-07-15,Non-Member
CUST03474,2025-06-15,Member
CUST03475,2024-06-14,Non-Member
CUST03476,2025-11-23,Member
CUST03477,2025-07-04,Member
CUST03478,2025-05-07,Non-Member
CUST03479,2025-07-26,Member
CUST03480,2024-05-03,Member
CUST03481,2024-05-08,Non-Member
CUST03482,2025-06-16,Non-Member
CUST03483,2025-08-11,Member
CUST03484,2025-04-09,Member
CUST03485,2026-04-11,Non-Member
CUST03486,2025-09-03,Non-Member
CUST03487,2026-03-09,Non-Member
CUST03488,2026-05-14,Non-Member
CUST03489,2026-06-27,Non-Member
CUST03490,2025-04-11,Member
CUST03491,2026-09-20,Member
CUST03492,2025-02-17,Non-Member
CUST03493,2025-08-28,Non-Member
CUST03494,2025-10-26,Non-Member
CUST03495,2024-10-29,Non-Member
CUST03496,2025-05-24,Member
CUST03497,2024-11-30,Non-Member
CUST03498,2024-12-22,Non-Member
CUST03499,2026-08-23,Non-Member
CUST03500,2026-03-11,Non-Member
CUST03501,2025-04-26,Non-Member
CUST03502,2024-04-26,Member
CUST03503,2026-05-05,Non-Member
CUST03504,2026-06-18,Non-Member
CUST03505,2024-05-27,Non-Member
CUST03506,2024-05-04,Non-Member
CUST03507,2026-04-23,Non-Member
CUST03508,2025-09-24,Non-Member
CUST03509,2025-03-06,Non-Member
CUST03510,2026-03-29,Member
CUST03511,2025-12-01,Non-Member
CUST03512,2025-09-30,Non-Member
CUST03513,2025-02-21,Non-Member
CUST03514,2025-12-18,Non-Member
CUST03515,2025-09-15,Member
CUST03516,2026-01-03,Non-Member
CUST03517,2024-11-07,Non-Member
CUST03518,2026-05-06,Non-Member
CUST03519,2026-02-25,Member
CUST03520,2026-02-08,Non-Member
CUST03521,2024-06-28,Member
CUST03522,2024-05-24,Non-Member
CUST03523,2025-06-28,Non-Member
CUST03524,2026-05-03,Member
CUST03525,2024-11-10,Non-Member
CUST03526,2025-07-05,Non-Member
CUST03527,2024-08-18,Non-Member
CUST03528,2025-11-01,Member
CUST03529,2024-04-06,Non-Member
CUST03530,2024-09-25,Member
CUST03531,2026-03-03,Non-Member
CUST03532,2024-12-07,Non-Member
CUST03533,2026-01-06,Member
CUST03534,2025-11-10,Non-Member
CUST03535,2026-02-07,Non-Member
CUST03536,2025-01-15,Non-Member
CUST03537,2026-01-27,Member
CUST03538,2025-02-23,Member
CUST03539,2025-04-15,Non-Member
CUST03540,2024-11-15,Member
CUST03541,2024-04-10,Non-Member
CUST03542,2026-09-13,Member
CUST03543,2024-04-13,Member
CUST03544,2026-06-14,Non-Member
CUST03545,2025-06-04,Member
CUST03546,2025-11-18,Non-Member
CUST03547,2025-02-23,Member
CUST03548,2024-12-11,Non-Member
CUST03549,2024-08-08,Member
CUST03550,2025-09-24,Non-Member
CUST03551,2024-06-04,Non-Member
CUST03552,2025-12-05,Member
CUST03553,2026-03-21,Non-Member
CUST03554,2025-10-15,Member
CUST03555,2025-06-02,Non-Member
CUST03556,2025-01-28,Member
CUST03557,2024-09-02,Non-Member
CUST03558,2026-03-02,Member
CUST03559,2025-12-22,Non-Member
CUST03560,2024-05-30,Non-Member
CUST03561,2025-08-21,Non-Member
CUST03562,2026-02-15,Member
CUST03563,2024-04-17,Member
CUST03564,2025-08-13,Member
CUST03565,2024-04-18,Non-Member
CUST03566,2024-06-16,Non-Member
CUST03567,2024-06-28,Member
CUST03568,2025-04-15,Non-Member
CUST03569,2024-10-03,Non-Member
CUST03570,2024-05-10,Member
CUST03571,2026-01-22,Non-Member
CUST03572,2026-08-18,Member
CUST03573,2025-12-06,Member
CUST03574,2025-02-25,Non-Member
CUST03575,2025-05-16,Member
CUST03576,2026-07-10,Non-Member
CUST03577,2025-05-04,Non-Member
CUST03578,2026-04-17,Non-Member
CUST03579,2025-06-23,Non-Member
CUST03580,2025-04-21,Non-Member
CUST03581,2025-02-25,Member
CUST03582,2025-09-15,Non-Member
CUST03583,2025-09-18,Non-Member
CUST03584,2025-01-18,Non-Member
CUST03585,2024-11-16,Member
CUST03586,2024-09-24,Non-Member
CUST03587,2025-11-25,Non-Member
CUST03588,2025-09-04,Member
CUST03589,2025-11-27,Non-Member
CUST03590,2025-06-03,Member
CUST03591,2026-05-29,Member
CUST03592,2025-08-30,Non-Member
CUST03593,2026-04-04,Non-Member
CUST03594,2025-05-30,Member
CUST03595,2024-08-17,Member
CUST03596,2024-04-18,Member
CUST03597,2025-08-15,Non-Member
CUST03598,2026-08-01,Non-Member
CUST03599,2026-02-28,Non-Member
CUST03600,2026-06-18,Member
CUST03601,2024-11-07,Non-Member
CUST03602,2024-04-18,Non-Member
CUST03603,2025-05-10,Non-Member
CUST03604,2026-04-15,Member
CUST03605,2026-09-01,Member
CUST03606,2024-04-26,Non-Member
CUST03607,2025-12-10,Non-Member
CUST03608,2026-06-12,Member
CUST03609,2026-04-14,Non-Member
CUST03610,2026-02-03,Member
CUST03611,2025-02-08,Member
CUST03612,2024-07-11,Non-Member
CUST03613,2026-01-16,Non-Member
CUST03614,2025-01-11,Non-Member
CUST03615,2026-07-24,Non-Member
CUST03616,2026-09-11,Non-Member
CUST03617,2026-08-02,Member
CUST03618,2024-06-13,Non-Member
CUST03619,2025-04-16,Non-Member
CUST03620,2024-09-27,Non-Member
CUST03621,2026-09-01,Non-Member
CUST03622,2026-09-01,Non-Member
CUST03623,2024-08-18,Member
CUST03624,2026-06-20,Member
CUST03625,2026-05-04,Non-Member
CUST03626,2025-06-11,Non-Member
CUST03627,2025-03-24,Member
CUST03628,2026-02-27,Member
CUST03629,2025-08-17,Non-Member
CUST03630,2025-01-22,Member
CUST03631,2025-08-18,Member
CUST03632,2025-10-11,Non-Member
CUST03633,2026-07-18,Non-Member
CUST03634,2025-08-10,Non-Member
CUST03635,2024-09-29,Non-Member
CUST03636,2025-03-06,Member
CUST03637,2024-07-10,Non-Member
CUST03638,2026-05-30,Member
CUST03639,2026-09-11,Member
CUST03640,2025-05-16,Non-Member
CUST03641,2026-04-13,Non-Member
CUST03642,2025-04-05,Non-Member
CUST03643,2024-06-30,Member
CUST03644,2025-11-21,Non-Member
CUST03645,2025-05-15,Non-Member
CUST03646,2025-01-16,Non-Member
CUST03647,2026-05-09,Non-Member
CUST03648,2024-07-06,Member
CUST03649,2026-03-22,Non-Member
CUST03650,2024-09-24,Non-Member
CUST03651,2025-02-04,Non-Member
CUST03652,2026-05-17,Non-Member
CUST03653,2024-12-08,Non-Member
CUST03654,2026-03-28,Member
CUST03655,2025-03-31,Member
CUST03656,2024-05-11,Non-Member
CUST03657,2024-05-17,Non-Member
CUST03658,2024-07-29,Non-Member
CUST03659,2025-07-03,Member
CUST03660,2025-05-05,Member
CUST03661,2025-12-25,Non-Member
CUST03662,2024-06-15,Non-Member
CUST03663,2025-07-18,Member
CUST03664,2024-10-27,Non-Member
CUST03665,2025-11-01,Member
CUST03666,2024-11-24,Non-Member
CUST03667,2026-03-03,Member
CUST03668,2024-11-30,Member
CUST03669,2026-08-10,Member
CUST03670,2026-06-18,Non-Member
CUST03671,2025-11-08,Non-Member
CUST03672,2025-07-14,Non-Member
CUST03673,2024-12-20,Non-Member
CUST03674,2025-11-02,Non-Member
CUST03675,2026-09-04,Member
CUST03676,2025-12-02,Non-Member
CUST03677,2025-08-22,Member
CUST03678,2025-05-20,Non-Member
CUST03679,2025-02-19,Non-Member
CUST03680,2026-02-10,Non-Member
CUST03681,2025-03-21,Member
CUST03682,2025-03-02,Non-Member
CUST03683,2024-10-22,Member
CUST03684,2025-06-08,Member
CUST03685,2024-09-22,Non-Member
CUST03686,2026-03-05,Non-Member
CUST03687,2024-12-20,Non-Member
CUST03688,2026-08-10,Member
CUST03689,2026-06-20,Non-Member
CUST03690,2024-08-04,Non-Member
CUST03691,2025-07-20,Non-Member
CUST03692,2025-03-11,Non-Member
CUST03693,2025-03-27,Member
CUST03694,2025-01-04,Non-Member
CUST03695,2026-02-12,Non-Member
CUST03696,2026-04-13,Non-Member
CUST03697,2026-08-13,Non-Member
CUST03698,2024-08-04,Non-Member
CUST03699,2026-03-03,Non-Member
CUST03700,2025-04-21,Non-Member
CUST03701,2025-08-08,Member
CUST03702,2026-04-28,Member
CUST03703,2025-09-13,Non-Member
CUST03704,2026-07-08,Non-Member
CUST03705,2026-04-15,Non-Member
CUST03706,2026-05-18,Non-Member
CUST03707,2024-09-09,Non-Member
CUST03708,2025-04-28,Member
CUST03709,2024-06-10,Non-Member
CUST03710,2025-08-25,Non-Member
CUST03711,2026-03-23,Non-Member
CUST03712,2025-03-22,Non-Member
CUST03713,2024-06-07,Non-Member
CUST03714,2025-05-30,Non-Member
CUST03715,2026-09-04,Non-Member
CUST03716,2025-12-22,Non-Member
CUST03717,2024-06-11,Member
CUST03718,2025-06-12,Non-Member
CUST03719,2024-05-18,Non-Member
CUST03720,2025-06-20,Member
CUST03721,2026-09-10,Non-Member
CUST03722,2024-07-28,Non-Member
CUST03723,2024-11-04,Non-Member
CUST03724,2024-12-16,Non-Member
CUST03725,2024-05-01,Member
CUST03726,2026-03-28,Member
CUST03727,2024-06-28,Member
CUST03728,2026-02-23,Non-Member
CUST03729,2024-05-01,Non-Member
CUST03730,2026-04-01,Non-Member
CUST03731,2025-05-14,Non-Member
CUST03732,2024-10-11,Member
CUST03733,2026-07-12,Member
CUST03734,2026-07-23,Member
CUST03735,2024-08-18,Non-Member
CUST03736,2026-07-28,Member
CUST03737,2025-03-18,Non-Member
CUST03738,2024-05-30,Non-Member
CUST03739,2025-03-17,Non-Member
CUST03740,2025-07-15,Member
CUST03741,2025-09-10,Member
CUST03742,2025-02-24,Non-Member
CUST03743,2025-04-24,Non-Member
CUST03744,2025-06-26,Member
CUST03745,2026-05-05,Non-Member
CUST03746,2025-02-02,Non-Member
CUST03747,2024-11-24,Non-Member
CUST03748,2024-12-22,Member
CUST03749,2026-07-15,Member
CUST03750,2024-12-28,Member
CUST03751,2024-12-03,Member
CUST03752,2026-04-09,Non-Member
CUST03753,2024-08-18,Non-Member
CUST03754,2025-06-07,Non-Member
CUST03755,2025-07-23,Non-Member
CUST03756,2024-12-10,Member
CUST03757,2025-06-19,Member
CUST03758,2025-05-19,Non-Member
CUST03759,2025-12-14,Non-Member
CUST03760,2024-06-08,Non-Member
CUST03761,2024-05-02,Member
CUST03762,2026-05-26,Member
CUST03763,2024-11-30,Member
CUST03764,2026-08-31,Non-Member
CUST03765,2025-10-24,Non-Member
CUST03766,2024-05-01,Non-Member
CUST03767,2026-04-16,Non-Member
CUST03768,2025-10-17,Member
CUST03769,2026-03-07,Non-Member
CUST03770,2024-12-05,Member
CUST03771,2025-07-30,Non-Member
CUST03772,2025-04-05,Non-Member
CUST03773,2024-05-26,Non-Member
CUST03774,2025-06-09,Member
CUST03775,2024-11-30,Non-Member
CUST03776,2026-06-24,Non-Member
CUST03777,2026-03-11,Member
CUST03778,2024-05-22,Member
CUST03779,2024-08-09,Non-Member
CUST03780,2025-02-07,Member
CUST03781,2025-10-15,Member
CUST03782,2026-03-25,Member
CUST03783,2024-08-16,Member
CUST03784,2024-10-15,Non-Member
CUST03785,2026-02-15,Non-Member
CUST03786,2025-04-08,Member
CUST03787,2025-03-13,Non-Member
CUST03788,2025-07-18,Member
CUST03789,2024-06-09,Member
CUST03790,2026-06-01,Member
CUST03791,2026-02-01,Non-Member
CUST03792,2026-06-27,Non-Member
CUST03793,2025-01-06,Non-Member
CUST03794,2025-02-19,Member
CUST03795,2024-04-16,Member
CUST03796,2025-05-21,Member
CUST03797,2026-05-08,Non-Member
CUST03798,2025-08-11,Member
CUST03799,2026-07-03,Non-Member
CUST03800,2025-01-25,Non-Member
CUST03801,2025-01-22,Non-Member
CUST03802,2024-08-10,Non-Member
CUST03803,2025-11-19,Member
CUST03804,2025-12-16,Non-Member
CUST03805,2026-07-18,Member
CUST03806,2025-09-12,Non-Member
CUST03807,2025-07-20,Non-Member
CUST03808,2024-11-11,Member
CUST03809,2024-11-12,Non-Member
CUST03810,2026-05-17,Member
CUST03811,2026-01-07,Member
CUST03812,2025-06-18,Non-Member
CUST03813,2025-11-23,Non-Member
CUST03814,2026-08-29,Non-Member
CUST03815,2024-08-21,Non-Member
CUST03816,2024-12-02,Non-Member
CUST03817,2025-06-10,Member
CUST03818,2025-12-09,Member
CUST03819,2024-08-24,Non-Member
CUST03820,2026-08-20,Member
CUST03821,2025-08-15,Non-Member
CUST03822,2024-09-30,Member
CUST03823,2024-05-17,Member
CUST03824,2026-02-06,Non-Member
CUST03825,2025-02-12,Non-Member
CUST03826,2026-04-03,Non-Member
CUST03827,2026-06-08,Non-Member
CUST03828,2025-11-07,Member
CUST03829,2024-07-17,Non-Member
CUST03830,2025-01-09,Member
CUST03831,2025-07-08,Non-Member
CUST03832,2026-01-09,Member
CUST03833,2026-05-16,Non-Member
CUST03834,2026-01-20,Member
CUST03835,2026-05-06,Non-Member
CUST03836,2026-04-05,Non-Member
CUST03837,2025-01-10,Non-Member
CUST03838,2026-05-24,Member
CUST03839,2026-08-09,Non-Member
CUST03840,2025-05-21,Member
CUST03841,2026-01-06,Member
CUST03842,2025-08-08,Member
CUST03843,2026-05-18,Member
CUST03844,2026-03-16,Non-Member
CUST03845,2025-08-20,Member
CUST03846,2025-01-08,Member
CUST03847,2025-09-13,Non-Member
CUST03848,2025-05-21,Non-Member
CUST03849,2025-06-08,Non-Member
CUST03850,2026-01-22,Non-Member
CUST03851,2026-01-12,Member
CUST03852,2025-09-03,Non-Member
CUST03853,2026-08-23,Member
CUST03854,2025-01-12,Member
CUST03855,2025-03-17,Member
CUST03856,2025-12-19,Non-Member
CUST03857,2025-10-20,Member
CUST03858,2025-11-29,Non-Member
CUST03859,2025-02-12,Member
CUST03860,2024-11-07,Non-Member
CUST03861,2026-06-15,Non-Member
CUST03862,2025-09-14,Member
CUST03863,2026-09-08,Non-Member
CUST03864,2025-08-10,Non-Member
CUST03865,2026-02-09,Non-Member
CUST03866,2025-11-23,Member
CUST03867,2025-08-06,Non-Member
CUST03868,2025-12-03,Member
CUST03869,2025-10-01,Member
CUST03870,2024-11-02,Member
CUST03871,2024-09-22,Non-Member
CUST03872,2026-09-15,Member
CUST03873,2025-10-16,Non-Member
CUST03874,2024-08-20,Member
CUST03875,2025-06-01,Non-Member
CUST03876,2026-03-20,Member
CUST03877,2025-04-05,Non-Member
CUST03878,2026-05-13,Non-Member
CUST03879,2026-09-01,Member
CUST03880,2025-03-01,Member
CUST03881,2025-06-14,Non-Member
CUST03882,2024-11-09,Non-Member
CUST03883,2025-11-14,Non-Member
CUST03884,2024-08-13,Member
CUST03885,2025-09-07,Non-Member
CUST03886,2024-11-26,Member
CUST03887,2026-06-22,Member
CUST03888,2026-06-25,Non-Member
CUST03889,2024-10-17,Non-Member
CUST03890,2024-09-01,Non-Member
CUST03891,2024-05-26,Non-Member
CUST03892,2025-12-03,Member
CUST03893,2026-08-31,Non-Member
CUST03894,2024-04-23,Member
CUST03895,2025-03-29,Member
CUST03896,2026-02-10,Member
CUST03897,2024-11-03,Non-Member
CUST03898,2024-06-30,Non-Member
CUST03899,2026-01-07,Member
CUST03900,2024-10-29,Non-Member
CUST03901,2024-10-12,Non-Member
CUST03902,2025-06-26,Non-Member
CUST03903,2025-03-01,Non-Member
CUST03904,2026-01-21,Member
CUST03905,2024-06-07,Non-Member
CUST03906,2024-04-20,Non-Member
CUST03907,2024-04-22,Non-Member
CUST03908,2024-11-27,Non-Member
CUST03909,2026-08-13,Non-Member
CUST03910,2025-10-26,Member
CUST03911,2025-08-17,Non-Member
CUST03912,2024-05-11,Member
CUST03913,2025-05-17,Member
CUST03914,2025-05-26,Non-Member
CUST03915,2026-05-12,Non-Member
CUST03916,2024-10-07,Non-Member
CUST03917,2025-11-22,Non-Member
CUST03918,2026-06-30,Non-Member
CUST03919,2024-04-16,Non-Member
CUST03920,2026-04-03,Non-Member
CUST03921,2026-09-06,Member
CUST03922,2026-07-13,Non-Member
CUST03923,2025-08-10,Member
CUST03924,2026-06-20,Member
CUST03925,2024-08-24,Member
CUST03926,2025-06-17,Non-Member
CUST03927,2025-12-03,Non-Member
CUST03928,2026-09-18,Non-Member
CUST03929,2025-07-16,Non-Member
CUST03930,2026-05-07,Non-Member
CUST03931,2024-04-24,Member
CUST03932,2026-01-02,Non-Member
CUST03933,2025-07-21,Non-Member
CUST03934,2026-09-04,Non-Member
CUST03935,2026-05-26,Member
CUST03936,2026-03-18,Member
CUST03937,2026-08-05,Non-Member
CUST03938,2024-12-07,Member
CUST03939,2024-05-24,Member
CUST03940,2024-04-18,Non-Member
CUST03941,2026-01-25,Member
CUST03942,2024-10-11,Member
CUST03943,2025-06-24,Non-Member
CUST03944,2026-08-10,Non-Member
CUST03945,2026-07-01,Non-Member
CUST03946,2025-05-16,Member
CUST03947,2025-09-05,Member
CUST03948,2026-09-13,Non-Member
CUST03949,2024-06-06,Non-Member
CUST03950,2024-12-03,Member
CUST03951,2025-06-26,Non-Member
CUST03952,2024-04-16,Non-Member
CUST03953,2024-04-30,Non-Member
CUST03954,2024-04-28,Member
CUST03955,2026-01-31,Member
CUST03956,2024-07-21,Member
CUST03957,2025-06-24,Member
CUST03958,2024-12-07,Non-Member
CUST03959,2024-08-09,Non-Member
CUST03960,2026-04-27,Non-Member
CUST03961,2025-08-14,Non-Member
CUST03962,2026-05-28,Member
CUST03963,2026-01-12,Member
CUST03964,2025-09-14,Member
CUST03965,2024-08-12,Member
CUST03966,2024-08-06,Non-Member
CUST03967,2025-10-05,Non-Member
CUST03968,2025-11-29,Non-Member
CUST03969,2025-05-31,Non-Member
CUST03970,2024-06-23,Non-Member
CUST03971,2024-04-26,Member
CUST03972,2026-03-01,Non-Member
CUST03973,2026-04-06,Member
CUST03974,2024-12-24,Non-Member
CUST03975,2025-12-24,Non-Member
CUST03976,2026-03-25,Member
CUST03977,2026-08-24,Member
CUST03978,2025-09-23,Member
CUST03979,2025-10-03,Non-Member
CUST03980,2025-05-02,Member
CUST03981,2026-03-25,Member
CUST03982,2024-12-17,Member
CUST03983,2025-01-17,Non-Member
CUST03984,2025-08-01,Non-Member
CUST03985,2026-04-10,Non-Member
CUST03986,2025-06-22,Member
CUST03987,2025-01-22,Member
CUST03988,2025-10-20,Non-Member
CUST03989,2026-01-27,Member
CUST03990,2025-06-22,Member
CUST03991,2025-11-05,Non-Member
CUST03992,2025-09-25,Member
CUST03993,2025-11-11,Member
CUST03994,2025-12-22,Non-Member
CUST03995,2024-12-15,Non-Member
CUST03996,2025-08-03,Member
CUST03997,2025-07-28,Member
CUST03998,2025-02-10,Non-Member
CUST03999,2025-10-31,Member
CUST04000,2026-06-22,Member
