purchase_id,branch_id,supplier_id,ingredient_id,month,quantity_purchased,unit_cost,total_cost
PO000001,BR01,SUP01,ING01,2026-04,80.74,40753,3290397
PO000002,BR01,SUP01,ING01,2026-05,76.07,38174,2903896
PO000003,BR01,SUP01,ING01,2026-06,78.61,37264,2929323
PO000004,BR01,SUP01,ING01,2026-07,84.48,39666,3350984
PO000005,BR01,SUP01,ING01,2026-08,92.13,38672,3562851
PO000006,BR01,SUP01,ING01,2026-09,54.11,36170,1957159
PO000007,BR01,SUP01,ING02,2026-04,15.77,137738,2172128
PO000008,BR01,SUP01,ING02,2026-05,22.13,134693,2980756
PO000009,BR01,SUP01,ING02,2026-06,15.4,143605,2211517
PO000010,BR01,SUP01,ING02,2026-07,17.67,130025,2297542
PO000011,BR01,SUP01,ING02,2026-08,17.81,134403,2393717
PO000012,BR01,SUP01,ING02,2026-09,8.18,135202,1105952
PO000013,BR01,SUP02,ING03,2026-04,77.7,13680,1062936
PO000014,BR01,SUP02,ING03,2026-05,87.16,13196,1150163
PO000015,BR01,SUP02,ING03,2026-06,96.18,12971,1247551
PO000016,BR01,SUP02,ING03,2026-07,87.21,13629,1188585
PO000017,BR01,SUP02,ING03,2026-08,90.84,13472,1223796
PO000018,BR01,SUP02,ING03,2026-09,55.89,13817,772232
PO000019,BR01,SUP02,ING04,2026-04,26.27,15725,413096
PO000020,BR01,SUP02,ING04,2026-05,21.46,16383,351579
PO000021,BR01,SUP02,ING04,2026-06,20.9,15706,328255
PO000022,BR01,SUP02,ING04,2026-07,20.97,15900,333423
PO000023,BR01,SUP02,ING04,2026-08,22.21,15890,352917
PO000024,BR01,SUP02,ING04,2026-09,14.35,16299,233891
PO000025,BR01,SUP03,ING05,2026-04,20.37,19420,395585
PO000026,BR01,SUP03,ING05,2026-05,19.15,17747,339855
PO000027,BR01,SUP03,ING05,2026-06,18.45,18495,341233
PO000028,BR01,SUP03,ING05,2026-07,18.27,19708,360065
PO000029,BR01,SUP03,ING05,2026-08,22.33,18239,407277
PO000030,BR01,SUP03,ING05,2026-09,13.36,17667,236031
PO000031,BR01,SUP05,ING06,2026-04,1.31,47198,61829
PO000032,BR01,SUP05,ING06,2026-05,1.68,45087,75746
PO000033,BR01,SUP05,ING06,2026-06,1.41,47645,67179
PO000034,BR01,SUP05,ING06,2026-07,1.44,47921,69006
PO000035,BR01,SUP05,ING06,2026-08,1.34,48052,64390
PO000036,BR01,SUP05,ING06,2026-09,0.76,47959,36449
PO000037,BR01,SUP04,ING07,2026-04,16.75,19374,324514
PO000038,BR01,SUP04,ING07,2026-05,16.86,20500,345630
PO000039,BR01,SUP04,ING07,2026-06,23.12,21434,495554
PO000040,BR01,SUP04,ING07,2026-07,19.77,20818,411572
PO000041,BR01,SUP04,ING07,2026-08,25.44,20523,522105
PO000042,BR01,SUP04,ING07,2026-09,12.01,21849,262406
PO000043,BR01,SUP05,ING08,2026-04,2.33,124622,290369
PO000044,BR01,SUP05,ING08,2026-05,3.23,126354,408123
PO000045,BR01,SUP05,ING08,2026-06,3.03,125099,379050
PO000046,BR01,SUP05,ING08,2026-07,2.32,123213,285854
PO000047,BR01,SUP05,ING08,2026-08,3.04,122642,372832
PO000048,BR01,SUP05,ING08,2026-09,1.87,129933,242975
PO000049,BR01,SUP06,ING09,2026-04,46.75,17004,794937
PO000050,BR01,SUP06,ING09,2026-05,49.98,16246,811975
PO000051,BR01,SUP06,ING09,2026-06,55.51,16574,920023
PO000052,BR01,SUP06,ING09,2026-07,42.95,16447,706399
PO000053,BR01,SUP06,ING09,2026-08,52.32,16200,847584
PO000054,BR01,SUP06,ING09,2026-09,32.54,16736,544589
PO000055,BR01,SUP05,ING10,2026-04,2.22,257496,571641
PO000056,BR01,SUP05,ING10,2026-05,2.12,261873,555171
PO000057,BR01,SUP05,ING10,2026-06,2.36,278374,656963
PO000058,BR01,SUP05,ING10,2026-07,2.05,250265,513043
PO000059,BR01,SUP05,ING10,2026-08,2.62,258279,676691
PO000060,BR01,SUP05,ING10,2026-09,1.17,261817,306326
PO000061,BR01,SUP04,ING11,2026-04,31.46,26882,845708
PO000062,BR01,SUP04,ING11,2026-05,32.0,25623,819936
PO000063,BR01,SUP04,ING11,2026-06,32.12,25762,827475
PO000064,BR01,SUP04,ING11,2026-07,37.69,25249,951635
PO000065,BR01,SUP04,ING11,2026-08,33.79,25172,850562
PO000066,BR01,SUP04,ING11,2026-09,24.34,25474,620037
PO000067,BR01,SUP01,ING12,2026-04,22.21,8441,187475
PO000068,BR01,SUP01,ING12,2026-05,21.13,8284,175041
PO000069,BR01,SUP01,ING12,2026-06,19.6,8505,166698
PO000070,BR01,SUP01,ING12,2026-07,17.31,8334,144262
PO000071,BR01,SUP01,ING12,2026-08,21.99,8243,181264
PO000072,BR01,SUP01,ING12,2026-09,11.39,8390,95562
PO000073,BR01,SUP04,ING13,2026-04,29.22,15361,448848
PO000074,BR01,SUP04,ING13,2026-05,27.67,15783,436716
PO000075,BR01,SUP04,ING13,2026-06,29.61,15985,473316
PO000076,BR01,SUP04,ING13,2026-07,27.19,16114,438140
PO000077,BR01,SUP04,ING13,2026-08,36.1,15305,552510
PO000078,BR01,SUP04,ING13,2026-09,21.13,15661,330917
PO000079,BR01,SUP06,ING14,2026-04,4.24,90360,383126
PO000080,BR01,SUP06,ING14,2026-05,4.48,94581,423723
PO000081,BR01,SUP06,ING14,2026-06,4.25,93865,398926
PO000082,BR01,SUP06,ING14,2026-07,4.15,93827,389382
PO000083,BR01,SUP06,ING14,2026-08,5.64,92496,521677
PO000084,BR01,SUP06,ING14,2026-09,3.09,93681,289474
PO000085,BR01,SUP04,ING15,2026-04,30.04,12654,380126
PO000086,BR01,SUP04,ING15,2026-05,29.34,13040,382594
PO000087,BR01,SUP04,ING15,2026-06,21.87,12594,275431
PO000088,BR01,SUP04,ING15,2026-07,27.3,12565,343024
PO000089,BR01,SUP04,ING15,2026-08,35.51,11870,421504
PO000090,BR01,SUP04,ING15,2026-09,18.46,12559,231839
PO000091,BR01,SUP07,ING16,2026-04,8.27,74930,619671
PO000092,BR01,SUP07,ING16,2026-05,8.62,75696,652500
PO000093,BR01,SUP07,ING16,2026-06,10.3,75616,778845
PO000094,BR01,SUP07,ING16,2026-07,7.33,68260,500346
PO000095,BR01,SUP07,ING16,2026-08,10.12,71799,726606
PO000096,BR01,SUP07,ING16,2026-09,7.57,71367,540248
PO000097,BR01,SUP03,ING17,2026-04,10.51,32480,341365
PO000098,BR01,SUP03,ING17,2026-05,12.09,30306,366400
PO000099,BR01,SUP03,ING17,2026-06,11.92,32061,382167
PO000100,BR01,SUP03,ING17,2026-07,11.59,31381,363706
PO000101,BR01,SUP03,ING17,2026-08,13.31,31157,414700
PO000102,BR01,SUP03,ING17,2026-09,7.11,30285,215326
PO000103,BR01,SUP07,ING18,2026-04,12.42,45691,567482
PO000104,BR01,SUP07,ING18,2026-05,13.5,47596,642546
PO000105,BR01,SUP07,ING18,2026-06,14.48,49593,718107
PO000106,BR01,SUP07,ING18,2026-07,13.49,46430,626341
PO000107,BR01,SUP07,ING18,2026-08,15.92,48660,774667
PO000108,BR01,SUP07,ING18,2026-09,10.54,45994,484777
PO000109,BR02,SUP01,ING01,2026-04,89.11,36509,3253317
PO000110,BR02,SUP01,ING01,2026-05,111.63,36758,4103296
PO000111,BR02,SUP01,ING01,2026-06,100.82,39638,3996303
PO000112,BR02,SUP01,ING01,2026-07,113.28,39204,4441029
PO000113,BR02,SUP01,ING01,2026-08,112.7,39761,4481065
PO000114,BR02,SUP01,ING01,2026-09,71.15,37554,2671967
PO000115,BR02,SUP01,ING02,2026-04,23.06,128748,2968929
PO000116,BR02,SUP01,ING02,2026-05,22.73,125899,2861684
PO000117,BR02,SUP01,ING02,2026-06,24.16,124854,3016473
PO000118,BR02,SUP01,ING02,2026-07,24.16,123457,2982721
PO000119,BR02,SUP01,ING02,2026-08,24.78,126749,3140840
PO000120,BR02,SUP01,ING02,2026-09,13.39,124395,1665649
PO000121,BR02,SUP02,ING03,2026-04,100.4,12182,1223073
PO000122,BR02,SUP02,ING03,2026-05,116.97,13025,1523534
PO000123,BR02,SUP02,ING03,2026-06,123.94,12518,1551481
PO000124,BR02,SUP02,ING03,2026-07,114.1,13215,1507832
PO000125,BR02,SUP02,ING03,2026-08,124.88,12475,1557878
PO000126,BR02,SUP02,ING03,2026-09,78.75,12579,990596
PO000127,BR02,SUP02,ING04,2026-04,24.9,15230,379227
PO000128,BR02,SUP02,ING04,2026-05,29.43,14971,440597
PO000129,BR02,SUP02,ING04,2026-06,23.19,15231,353207
PO000130,BR02,SUP02,ING04,2026-07,27.52,14879,409470
PO000131,BR02,SUP02,ING04,2026-08,28.53,15063,429747
PO000132,BR02,SUP02,ING04,2026-09,23.9,14462,345642
PO000133,BR02,SUP03,ING05,2026-04,23.92,19067,456083
PO000134,BR02,SUP03,ING05,2026-05,27.31,17681,482868
PO000135,BR02,SUP03,ING05,2026-06,26.63,18483,492202
PO000136,BR02,SUP03,ING05,2026-07,24.86,17737,440942
PO000137,BR02,SUP03,ING05,2026-08,26.73,17998,481087
PO000138,BR02,SUP03,ING05,2026-09,19.86,18017,357818
PO000139,BR02,SUP05,ING06,2026-04,2.05,43702,89589
PO000140,BR02,SUP05,ING06,2026-05,1.77,42181,74660
PO000141,BR02,SUP05,ING06,2026-06,1.62,45326,73428
PO000142,BR02,SUP05,ING06,2026-07,2.1,46090,96789
PO000143,BR02,SUP05,ING06,2026-08,2.2,47036,103479
PO000144,BR02,SUP05,ING06,2026-09,1.37,43774,59970
PO000145,BR02,SUP04,ING07,2026-04,25.36,19257,488358
PO000146,BR02,SUP04,ING07,2026-05,32.87,18666,613551
PO000147,BR02,SUP04,ING07,2026-06,24.67,19400,478598
PO000148,BR02,SUP04,ING07,2026-07,23.55,20085,473002
PO000149,BR02,SUP04,ING07,2026-08,28.37,19978,566776
PO000150,BR02,SUP04,ING07,2026-09,20.39,18881,384984
PO000151,BR02,SUP05,ING08,2026-04,3.71,122327,453833
PO000152,BR02,SUP05,ING08,2026-05,3.84,122262,469486
PO000153,BR02,SUP05,ING08,2026-06,3.58,116445,416873
PO000154,BR02,SUP05,ING08,2026-07,3.39,121485,411834
PO000155,BR02,SUP05,ING08,2026-08,4.59,122010,560026
PO000156,BR02,SUP05,ING08,2026-09,2.76,121213,334548
PO000157,BR02,SUP06,ING09,2026-04,65.33,16639,1087026
PO000158,BR02,SUP06,ING09,2026-05,69.45,16014,1112172
PO000159,BR02,SUP06,ING09,2026-06,64.11,16254,1042044
PO000160,BR02,SUP06,ING09,2026-07,62.21,16506,1026838
PO000161,BR02,SUP06,ING09,2026-08,73.48,15317,1125493
PO000162,BR02,SUP06,ING09,2026-09,48.07,16171,777340
PO000163,BR02,SUP05,ING10,2026-04,2.85,238819,680634
PO000164,BR02,SUP05,ING10,2026-05,2.76,252617,697223
PO000165,BR02,SUP05,ING10,2026-06,2.7,252280,681156
PO000166,BR02,SUP05,ING10,2026-07,2.99,252372,754592
PO000167,BR02,SUP05,ING10,2026-08,3.54,241931,856436
PO000168,BR02,SUP05,ING10,2026-09,1.89,241020,455528
PO000169,BR02,SUP04,ING11,2026-04,47.26,25681,1213684
PO000170,BR02,SUP04,ING11,2026-05,43.36,24840,1077062
PO000171,BR02,SUP04,ING11,2026-06,39.84,24531,977315
PO000172,BR02,SUP04,ING11,2026-07,41.31,25316,1045804
PO000173,BR02,SUP04,ING11,2026-08,48.67,26750,1301922
PO000174,BR02,SUP04,ING11,2026-09,29.77,25545,760475
PO000175,BR02,SUP01,ING12,2026-04,33.86,7647,258927
PO000176,BR02,SUP01,ING12,2026-05,30.99,7759,240451
PO000177,BR02,SUP01,ING12,2026-06,22.08,7661,169155
PO000178,BR02,SUP01,ING12,2026-07,25.93,8500,220405
PO000179,BR02,SUP01,ING12,2026-08,27.65,8128,224739
PO000180,BR02,SUP01,ING12,2026-09,15.69,7829,122837
PO000181,BR02,SUP04,ING13,2026-04,26.52,14769,391674
PO000182,BR02,SUP04,ING13,2026-05,33.51,14062,471218
PO000183,BR02,SUP04,ING13,2026-06,35.11,15286,536691
PO000184,BR02,SUP04,ING13,2026-07,38.39,15092,579382
PO000185,BR02,SUP04,ING13,2026-08,31.07,15378,477794
PO000186,BR02,SUP04,ING13,2026-09,27.53,14037,386439
PO000187,BR02,SUP06,ING14,2026-04,4.06,84250,342055
PO000188,BR02,SUP06,ING14,2026-05,5.11,86103,439986
PO000189,BR02,SUP06,ING14,2026-06,5.34,89206,476360
PO000190,BR02,SUP06,ING14,2026-07,5.68,84786,481584
PO000191,BR02,SUP06,ING14,2026-08,4.97,89122,442936
PO000192,BR02,SUP06,ING14,2026-09,4.23,90898,384499
PO000193,BR02,SUP04,ING15,2026-04,34.52,12261,423250
PO000194,BR02,SUP04,ING15,2026-05,36.4,12286,447210
PO000195,BR02,SUP04,ING15,2026-06,33.44,11606,388105
PO000196,BR02,SUP04,ING15,2026-07,33.14,12173,403413
PO000197,BR02,SUP04,ING15,2026-08,36.52,12381,452154
PO000198,BR02,SUP04,ING15,2026-09,32.11,12288,394568
PO000199,BR02,SUP07,ING16,2026-04,12.8,70887,907354
PO000200,BR02,SUP07,ING16,2026-05,14.26,70983,1012218
PO000201,BR02,SUP07,ING16,2026-06,12.48,70122,875123
PO000202,BR02,SUP07,ING16,2026-07,12.53,68560,859057
PO000203,BR02,SUP07,ING16,2026-08,15.07,69839,1052474
PO000204,BR02,SUP07,ING16,2026-09,10.23,70203,718177
PO000205,BR02,SUP03,ING17,2026-04,14.63,29527,431980
PO000206,BR02,SUP03,ING17,2026-05,16.97,31713,538170
PO000207,BR02,SUP03,ING17,2026-06,13.76,29908,411534
PO000208,BR02,SUP03,ING17,2026-07,15.84,29070,460469
PO000209,BR02,SUP03,ING17,2026-08,18.02,29883,538492
PO000210,BR02,SUP03,ING17,2026-09,10.98,30187,331453
PO000211,BR02,SUP07,ING18,2026-04,18.15,43732,793736
PO000212,BR02,SUP07,ING18,2026-05,19.28,46242,891546
PO000213,BR02,SUP07,ING18,2026-06,16.53,43524,719452
PO000214,BR02,SUP07,ING18,2026-07,19.72,42458,837272
PO000215,BR02,SUP07,ING18,2026-08,22.32,46365,1034867
PO000216,BR02,SUP07,ING18,2026-09,12.81,45600,584136
PO000217,BR03,SUP01,ING01,2026-04,92.55,36048,3336242
PO000218,BR03,SUP01,ING01,2026-05,103.86,38402,3988432
PO000219,BR03,SUP01,ING01,2026-06,102.15,38055,3887318
PO000220,BR03,SUP01,ING01,2026-07,85.14,36249,3086240
PO000221,BR03,SUP01,ING01,2026-08,107.21,36952,3961624
PO000222,BR03,SUP01,ING01,2026-09,61.05,38851,2371854
PO000223,BR03,SUP01,ING02,2026-04,18.65,127770,2382910
PO000224,BR03,SUP01,ING02,2026-05,18.9,124065,2344828
PO000225,BR03,SUP01,ING02,2026-06,15.63,129839,2029384
PO000226,BR03,SUP01,ING02,2026-07,24.83,131698,3270061
PO000227,BR03,SUP01,ING02,2026-08,28.54,127543,3640077
PO000228,BR03,SUP01,ING02,2026-09,10.94,126660,1385660
PO000229,BR03,SUP02,ING03,2026-04,92.57,12841,1188691
PO000230,BR03,SUP02,ING03,2026-05,99.14,12809,1269884
PO000231,BR03,SUP02,ING03,2026-06,99.09,13296,1317501
PO000232,BR03,SUP02,ING03,2026-07,98.24,13159,1292740
PO000233,BR03,SUP02,ING03,2026-08,128.15,13236,1696193
PO000234,BR03,SUP02,ING03,2026-09,64.46,12586,811294
PO000235,BR03,SUP02,ING04,2026-04,25.05,14988,375449
PO000236,BR03,SUP02,ING04,2026-05,20.77,14558,302370
PO000237,BR03,SUP02,ING04,2026-06,25.58,15144,387384
PO000238,BR03,SUP02,ING04,2026-07,26.85,15560,417786
PO000239,BR03,SUP02,ING04,2026-08,30.91,15302,472985
PO000240,BR03,SUP02,ING04,2026-09,16.15,14863,240037
PO000241,BR03,SUP03,ING05,2026-04,24.14,17900,432106
PO000242,BR03,SUP03,ING05,2026-05,23.65,18199,430406
PO000243,BR03,SUP03,ING05,2026-06,23.07,18616,429471
PO000244,BR03,SUP03,ING05,2026-07,21.0,17438,366198
PO000245,BR03,SUP03,ING05,2026-08,27.0,18078,488106
PO000246,BR03,SUP03,ING05,2026-09,15.52,18092,280788
PO000247,BR03,SUP05,ING06,2026-04,1.49,46807,69742
PO000248,BR03,SUP05,ING06,2026-05,1.64,44048,72239
PO000249,BR03,SUP05,ING06,2026-06,1.53,43358,66338
PO000250,BR03,SUP05,ING06,2026-07,1.37,45958,62962
PO000251,BR03,SUP05,ING06,2026-08,1.77,43793,77514
PO000252,BR03,SUP05,ING06,2026-09,0.99,43062,42631
PO000253,BR03,SUP04,ING07,2026-04,24.19,19749,477728
PO000254,BR03,SUP04,ING07,2026-05,28.05,19759,554240
PO000255,BR03,SUP04,ING07,2026-06,29.49,19949,588296
PO000256,BR03,SUP04,ING07,2026-07,21.02,20279,426265
PO000257,BR03,SUP04,ING07,2026-08,30.27,19528,591113
PO000258,BR03,SUP04,ING07,2026-09,16.36,19525,319429
PO000259,BR03,SUP05,ING08,2026-04,3.77,115506,435458
PO000260,BR03,SUP05,ING08,2026-05,3.53,125372,442563
PO000261,BR03,SUP05,ING08,2026-06,3.3,118634,391492
PO000262,BR03,SUP05,ING08,2026-07,3.45,123906,427476
PO000263,BR03,SUP05,ING08,2026-08,3.57,115999,414116
PO000264,BR03,SUP05,ING08,2026-09,2.27,119271,270745
PO000265,BR03,SUP06,ING09,2026-04,61.64,15851,977056
PO000266,BR03,SUP06,ING09,2026-05,61.38,16390,1006018
PO000267,BR03,SUP06,ING09,2026-06,59.69,15466,923166
PO000268,BR03,SUP06,ING09,2026-07,59.22,15704,929991
PO000269,BR03,SUP06,ING09,2026-08,62.65,15060,943509
PO000270,BR03,SUP06,ING09,2026-09,38.49,16411,631659
PO000271,BR03,SUP05,ING10,2026-04,2.66,257349,684548
PO000272,BR03,SUP05,ING10,2026-05,2.65,250292,663274
PO000273,BR03,SUP05,ING10,2026-06,2.55,257256,656003
PO000274,BR03,SUP05,ING10,2026-07,2.49,238458,593760
PO000275,BR03,SUP05,ING10,2026-08,2.53,263892,667647
PO000276,BR03,SUP05,ING10,2026-09,1.6,260294,416470
PO000277,BR03,SUP04,ING11,2026-04,45.71,25377,1159983
PO000278,BR03,SUP04,ING11,2026-05,48.12,24567,1182164
PO000279,BR03,SUP04,ING11,2026-06,40.09,25584,1025663
PO000280,BR03,SUP04,ING11,2026-07,50.74,24923,1264593
PO000281,BR03,SUP04,ING11,2026-08,42.59,25225,1074333
PO000282,BR03,SUP04,ING11,2026-09,24.8,22801,565465
PO000283,BR03,SUP01,ING12,2026-04,23.88,7616,181870
PO000284,BR03,SUP01,ING12,2026-05,23.9,7957,190172
PO000285,BR03,SUP01,ING12,2026-06,18.35,8167,149864
PO000286,BR03,SUP01,ING12,2026-07,23.77,7823,185953
PO000287,BR03,SUP01,ING12,2026-08,27.89,7902,220387
PO000288,BR03,SUP01,ING12,2026-09,15.48,7917,122555
PO000289,BR03,SUP04,ING13,2026-04,36.93,14632,540360
PO000290,BR03,SUP04,ING13,2026-05,38.83,15109,586682
PO000291,BR03,SUP04,ING13,2026-06,35.86,14890,533955
PO000292,BR03,SUP04,ING13,2026-07,30.49,14914,454728
PO000293,BR03,SUP04,ING13,2026-08,37.51,15194,569927
PO000294,BR03,SUP04,ING13,2026-09,21.05,14548,306235
PO000295,BR03,SUP06,ING14,2026-04,5.67,87903,498410
PO000296,BR03,SUP06,ING14,2026-05,5.8,90817,526739
PO000297,BR03,SUP06,ING14,2026-06,5.03,85276,428938
PO000298,BR03,SUP06,ING14,2026-07,4.74,91140,432004
PO000299,BR03,SUP06,ING14,2026-08,5.7,89415,509666
PO000300,BR03,SUP06,ING14,2026-09,3.11,87485,272078
PO000301,BR03,SUP04,ING15,2026-04,32.22,11578,373043
PO000302,BR03,SUP04,ING15,2026-05,31.06,11753,365048
PO000303,BR03,SUP04,ING15,2026-06,38.25,11975,458044
PO000304,BR03,SUP04,ING15,2026-07,33.49,11782,394579
PO000305,BR03,SUP04,ING15,2026-08,39.22,11746,460678
PO000306,BR03,SUP04,ING15,2026-09,22.98,12333,283412
PO000307,BR03,SUP07,ING16,2026-04,10.53,68141,717525
PO000308,BR03,SUP07,ING16,2026-05,12.35,70726,873466
PO000309,BR03,SUP07,ING16,2026-06,12.65,67762,857189
PO000310,BR03,SUP07,ING16,2026-07,11.54,67953,784178
PO000311,BR03,SUP07,ING16,2026-08,14.92,66645,994343
PO000312,BR03,SUP07,ING16,2026-09,7.1,67597,479939
PO000313,BR03,SUP03,ING17,2026-04,14.22,30711,436710
PO000314,BR03,SUP03,ING17,2026-05,15.47,31421,486083
PO000315,BR03,SUP03,ING17,2026-06,14.07,27820,391427
PO000316,BR03,SUP03,ING17,2026-07,13.22,30725,406184
PO000317,BR03,SUP03,ING17,2026-08,15.69,28732,450805
PO000318,BR03,SUP03,ING17,2026-09,9.43,28993,273404
PO000319,BR03,SUP07,ING18,2026-04,15.6,44970,701532
PO000320,BR03,SUP07,ING18,2026-05,18.63,44572,830376
PO000321,BR03,SUP07,ING18,2026-06,16.17,46161,746423
PO000322,BR03,SUP07,ING18,2026-07,17.81,44593,794201
PO000323,BR03,SUP07,ING18,2026-08,18.37,45600,837672
PO000324,BR03,SUP07,ING18,2026-09,6.83,43429,296620
PO000325,BR04,SUP01,ING01,2026-04,107.92,37113,4005235
PO000326,BR04,SUP01,ING01,2026-05,115.7,36360,4206852
PO000327,BR04,SUP01,ING01,2026-06,102.69,36521,3750341
PO000328,BR04,SUP01,ING01,2026-07,113.68,38611,4389298
PO000329,BR04,SUP01,ING01,2026-08,118.46,36274,4297018
PO000330,BR04,SUP01,ING01,2026-09,66.95,37646,2520400
PO000331,BR04,SUP01,ING02,2026-04,21.57,118002,2545303
PO000332,BR04,SUP01,ING02,2026-05,21.94,126548,2776463
PO000333,BR04,SUP01,ING02,2026-06,18.45,130067,2399736
PO000334,BR04,SUP01,ING02,2026-07,21.93,122427,2684824
PO000335,BR04,SUP01,ING02,2026-08,27.93,122873,3431843
PO000336,BR04,SUP01,ING02,2026-09,13.13,126882,1665961
PO000337,BR04,SUP02,ING03,2026-04,109.08,12205,1331321
PO000338,BR04,SUP02,ING03,2026-05,120.08,13002,1561280
PO000339,BR04,SUP02,ING03,2026-06,96.73,12660,1224602
PO000340,BR04,SUP02,ING03,2026-07,111.32,12560,1398179
PO000341,BR04,SUP02,ING03,2026-08,120.59,13773,1660886
PO000342,BR04,SUP02,ING03,2026-09,62.26,11721,729749
PO000343,BR04,SUP02,ING04,2026-04,30.45,14397,438389
PO000344,BR04,SUP02,ING04,2026-05,28.12,13863,389828
PO000345,BR04,SUP02,ING04,2026-06,22.53,14560,328037
PO000346,BR04,SUP02,ING04,2026-07,27.35,14033,383803
PO000347,BR04,SUP02,ING04,2026-08,38.13,14826,565315
PO000348,BR04,SUP02,ING04,2026-09,18.07,14144,255582
PO000349,BR04,SUP03,ING05,2026-04,27.52,16727,460327
PO000350,BR04,SUP03,ING05,2026-05,28.21,17941,506116
PO000351,BR04,SUP03,ING05,2026-06,23.26,17295,402282
PO000352,BR04,SUP03,ING05,2026-07,26.52,16900,448188
PO000353,BR04,SUP03,ING05,2026-08,27.82,17361,482983
PO000354,BR04,SUP03,ING05,2026-09,14.76,17713,261444
PO000355,BR04,SUP05,ING06,2026-04,1.7,44566,75762
PO000356,BR04,SUP05,ING06,2026-05,2.24,41195,92277
PO000357,BR04,SUP05,ING06,2026-06,1.68,44353,74513
PO000358,BR04,SUP05,ING06,2026-07,1.97,41809,82364
PO000359,BR04,SUP05,ING06,2026-08,2.0,42939,85878
PO000360,BR04,SUP05,ING06,2026-09,1.47,43373,63758
PO000361,BR04,SUP04,ING07,2026-04,29.56,18900,558684
PO000362,BR04,SUP04,ING07,2026-05,29.87,18889,564214
PO000363,BR04,SUP04,ING07,2026-06,20.22,18264,369298
PO000364,BR04,SUP04,ING07,2026-07,26.3,18913,497412
PO000365,BR04,SUP04,ING07,2026-08,33.2,19228,638370
PO000366,BR04,SUP04,ING07,2026-09,20.09,19645,394668
PO000367,BR04,SUP05,ING08,2026-04,4.0,112768,451072
PO000368,BR04,SUP05,ING08,2026-05,3.63,119621,434224
PO000369,BR04,SUP05,ING08,2026-06,3.24,117999,382317
PO000370,BR04,SUP05,ING08,2026-07,3.64,121162,441030
PO000371,BR04,SUP05,ING08,2026-08,4.58,113412,519427
PO000372,BR04,SUP05,ING08,2026-09,1.89,115629,218539
PO000373,BR04,SUP06,ING09,2026-04,71.4,15628,1115839
PO000374,BR04,SUP06,ING09,2026-05,68.39,16120,1102447
PO000375,BR04,SUP06,ING09,2026-06,62.27,15766,981749
PO000376,BR04,SUP06,ING09,2026-07,61.45,15162,931705
PO000377,BR04,SUP06,ING09,2026-08,74.07,15496,1147789
PO000378,BR04,SUP06,ING09,2026-09,39.04,15543,606799
PO000379,BR04,SUP05,ING10,2026-04,3.13,240175,751748
PO000380,BR04,SUP05,ING10,2026-05,3.07,238692,732784
PO000381,BR04,SUP05,ING10,2026-06,2.69,249513,671190
PO000382,BR04,SUP05,ING10,2026-07,3.0,245593,736779
PO000383,BR04,SUP05,ING10,2026-08,3.09,230632,712653
PO000384,BR04,SUP05,ING10,2026-09,1.42,237306,336975
PO000385,BR04,SUP04,ING11,2026-04,47.24,23565,1113211
PO000386,BR04,SUP04,ING11,2026-05,51.83,22650,1173950
PO000387,BR04,SUP04,ING11,2026-06,36.21,24031,870163
PO000388,BR04,SUP04,ING11,2026-07,41.58,26155,1087525
PO000389,BR04,SUP04,ING11,2026-08,43.73,24291,1062245
PO000390,BR04,SUP04,ING11,2026-09,26.09,23573,615020
PO000391,BR04,SUP01,ING12,2026-04,28.66,7526,215695
PO000392,BR04,SUP01,ING12,2026-05,29.82,7985,238113
PO000393,BR04,SUP01,ING12,2026-06,25.59,7891,201931
PO000394,BR04,SUP01,ING12,2026-07,23.39,7851,183635
PO000395,BR04,SUP01,ING12,2026-08,27.99,7675,214823
PO000396,BR04,SUP01,ING12,2026-09,14.12,8360,118043
PO000397,BR04,SUP04,ING13,2026-04,34.53,14577,503344
PO000398,BR04,SUP04,ING13,2026-05,45.64,13361,609796
PO000399,BR04,SUP04,ING13,2026-06,35.23,14267,502626
PO000400,BR04,SUP04,ING13,2026-07,43.07,14099,607244
PO000401,BR04,SUP04,ING13,2026-08,37.92,13579,514916
PO000402,BR04,SUP04,ING13,2026-09,22.73,14232,323493
PO000403,BR04,SUP06,ING14,2026-04,5.5,89756,493658
PO000404,BR04,SUP06,ING14,2026-05,6.3,81331,512385
PO000405,BR04,SUP06,ING14,2026-06,4.87,81212,395502
PO000406,BR04,SUP06,ING14,2026-07,6.88,89425,615244
PO000407,BR04,SUP06,ING14,2026-08,5.66,91357,517081
PO000408,BR04,SUP06,ING14,2026-09,3.33,83007,276413
PO000409,BR04,SUP04,ING15,2026-04,37.68,12157,458076
PO000410,BR04,SUP04,ING15,2026-05,41.48,11319,469512
PO000411,BR04,SUP04,ING15,2026-06,34.28,11977,410572
PO000412,BR04,SUP04,ING15,2026-07,41.33,11105,458970
PO000413,BR04,SUP04,ING15,2026-08,39.5,11942,471709
PO000414,BR04,SUP04,ING15,2026-09,27.5,10657,293068
PO000415,BR04,SUP07,ING16,2026-04,13.3,68337,908882
PO000416,BR04,SUP07,ING16,2026-05,13.75,69324,953205
PO000417,BR04,SUP07,ING16,2026-06,11.72,66641,781033
PO000418,BR04,SUP07,ING16,2026-07,12.84,67746,869859
PO000419,BR04,SUP07,ING16,2026-08,15.35,66858,1026270
PO000420,BR04,SUP07,ING16,2026-09,10.07,67991,684669
PO000421,BR04,SUP03,ING17,2026-04,16.76,28867,483811
PO000422,BR04,SUP03,ING17,2026-05,17.08,29228,499214
PO000423,BR04,SUP03,ING17,2026-06,14.08,29017,408559
PO000424,BR04,SUP03,ING17,2026-07,15.76,28669,451823
PO000425,BR04,SUP03,ING17,2026-08,17.64,28992,511419
PO000426,BR04,SUP03,ING17,2026-09,10.56,27898,294603
PO000427,BR04,SUP07,ING18,2026-04,20.7,46810,968967
PO000428,BR04,SUP07,ING18,2026-05,20.58,42666,878066
PO000429,BR04,SUP07,ING18,2026-06,14.86,45239,672252
PO000430,BR04,SUP07,ING18,2026-07,18.82,43289,814699
PO000431,BR04,SUP07,ING18,2026-08,20.63,43767,902913
PO000432,BR04,SUP07,ING18,2026-09,11.74,43223,507438
PO000433,BR05,SUP01,ING01,2026-04,85.49,46248,3953742
PO000434,BR05,SUP01,ING01,2026-05,105.26,45672,4807435
PO000435,BR05,SUP01,ING01,2026-06,87.4,47404,4143110
PO000436,BR05,SUP01,ING01,2026-07,88.65,42396,3758405
PO000437,BR05,SUP01,ING01,2026-08,97.86,48317,4728302
PO000438,BR05,SUP01,ING01,2026-09,59.33,49495,2936538
PO000439,BR05,SUP01,ING02,2026-04,19.64,171532,3368888
PO000440,BR05,SUP01,ING02,2026-05,18.87,156017,2944041
PO000441,BR05,SUP01,ING02,2026-06,18.45,161483,2979361
PO000442,BR05,SUP01,ING02,2026-07,17.31,154227,2669669
PO000443,BR05,SUP01,ING02,2026-08,19.38,170381,3301984
PO000444,BR05,SUP01,ING02,2026-09,15.08,161866,2440939
PO000445,BR05,SUP02,ING03,2026-04,82.6,16339,1349601
PO000446,BR05,SUP02,ING03,2026-05,92.16,16205,1493453
PO000447,BR05,SUP02,ING03,2026-06,92.33,16049,1481804
PO000448,BR05,SUP02,ING03,2026-07,96.34,15971,1538646
PO000449,BR05,SUP02,ING03,2026-08,105.41,16517,1741057
PO000450,BR05,SUP02,ING03,2026-09,59.74,15971,954108
PO000451,BR05,SUP02,ING04,2026-04,27.26,18673,509026
PO000452,BR05,SUP02,ING04,2026-05,24.89,18982,472462
PO000453,BR05,SUP02,ING04,2026-06,24.82,18880,468602
PO000454,BR05,SUP02,ING04,2026-07,27.77,18395,510829
PO000455,BR05,SUP02,ING04,2026-08,21.8,18350,400030
PO000456,BR05,SUP02,ING04,2026-09,19.28,18604,358685
PO000457,BR05,SUP03,ING05,2026-04,21.74,23118,502585
PO000458,BR05,SUP03,ING05,2026-05,23.32,22044,514066
PO000459,BR05,SUP03,ING05,2026-06,19.7,23139,455838
PO000460,BR05,SUP03,ING05,2026-07,22.42,20814,466650
PO000461,BR05,SUP03,ING05,2026-08,21.79,23061,502499
PO000462,BR05,SUP03,ING05,2026-09,13.92,22192,308913
PO000463,BR05,SUP05,ING06,2026-04,1.33,54208,72097
PO000464,BR05,SUP05,ING06,2026-05,1.73,54581,94425
PO000465,BR05,SUP05,ING06,2026-06,1.47,56645,83268
PO000466,BR05,SUP05,ING06,2026-07,1.66,52523,87188
PO000467,BR05,SUP05,ING06,2026-08,1.51,54225,81880
PO000468,BR05,SUP05,ING06,2026-09,0.86,58719,50498
PO000469,BR05,SUP04,ING07,2026-04,21.36,24913,532142
PO000470,BR05,SUP04,ING07,2026-05,23.06,24488,564693
PO000471,BR05,SUP04,ING07,2026-06,21.32,24572,523875
PO000472,BR05,SUP04,ING07,2026-07,21.34,24536,523598
PO000473,BR05,SUP04,ING07,2026-08,25.38,25081,636556
PO000474,BR05,SUP04,ING07,2026-09,19.14,25553,489084
PO000475,BR05,SUP05,ING08,2026-04,2.73,150780,411629
PO000476,BR05,SUP05,ING08,2026-05,4.13,143187,591362
PO000477,BR05,SUP05,ING08,2026-06,2.26,151633,342691
PO000478,BR05,SUP05,ING08,2026-07,2.49,150300,374247
PO000479,BR05,SUP05,ING08,2026-08,3.91,156720,612775
PO000480,BR05,SUP05,ING08,2026-09,2.32,151373,351185
PO000481,BR05,SUP06,ING09,2026-04,53.01,19959,1058027
PO000482,BR05,SUP06,ING09,2026-05,65.98,19889,1312276
PO000483,BR05,SUP06,ING09,2026-06,54.24,20507,1112300
PO000484,BR05,SUP06,ING09,2026-07,52.88,18406,973309
PO000485,BR05,SUP06,ING09,2026-08,59.72,19387,1157792
PO000486,BR05,SUP06,ING09,2026-09,40.12,19061,764727
PO000487,BR05,SUP05,ING10,2026-04,2.38,300616,715466
PO000488,BR05,SUP05,ING10,2026-05,2.88,303223,873282
PO000489,BR05,SUP05,ING10,2026-06,2.71,301553,817209
PO000490,BR05,SUP05,ING10,2026-07,2.33,317599,740006
PO000491,BR05,SUP05,ING10,2026-08,2.42,320502,775615
PO000492,BR05,SUP05,ING10,2026-09,1.6,323512,517619
PO000493,BR05,SUP04,ING11,2026-04,40.46,31214,1262918
PO000494,BR05,SUP04,ING11,2026-05,51.85,29468,1527916
PO000495,BR05,SUP04,ING11,2026-06,39.06,29375,1147388
PO000496,BR05,SUP04,ING11,2026-07,34.06,31453,1071289
PO000497,BR05,SUP04,ING11,2026-08,41.14,31858,1310638
PO000498,BR05,SUP04,ING11,2026-09,29.35,28806,845456
PO000499,BR05,SUP01,ING12,2026-04,20.05,10143,203367
PO000500,BR05,SUP01,ING12,2026-05,25.36,9522,241478
PO000501,BR05,SUP01,ING12,2026-06,17.82,9788,174422
PO000502,BR05,SUP01,ING12,2026-07,22.48,9414,211627
PO000503,BR05,SUP01,ING12,2026-08,22.76,9944,226325
PO000504,BR05,SUP01,ING12,2026-09,19.07,9953,189804
PO000505,BR05,SUP04,ING13,2026-04,31.98,19434,621499
PO000506,BR05,SUP04,ING13,2026-05,34.33,18634,639705
PO000507,BR05,SUP04,ING13,2026-06,31.2,18168,566842
PO000508,BR05,SUP04,ING13,2026-07,31.54,17880,563935
PO000509,BR05,SUP04,ING13,2026-08,31.46,18214,573012
PO000510,BR05,SUP04,ING13,2026-09,19.23,18534,356409
PO000511,BR05,SUP06,ING14,2026-04,5.07,109438,554851
PO000512,BR05,SUP06,ING14,2026-05,5.06,114610,579927
PO000513,BR05,SUP06,ING14,2026-06,4.63,120237,556697
PO000514,BR05,SUP06,ING14,2026-07,4.6,115880,533048
PO000515,BR05,SUP06,ING14,2026-08,4.64,114923,533243
PO000516,BR05,SUP06,ING14,2026-09,3.02,107181,323687
PO000517,BR05,SUP04,ING15,2026-04,32.47,14900,483803
PO000518,BR05,SUP04,ING15,2026-05,33.63,14911,501457
PO000519,BR05,SUP04,ING15,2026-06,30.12,14484,436258
PO000520,BR05,SUP04,ING15,2026-07,32.02,15762,504699
PO000521,BR05,SUP04,ING15,2026-08,28.69,14477,415345
PO000522,BR05,SUP04,ING15,2026-09,20.01,15497,310095
PO000523,BR05,SUP07,ING16,2026-04,11.33,83145,942033
PO000524,BR05,SUP07,ING16,2026-05,12.22,86961,1062663
PO000525,BR05,SUP07,ING16,2026-06,10.91,83998,916418
PO000526,BR05,SUP07,ING16,2026-07,12.8,86565,1108032
PO000527,BR05,SUP07,ING16,2026-08,12.3,81866,1006952
PO000528,BR05,SUP07,ING16,2026-09,7.64,85181,650783
PO000529,BR05,SUP03,ING17,2026-04,12.23,37386,457231
PO000530,BR05,SUP03,ING17,2026-05,14.89,36562,544408
PO000531,BR05,SUP03,ING17,2026-06,12.11,37197,450456
PO000532,BR05,SUP03,ING17,2026-07,11.97,36745,439838
PO000533,BR05,SUP03,ING17,2026-08,14.68,37407,549135
PO000534,BR05,SUP03,ING17,2026-09,9.44,36715,346590
PO000535,BR05,SUP07,ING18,2026-04,15.83,57849,915750
PO000536,BR05,SUP07,ING18,2026-05,17.36,57244,993756
PO000537,BR05,SUP07,ING18,2026-06,15.52,57126,886596
PO000538,BR05,SUP07,ING18,2026-07,17.05,57446,979454
PO000539,BR05,SUP07,ING18,2026-08,14.62,54307,793968
PO000540,BR05,SUP07,ING18,2026-09,9.6,55709,534806
PO000541,BR06,SUP01,ING01,2026-04,92.38,37234,3439677
PO000542,BR06,SUP01,ING01,2026-05,101.86,37040,3772894
PO000543,BR06,SUP01,ING01,2026-06,92.68,37358,3462339
PO000544,BR06,SUP01,ING01,2026-07,96.34,37016,3566121
PO000545,BR06,SUP01,ING01,2026-08,96.1,39278,3774616
PO000546,BR06,SUP01,ING01,2026-09,64.03,37698,2413803
PO000547,BR06,SUP01,ING02,2026-04,22.26,124747,2776868
PO000548,BR06,SUP01,ING02,2026-05,19.59,133723,2619634
PO000549,BR06,SUP01,ING02,2026-06,14.46,121087,1750918
PO000550,BR06,SUP01,ING02,2026-07,18.93,121889,2307359
PO000551,BR06,SUP01,ING02,2026-08,20.59,133732,2753542
PO000552,BR06,SUP01,ING02,2026-09,16.07,130043,2089791
PO000553,BR06,SUP02,ING03,2026-04,102.04,12301,1255194
PO000554,BR06,SUP02,ING03,2026-05,98.34,13284,1306349
PO000555,BR06,SUP02,ING03,2026-06,90.11,13279,1196571
PO000556,BR06,SUP02,ING03,2026-07,99.37,12880,1279886
PO000557,BR06,SUP02,ING03,2026-08,109.68,12985,1424195
PO000558,BR06,SUP02,ING03,2026-09,73.04,13235,966684
PO000559,BR06,SUP02,ING04,2026-04,28.61,15479,442854
PO000560,BR06,SUP02,ING04,2026-05,23.22,14357,333370
PO000561,BR06,SUP02,ING04,2026-06,25.15,15099,379740
PO000562,BR06,SUP02,ING04,2026-07,30.05,14510,436026
PO000563,BR06,SUP02,ING04,2026-08,23.45,14223,333529
PO000564,BR06,SUP02,ING04,2026-09,22.27,14780,329151
PO000565,BR06,SUP03,ING05,2026-04,23.46,17371,407524
PO000566,BR06,SUP03,ING05,2026-05,24.56,17749,435915
PO000567,BR06,SUP03,ING05,2026-06,23.48,18263,428815
PO000568,BR06,SUP03,ING05,2026-07,23.9,17527,418895
PO000569,BR06,SUP03,ING05,2026-08,24.44,17188,420075
PO000570,BR06,SUP03,ING05,2026-09,16.4,17625,289050
PO000571,BR06,SUP05,ING06,2026-04,1.79,44726,80060
PO000572,BR06,SUP05,ING06,2026-05,1.81,44734,80969
PO000573,BR06,SUP05,ING06,2026-06,1.75,44879,78538
PO000574,BR06,SUP05,ING06,2026-07,1.76,44947,79107
PO000575,BR06,SUP05,ING06,2026-08,1.63,45083,73485
PO000576,BR06,SUP05,ING06,2026-09,1.02,45799,46715
PO000577,BR06,SUP04,ING07,2026-04,28.64,19383,555129
PO000578,BR06,SUP04,ING07,2026-05,26.13,19362,505929
PO000579,BR06,SUP04,ING07,2026-06,24.82,19716,489351
PO000580,BR06,SUP04,ING07,2026-07,27.28,19582,534197
PO000581,BR06,SUP04,ING07,2026-08,25.96,21103,547834
PO000582,BR06,SUP04,ING07,2026-09,18.41,20803,382983
PO000583,BR06,SUP05,ING08,2026-04,3.69,120265,443778
PO000584,BR06,SUP05,ING08,2026-05,3.1,121018,375156
PO000585,BR06,SUP05,ING08,2026-06,3.63,118402,429799
PO000586,BR06,SUP05,ING08,2026-07,3.54,117667,416541
PO000587,BR06,SUP05,ING08,2026-08,3.61,121988,440377
PO000588,BR06,SUP05,ING08,2026-09,2.54,122265,310553
PO000589,BR06,SUP06,ING09,2026-04,64.48,16496,1063662
PO000590,BR06,SUP06,ING09,2026-05,60.99,15678,956201
PO000591,BR06,SUP06,ING09,2026-06,56.8,16055,911924
PO000592,BR06,SUP06,ING09,2026-07,67.81,15755,1068347
PO000593,BR06,SUP06,ING09,2026-08,66.71,15782,1052817
PO000594,BR06,SUP06,ING09,2026-09,40.22,16039,645089
PO000595,BR06,SUP05,ING10,2026-04,3.0,264742,794226
PO000596,BR06,SUP05,ING10,2026-05,2.64,246778,651494
PO000597,BR06,SUP05,ING10,2026-06,2.35,248153,583160
PO000598,BR06,SUP05,ING10,2026-07,2.97,242821,721178
PO000599,BR06,SUP05,ING10,2026-08,3.06,252592,772932
PO000600,BR06,SUP05,ING10,2026-09,1.57,253701,398311
PO000601,BR06,SUP04,ING11,2026-04,44.28,24660,1091945
PO000602,BR06,SUP04,ING11,2026-05,45.85,25160,1153586
PO000603,BR06,SUP04,ING11,2026-06,34.0,25477,866218
PO000604,BR06,SUP04,ING11,2026-07,38.49,24975,961288
PO000605,BR06,SUP04,ING11,2026-08,47.62,26083,1242072
PO000606,BR06,SUP04,ING11,2026-09,27.08,23979,649351
PO000607,BR06,SUP01,ING12,2026-04,29.52,7771,229400
PO000608,BR06,SUP01,ING12,2026-05,26.24,7755,203491
PO000609,BR06,SUP01,ING12,2026-06,23.4,7782,182099
PO000610,BR06,SUP01,ING12,2026-07,26.29,7956,209163
PO000611,BR06,SUP01,ING12,2026-08,26.07,8385,218597
PO000612,BR06,SUP01,ING12,2026-09,17.58,7651,134505
PO000613,BR06,SUP04,ING13,2026-04,32.4,14861,481496
PO000614,BR06,SUP04,ING13,2026-05,33.38,15142,505440
PO000615,BR06,SUP04,ING13,2026-06,31.43,15372,483142
PO000616,BR06,SUP04,ING13,2026-07,32.39,14994,485656
PO000617,BR06,SUP04,ING13,2026-08,38.09,14969,570169
PO000618,BR06,SUP04,ING13,2026-09,23.58,14587,343961
PO000619,BR06,SUP06,ING14,2026-04,4.58,86407,395744
PO000620,BR06,SUP06,ING14,2026-05,5.27,91409,481725
PO000621,BR06,SUP06,ING14,2026-06,4.83,89021,429971
PO000622,BR06,SUP06,ING14,2026-07,4.98,93506,465660
PO000623,BR06,SUP06,ING14,2026-08,5.45,85881,468051
PO000624,BR06,SUP06,ING14,2026-09,3.51,92370,324219
PO000625,BR06,SUP04,ING15,2026-04,31.26,12157,380028
PO000626,BR06,SUP04,ING15,2026-05,38.16,11925,455058
PO000627,BR06,SUP04,ING15,2026-06,32.36,11996,388191
PO000628,BR06,SUP04,ING15,2026-07,33.6,11854,398294
PO000629,BR06,SUP04,ING15,2026-08,31.61,11764,371860
PO000630,BR06,SUP04,ING15,2026-09,21.8,11974,261033
PO000631,BR06,SUP07,ING16,2026-04,11.68,68274,797440
PO000632,BR06,SUP07,ING16,2026-05,11.47,65576,752157
PO000633,BR06,SUP07,ING16,2026-06,10.83,73442,795377
PO000634,BR06,SUP07,ING16,2026-07,13.85,70832,981023
PO000635,BR06,SUP07,ING16,2026-08,13.43,69024,926992
PO000636,BR06,SUP07,ING16,2026-09,7.4,73485,543789
PO000637,BR06,SUP03,ING17,2026-04,15.53,29670,460775
PO000638,BR06,SUP03,ING17,2026-05,15.91,29511,469520
PO000639,BR06,SUP03,ING17,2026-06,13.71,29179,400044
PO000640,BR06,SUP03,ING17,2026-07,14.12,29842,421369
PO000641,BR06,SUP03,ING17,2026-08,14.85,30126,447371
PO000642,BR06,SUP03,ING17,2026-09,10.11,29683,300095
PO000643,BR06,SUP07,ING18,2026-04,17.68,44859,793107
PO000644,BR06,SUP07,ING18,2026-05,16.03,43998,705288
PO000645,BR06,SUP07,ING18,2026-06,15.58,42809,666964
PO000646,BR06,SUP07,ING18,2026-07,20.54,42709,877243
PO000647,BR06,SUP07,ING18,2026-08,19.81,45235,896105
PO000648,BR06,SUP07,ING18,2026-09,10.38,46772,485493
PO000649,BR07,SUP01,ING01,2026-04,105.81,37331,3949993
PO000650,BR07,SUP01,ING01,2026-05,116.22,35512,4127205
PO000651,BR07,SUP01,ING01,2026-06,103.45,36472,3773028
PO000652,BR07,SUP01,ING01,2026-07,105.95,37777,4002473
PO000653,BR07,SUP01,ING01,2026-08,117.56,35990,4230984
PO000654,BR07,SUP01,ING01,2026-09,78.91,37915,2991873
PO000655,BR07,SUP01,ING02,2026-04,24.67,130268,3213712
PO000656,BR07,SUP01,ING02,2026-05,23.48,129790,3047469
PO000657,BR07,SUP01,ING02,2026-06,23.4,126693,2964616
PO000658,BR07,SUP01,ING02,2026-07,24.15,130216,3144716
PO000659,BR07,SUP01,ING02,2026-08,23.91,130930,3130536
PO000660,BR07,SUP01,ING02,2026-09,15.78,121403,1915739
PO000661,BR07,SUP02,ING03,2026-04,119.98,12302,1475994
PO000662,BR07,SUP02,ING03,2026-05,117.37,12491,1466069
PO000663,BR07,SUP02,ING03,2026-06,104.21,13085,1363588
PO000664,BR07,SUP02,ING03,2026-07,122.07,12598,1537838
PO000665,BR07,SUP02,ING03,2026-08,120.78,12284,1483662
PO000666,BR07,SUP02,ING03,2026-09,81.87,12437,1018217
PO000667,BR07,SUP02,ING04,2026-04,27.85,14931,415828
PO000668,BR07,SUP02,ING04,2026-05,30.88,14465,446679
PO000669,BR07,SUP02,ING04,2026-06,23.44,14449,338685
PO000670,BR07,SUP02,ING04,2026-07,32.53,15113,491626
PO000671,BR07,SUP02,ING04,2026-08,30.69,15072,462560
PO000672,BR07,SUP02,ING04,2026-09,14.51,14237,206579
PO000673,BR07,SUP03,ING05,2026-04,23.04,16908,389560
PO000674,BR07,SUP03,ING05,2026-05,27.64,17145,473888
PO000675,BR07,SUP03,ING05,2026-06,26.01,18907,491771
PO000676,BR07,SUP03,ING05,2026-07,29.4,16527,485894
PO000677,BR07,SUP03,ING05,2026-08,27.43,18709,513188
PO000678,BR07,SUP03,ING05,2026-09,17.28,17441,301380
PO000679,BR07,SUP05,ING06,2026-04,1.81,43833,79338
PO000680,BR07,SUP05,ING06,2026-05,1.86,45579,84777
PO000681,BR07,SUP05,ING06,2026-06,2.09,44402,92800
PO000682,BR07,SUP05,ING06,2026-07,1.52,43768,66527
PO000683,BR07,SUP05,ING06,2026-08,1.79,41401,74108
PO000684,BR07,SUP05,ING06,2026-09,1.21,41657,50405
PO000685,BR07,SUP04,ING07,2026-04,30.27,20172,610606
PO000686,BR07,SUP04,ING07,2026-05,29.49,20322,599296
PO000687,BR07,SUP04,ING07,2026-06,27.73,20987,581970
PO000688,BR07,SUP04,ING07,2026-07,27.72,19171,531420
PO000689,BR07,SUP04,ING07,2026-08,27.39,18987,520054
PO000690,BR07,SUP04,ING07,2026-09,21.78,18977,413319
PO000691,BR07,SUP05,ING08,2026-04,3.9,117477,458160
PO000692,BR07,SUP05,ING08,2026-05,4.02,119699,481190
PO000693,BR07,SUP05,ING08,2026-06,3.01,119695,360282
PO000694,BR07,SUP05,ING08,2026-07,3.46,115697,400312
PO000695,BR07,SUP05,ING08,2026-08,4.8,121222,581866
PO000696,BR07,SUP05,ING08,2026-09,2.07,119284,246918
PO000697,BR07,SUP06,ING09,2026-04,62.63,16063,1006026
PO000698,BR07,SUP06,ING09,2026-05,66.07,15534,1026331
PO000699,BR07,SUP06,ING09,2026-06,57.19,15551,889362
PO000700,BR07,SUP06,ING09,2026-07,69.96,16214,1134331
PO000701,BR07,SUP06,ING09,2026-08,76.27,15036,1146796
PO000702,BR07,SUP06,ING09,2026-09,40.03,15902,636557
PO000703,BR07,SUP05,ING10,2026-04,2.73,247756,676374
PO000704,BR07,SUP05,ING10,2026-05,2.7,256002,691205
PO000705,BR07,SUP05,ING10,2026-06,3.05,246362,751404
PO000706,BR07,SUP05,ING10,2026-07,2.9,240399,697157
PO000707,BR07,SUP05,ING10,2026-08,2.44,252854,616964
PO000708,BR07,SUP05,ING10,2026-09,1.95,245813,479335
PO000709,BR07,SUP04,ING11,2026-04,41.86,22495,941641
PO000710,BR07,SUP04,ING11,2026-05,47.26,23895,1129278
PO000711,BR07,SUP04,ING11,2026-06,44.93,25228,1133494
PO000712,BR07,SUP04,ING11,2026-07,48.26,25904,1250127
PO000713,BR07,SUP04,ING11,2026-08,57.62,23563,1357700
PO000714,BR07,SUP04,ING11,2026-09,34.47,24071,829727
PO000715,BR07,SUP01,ING12,2026-04,24.32,7858,191107
PO000716,BR07,SUP01,ING12,2026-05,34.73,7574,263045
PO000717,BR07,SUP01,ING12,2026-06,25.74,8007,206100
PO000718,BR07,SUP01,ING12,2026-07,27.8,7870,218786
PO000719,BR07,SUP01,ING12,2026-08,31.22,8287,258720
PO000720,BR07,SUP01,ING12,2026-09,20.31,7998,162439
PO000721,BR07,SUP04,ING13,2026-04,36.94,15405,569061
PO000722,BR07,SUP04,ING13,2026-05,37.3,14047,523953
PO000723,BR07,SUP04,ING13,2026-06,37.48,15538,582364
PO000724,BR07,SUP04,ING13,2026-07,40.78,14435,588659
PO000725,BR07,SUP04,ING13,2026-08,45.48,14611,664508
PO000726,BR07,SUP04,ING13,2026-09,26.36,14033,369910
PO000727,BR07,SUP06,ING14,2026-04,5.43,90162,489580
PO000728,BR07,SUP06,ING14,2026-05,5.59,90429,505498
PO000729,BR07,SUP06,ING14,2026-06,5.77,84969,490271
PO000730,BR07,SUP06,ING14,2026-07,6.18,85512,528464
PO000731,BR07,SUP06,ING14,2026-08,6.47,82808,535768
PO000732,BR07,SUP06,ING14,2026-09,4.03,87962,354487
PO000733,BR07,SUP04,ING15,2026-04,33.19,11430,379362
PO000734,BR07,SUP04,ING15,2026-05,35.28,12316,434508
PO000735,BR07,SUP04,ING15,2026-06,41.08,11473,471311
PO000736,BR07,SUP04,ING15,2026-07,36.71,11661,428075
PO000737,BR07,SUP04,ING15,2026-08,37.43,12274,459416
PO000738,BR07,SUP04,ING15,2026-09,20.37,12049,245438
PO000739,BR07,SUP07,ING16,2026-04,10.44,67243,702017
PO000740,BR07,SUP07,ING16,2026-05,13.57,72145,979008
PO000741,BR07,SUP07,ING16,2026-06,10.53,70187,739069
PO000742,BR07,SUP07,ING16,2026-07,13.89,69036,958910
PO000743,BR07,SUP07,ING16,2026-08,15.76,68030,1072153
PO000744,BR07,SUP07,ING16,2026-09,7.95,66463,528381
PO000745,BR07,SUP03,ING17,2026-04,15.18,29783,452106
PO000746,BR07,SUP03,ING17,2026-05,16.53,27966,462278
PO000747,BR07,SUP03,ING17,2026-06,15.81,28609,452308
PO000748,BR07,SUP03,ING17,2026-07,15.82,30594,483997
PO000749,BR07,SUP03,ING17,2026-08,17.62,31102,548017
PO000750,BR07,SUP03,ING17,2026-09,10.76,29542,317872
PO000751,BR07,SUP07,ING18,2026-04,16.31,44866,731764
PO000752,BR07,SUP07,ING18,2026-05,19.93,43263,862232
PO000753,BR07,SUP07,ING18,2026-06,15.09,44154,666284
PO000754,BR07,SUP07,ING18,2026-07,18.88,43038,812557
PO000755,BR07,SUP07,ING18,2026-08,22.51,44835,1009236
PO000756,BR07,SUP07,ING18,2026-09,10.89,45005,490104
PO000757,BR08,SUP01,ING01,2026-04,76.34,36468,2783967
PO000758,BR08,SUP01,ING01,2026-05,100.21,37394,3747253
PO000759,BR08,SUP01,ING01,2026-06,75.05,37814,2837941
PO000760,BR08,SUP01,ING01,2026-07,81.21,35433,2877514
PO000761,BR08,SUP01,ING01,2026-08,103.52,37336,3865023
PO000762,BR08,SUP01,ING01,2026-09,60.62,36468,2210690
PO000763,BR08,SUP01,ING02,2026-04,18.11,131739,2385793
PO000764,BR08,SUP01,ING02,2026-05,23.25,127157,2956400
PO000765,BR08,SUP01,ING02,2026-06,18.0,126751,2281518
PO000766,BR08,SUP01,ING02,2026-07,19.2,133269,2558765
PO000767,BR08,SUP01,ING02,2026-08,23.12,131112,3031309
PO000768,BR08,SUP01,ING02,2026-09,14.6,124965,1824489
PO000769,BR08,SUP02,ING03,2026-04,75.31,12422,935501
PO000770,BR08,SUP02,ING03,2026-05,107.09,12976,1389600
PO000771,BR08,SUP02,ING03,2026-06,78.09,12542,979405
PO000772,BR08,SUP02,ING03,2026-07,84.63,12945,1095535
PO000773,BR08,SUP02,ING03,2026-08,123.79,13072,1618183
PO000774,BR08,SUP02,ING03,2026-09,64.49,12690,818378
PO000775,BR08,SUP02,ING04,2026-04,22.4,14097,315773
PO000776,BR08,SUP02,ING04,2026-05,27.6,14932,412123
PO000777,BR08,SUP02,ING04,2026-06,18.27,14367,262485
PO000778,BR08,SUP02,ING04,2026-07,23.38,14488,338729
PO000779,BR08,SUP02,ING04,2026-08,27.42,14970,410477
PO000780,BR08,SUP02,ING04,2026-09,18.6,14950,278070
PO000781,BR08,SUP03,ING05,2026-04,17.61,18243,321259
PO000782,BR08,SUP03,ING05,2026-05,25.76,18169,468033
PO000783,BR08,SUP03,ING05,2026-06,19.34,17735,342995
PO000784,BR08,SUP03,ING05,2026-07,19.32,18155,350755
PO000785,BR08,SUP03,ING05,2026-08,25.25,18069,456242
PO000786,BR08,SUP03,ING05,2026-09,15.23,17680,269266
PO000787,BR08,SUP05,ING06,2026-04,1.22,44851,54718
PO000788,BR08,SUP05,ING06,2026-05,1.72,43150,74218
PO000789,BR08,SUP05,ING06,2026-06,1.61,44725,72007
PO000790,BR08,SUP05,ING06,2026-07,1.49,43798,65259
PO000791,BR08,SUP05,ING06,2026-08,1.69,44953,75971
PO000792,BR08,SUP05,ING06,2026-09,0.97,43330,42030
PO000793,BR08,SUP04,ING07,2026-04,18.99,19608,372356
PO000794,BR08,SUP04,ING07,2026-05,25.53,19388,494976
PO000795,BR08,SUP04,ING07,2026-06,20.4,19455,396882
PO000796,BR08,SUP04,ING07,2026-07,22.75,20158,458594
PO000797,BR08,SUP04,ING07,2026-08,24.49,20384,499204
PO000798,BR08,SUP04,ING07,2026-09,10.65,19144,203884
PO000799,BR08,SUP05,ING08,2026-04,3.24,124411,403092
PO000800,BR08,SUP05,ING08,2026-05,2.74,115661,316911
PO000801,BR08,SUP05,ING08,2026-06,2.86,121618,347827
PO000802,BR08,SUP05,ING08,2026-07,2.69,116613,313689
PO000803,BR08,SUP05,ING08,2026-08,4.14,121535,503155
PO000804,BR08,SUP05,ING08,2026-09,2.41,116668,281170
PO000805,BR08,SUP06,ING09,2026-04,53.04,15537,824082
PO000806,BR08,SUP06,ING09,2026-05,66.42,16044,1065642
PO000807,BR08,SUP06,ING09,2026-06,52.71,15181,800191
PO000808,BR08,SUP06,ING09,2026-07,49.56,15331,759804
PO000809,BR08,SUP06,ING09,2026-08,66.66,15910,1060561
PO000810,BR08,SUP06,ING09,2026-09,38.89,15000,583350
PO000811,BR08,SUP05,ING10,2026-04,2.3,249301,573392
PO000812,BR08,SUP05,ING10,2026-05,3.16,235705,744828
PO000813,BR08,SUP05,ING10,2026-06,2.06,246945,508707
PO000814,BR08,SUP05,ING10,2026-07,2.32,236856,549506
PO000815,BR08,SUP05,ING10,2026-08,3.0,246255,738765
PO000816,BR08,SUP05,ING10,2026-09,1.57,260068,408307
PO000817,BR08,SUP04,ING11,2026-04,37.46,24035,900351
PO000818,BR08,SUP04,ING11,2026-05,53.11,24428,1297371
PO000819,BR08,SUP04,ING11,2026-06,49.29,23698,1168074
PO000820,BR08,SUP04,ING11,2026-07,35.3,23817,840740
PO000821,BR08,SUP04,ING11,2026-08,49.1,23576,1157582
PO000822,BR08,SUP04,ING11,2026-09,23.47,25266,592993
PO000823,BR08,SUP01,ING12,2026-04,19.02,8063,153358
PO000824,BR08,SUP01,ING12,2026-05,31.9,7752,247289
PO000825,BR08,SUP01,ING12,2026-06,23.32,7439,173477
PO000826,BR08,SUP01,ING12,2026-07,19.72,7898,155749
PO000827,BR08,SUP01,ING12,2026-08,24.36,7692,187377
PO000828,BR08,SUP01,ING12,2026-09,15.46,7627,117913
PO000829,BR08,SUP04,ING13,2026-04,28.31,14582,412816
PO000830,BR08,SUP04,ING13,2026-05,38.21,14267,545142
PO000831,BR08,SUP04,ING13,2026-06,26.34,14780,389305
PO000832,BR08,SUP04,ING13,2026-07,25.85,14607,377591
PO000833,BR08,SUP04,ING13,2026-08,27.88,14443,402671
PO000834,BR08,SUP04,ING13,2026-09,25.25,14402,363650
PO000835,BR08,SUP06,ING14,2026-04,4.21,90452,380803
PO000836,BR08,SUP06,ING14,2026-05,6.16,87657,539967
PO000837,BR08,SUP06,ING14,2026-06,4.01,87120,349351
PO000838,BR08,SUP06,ING14,2026-07,3.82,91345,348938
PO000839,BR08,SUP06,ING14,2026-08,4.45,86937,386870
PO000840,BR08,SUP06,ING14,2026-09,3.71,87057,322981
PO000841,BR08,SUP04,ING15,2026-04,22.55,12412,279891
PO000842,BR08,SUP04,ING15,2026-05,33.64,11480,386187
PO000843,BR08,SUP04,ING15,2026-06,30.32,11872,359959
PO000844,BR08,SUP04,ING15,2026-07,25.24,12014,303233
PO000845,BR08,SUP04,ING15,2026-08,38.52,11511,443404
PO000846,BR08,SUP04,ING15,2026-09,20.83,11400,237462
PO000847,BR08,SUP07,ING16,2026-04,12.09,69532,840642
PO000848,BR08,SUP07,ING16,2026-05,12.67,68663,869960
PO000849,BR08,SUP07,ING16,2026-06,10.79,65053,701922
PO000850,BR08,SUP07,ING16,2026-07,10.17,66968,681065
PO000851,BR08,SUP07,ING16,2026-08,11.92,66973,798318
PO000852,BR08,SUP07,ING16,2026-09,7.13,70644,503692
PO000853,BR08,SUP03,ING17,2026-04,11.95,29868,356923
PO000854,BR08,SUP03,ING17,2026-05,15.4,30059,462909
PO000855,BR08,SUP03,ING17,2026-06,12.22,30033,367003
PO000856,BR08,SUP03,ING17,2026-07,12.44,29518,367204
PO000857,BR08,SUP03,ING17,2026-08,14.39,30986,445889
PO000858,BR08,SUP03,ING17,2026-09,8.53,29511,251729
PO000859,BR08,SUP07,ING18,2026-04,13.8,44415,612927
PO000860,BR08,SUP07,ING18,2026-05,14.35,42766,613692
PO000861,BR08,SUP07,ING18,2026-06,16.9,43747,739324
PO000862,BR08,SUP07,ING18,2026-07,15.02,44838,673467
PO000863,BR08,SUP07,ING18,2026-08,15.37,44467,683458
PO000864,BR08,SUP07,ING18,2026-09,10.39,43429,451227
PO000865,BR09,SUP01,ING01,2026-04,121.15,36297,4397382
PO000866,BR09,SUP01,ING01,2026-05,150.89,35466,5351465
PO000867,BR09,SUP01,ING01,2026-06,112.52,34452,3876539
PO000868,BR09,SUP01,ING01,2026-07,131.59,35108,4619862
PO000869,BR09,SUP01,ING01,2026-08,142.64,33426,4767885
PO000870,BR09,SUP01,ING01,2026-09,92.59,34614,3204910
PO000871,BR09,SUP01,ING02,2026-04,22.95,124694,2861727
PO000872,BR09,SUP01,ING02,2026-05,30.52,122279,3731955
PO000873,BR09,SUP01,ING02,2026-06,22.27,122149,2720258
PO000874,BR09,SUP01,ING02,2026-07,25.59,117373,3003575
PO000875,BR09,SUP01,ING02,2026-08,30.54,118060,3605552
PO000876,BR09,SUP01,ING02,2026-09,18.85,116749,2200719
PO000877,BR09,SUP02,ING03,2026-04,116.07,12391,1438223
PO000878,BR09,SUP02,ING03,2026-05,148.77,11834,1760544
PO000879,BR09,SUP02,ING03,2026-06,114.77,11959,1372534
PO000880,BR09,SUP02,ING03,2026-07,142.66,12224,1743876
PO000881,BR09,SUP02,ING03,2026-08,159.3,12035,1917176
PO000882,BR09,SUP02,ING03,2026-09,92.57,11986,1109544
PO000883,BR09,SUP02,ING04,2026-04,33.23,13369,444252
PO000884,BR09,SUP02,ING04,2026-05,36.29,14690,533100
PO000885,BR09,SUP02,ING04,2026-06,34.86,13409,467438
PO000886,BR09,SUP02,ING04,2026-07,26.56,13519,359065
PO000887,BR09,SUP02,ING04,2026-08,40.55,13582,550750
PO000888,BR09,SUP02,ING04,2026-09,24.13,13950,336614
PO000889,BR09,SUP03,ING05,2026-04,28.43,16763,476572
PO000890,BR09,SUP03,ING05,2026-05,34.38,17118,588517
PO000891,BR09,SUP03,ING05,2026-06,27.52,17051,469244
PO000892,BR09,SUP03,ING05,2026-07,28.39,16851,478400
PO000893,BR09,SUP03,ING05,2026-08,35.91,17152,615928
PO000894,BR09,SUP03,ING05,2026-09,21.59,17257,372579
PO000895,BR09,SUP05,ING06,2026-04,1.91,40394,77153
PO000896,BR09,SUP05,ING06,2026-05,2.66,39947,106259
PO000897,BR09,SUP05,ING06,2026-06,1.9,41337,78540
PO000898,BR09,SUP05,ING06,2026-07,2.15,41638,89522
PO000899,BR09,SUP05,ING06,2026-08,2.61,40878,106692
PO000900,BR09,SUP05,ING06,2026-09,1.58,41131,64987
PO000901,BR09,SUP04,ING07,2026-04,32.8,19030,624184
PO000902,BR09,SUP04,ING07,2026-05,36.15,18667,674812
PO000903,BR09,SUP04,ING07,2026-06,30.08,20023,602292
PO000904,BR09,SUP04,ING07,2026-07,29.32,18524,543124
PO000905,BR09,SUP04,ING07,2026-08,37.89,17548,664894
PO000906,BR09,SUP04,ING07,2026-09,23.36,19406,453324
PO000907,BR09,SUP05,ING08,2026-04,4.16,112509,468037
PO000908,BR09,SUP05,ING08,2026-05,4.45,100424,446887
PO000909,BR09,SUP05,ING08,2026-06,3.61,113442,409526
PO000910,BR09,SUP05,ING08,2026-07,4.52,109228,493711
PO000911,BR09,SUP05,ING08,2026-08,4.79,112455,538659
PO000912,BR09,SUP05,ING08,2026-09,2.61,107150,279662
PO000913,BR09,SUP06,ING09,2026-04,74.38,14134,1051287
PO000914,BR09,SUP06,ING09,2026-05,84.33,14918,1258035
PO000915,BR09,SUP06,ING09,2026-06,69.73,14992,1045392
PO000916,BR09,SUP06,ING09,2026-07,80.55,15081,1214775
PO000917,BR09,SUP06,ING09,2026-08,90.26,15088,1361843
PO000918,BR09,SUP06,ING09,2026-09,55.51,14871,825489
PO000919,BR09,SUP05,ING10,2026-04,3.29,236055,776621
PO000920,BR09,SUP05,ING10,2026-05,3.52,239304,842350
PO000921,BR09,SUP05,ING10,2026-06,3.2,231710,741472
PO000922,BR09,SUP05,ING10,2026-07,3.36,228442,767565
PO000923,BR09,SUP05,ING10,2026-08,3.67,224716,824708
PO000924,BR09,SUP05,ING10,2026-09,2.52,231159,582521
PO000925,BR09,SUP04,ING11,2026-04,50.1,22369,1120687
PO000926,BR09,SUP04,ING11,2026-05,58.38,23351,1363231
PO000927,BR09,SUP04,ING11,2026-06,42.57,23325,992945
PO000928,BR09,SUP04,ING11,2026-07,55.32,23856,1319714
PO000929,BR09,SUP04,ING11,2026-08,66.81,23613,1577585
PO000930,BR09,SUP04,ING11,2026-09,42.47,23010,977235
PO000931,BR09,SUP01,ING12,2026-04,32.41,7322,237306
PO000932,BR09,SUP01,ING12,2026-05,37.69,7505,282863
PO000933,BR09,SUP01,ING12,2026-06,32.1,7196,230992
PO000934,BR09,SUP01,ING12,2026-07,28.39,7526,213663
PO000935,BR09,SUP01,ING12,2026-08,38.7,7202,278717
PO000936,BR09,SUP01,ING12,2026-09,22.93,7385,169338
PO000937,BR09,SUP04,ING13,2026-04,38.09,13849,527508
PO000938,BR09,SUP04,ING13,2026-05,48.23,13950,672808
PO000939,BR09,SUP04,ING13,2026-06,45.85,13549,621222
PO000940,BR09,SUP04,ING13,2026-07,43.39,14309,620868
PO000941,BR09,SUP04,ING13,2026-08,49.71,13862,689080
PO000942,BR09,SUP04,ING13,2026-09,26.66,13544,361083
PO000943,BR09,SUP06,ING14,2026-04,5.89,80848,476195
PO000944,BR09,SUP06,ING14,2026-05,7.56,88723,670746
PO000945,BR09,SUP06,ING14,2026-06,6.51,86916,565823
PO000946,BR09,SUP06,ING14,2026-07,6.61,83220,550084
PO000947,BR09,SUP06,ING14,2026-08,7.33,79987,586305
PO000948,BR09,SUP06,ING14,2026-09,4.05,81232,328990
PO000949,BR09,SUP04,ING15,2026-04,38.5,10790,415415
PO000950,BR09,SUP04,ING15,2026-05,47.93,11149,534372
PO000951,BR09,SUP04,ING15,2026-06,33.9,10640,360696
PO000952,BR09,SUP04,ING15,2026-07,36.74,10686,392604
PO000953,BR09,SUP04,ING15,2026-08,51.03,11106,566739
PO000954,BR09,SUP04,ING15,2026-09,35.67,10717,382275
PO000955,BR09,SUP07,ING16,2026-04,13.64,64548,880435
PO000956,BR09,SUP07,ING16,2026-05,15.7,64951,1019731
PO000957,BR09,SUP07,ING16,2026-06,14.69,65464,961666
PO000958,BR09,SUP07,ING16,2026-07,16.0,63603,1017648
PO000959,BR09,SUP07,ING16,2026-08,19.47,62323,1213429
PO000960,BR09,SUP07,ING16,2026-09,10.63,65350,694670
PO000961,BR09,SUP03,ING17,2026-04,18.53,27470,509019
PO000962,BR09,SUP03,ING17,2026-05,20.95,27874,583960
PO000963,BR09,SUP03,ING17,2026-06,16.58,27152,450180
PO000964,BR09,SUP03,ING17,2026-07,18.81,25662,482702
PO000965,BR09,SUP03,ING17,2026-08,22.23,27249,605745
PO000966,BR09,SUP03,ING17,2026-09,12.67,26079,330421
PO000967,BR09,SUP07,ING18,2026-04,21.31,41613,886773
PO000968,BR09,SUP07,ING18,2026-05,22.45,40904,918295
PO000969,BR09,SUP07,ING18,2026-06,19.9,39258,781234
PO000970,BR09,SUP07,ING18,2026-07,22.92,39277,900229
PO000971,BR09,SUP07,ING18,2026-08,27.95,41266,1153385
PO000972,BR09,SUP07,ING18,2026-09,12.64,43224,546351
PO000973,BR10,SUP01,ING01,2026-04,82.81,39908,3304781
PO000974,BR10,SUP01,ING01,2026-05,83.76,38945,3262033
PO000975,BR10,SUP01,ING01,2026-06,72.68,38956,2831322
PO000976,BR10,SUP01,ING01,2026-07,80.33,37801,3036554
PO000977,BR10,SUP01,ING01,2026-08,94.81,39928,3785574
PO000978,BR10,SUP01,ING01,2026-09,49.32,37030,1826320
PO000979,BR10,SUP01,ING02,2026-04,19.02,130135,2475168
PO000980,BR10,SUP01,ING02,2026-05,17.43,133950,2334748
PO000981,BR10,SUP01,ING02,2026-06,15.73,127506,2005669
PO000982,BR10,SUP01,ING02,2026-07,17.44,136570,2381781
PO000983,BR10,SUP01,ING02,2026-08,21.8,140381,3060306
PO000984,BR10,SUP01,ING02,2026-09,11.88,134812,1601567
PO000985,BR10,SUP02,ING03,2026-04,85.82,13706,1176249
PO000986,BR10,SUP02,ING03,2026-05,92.24,13193,1216922
PO000987,BR10,SUP02,ING03,2026-06,81.16,13593,1103208
PO000988,BR10,SUP02,ING03,2026-07,79.32,13842,1097947
PO000989,BR10,SUP02,ING03,2026-08,104.56,12909,1349765
PO000990,BR10,SUP02,ING03,2026-09,57.39,12906,740675
PO000991,BR10,SUP02,ING04,2026-04,25.45,15725,400201
PO000992,BR10,SUP02,ING04,2026-05,19.29,15305,295233
PO000993,BR10,SUP02,ING04,2026-06,19.38,14986,290429
PO000994,BR10,SUP02,ING04,2026-07,25.14,15214,382480
PO000995,BR10,SUP02,ING04,2026-08,22.89,15530,355482
PO000996,BR10,SUP02,ING04,2026-09,14.95,14860,222157
PO000997,BR10,SUP03,ING05,2026-04,20.29,17934,363881
PO000998,BR10,SUP03,ING05,2026-05,19.85,19153,380187
PO000999,BR10,SUP03,ING05,2026-06,18.01,18700,336787
PO001000,BR10,SUP03,ING05,2026-07,20.19,18183,367115
PO001001,BR10,SUP03,ING05,2026-08,24.17,18102,437525
PO001002,BR10,SUP03,ING05,2026-09,13.91,17789,247445
PO001003,BR10,SUP05,ING06,2026-04,1.23,47225,58087
PO001004,BR10,SUP05,ING06,2026-05,1.28,45570,58330
PO001005,BR10,SUP05,ING06,2026-06,1.3,46908,60980
PO001006,BR10,SUP05,ING06,2026-07,1.35,45246,61082
PO001007,BR10,SUP05,ING06,2026-08,1.98,46050,91179
PO001008,BR10,SUP05,ING06,2026-09,1.06,46955,49772
PO001009,BR10,SUP04,ING07,2026-04,18.68,20084,375169
PO001010,BR10,SUP04,ING07,2026-05,23.52,20383,479408
PO001011,BR10,SUP04,ING07,2026-06,26.32,20812,547772
PO001012,BR10,SUP04,ING07,2026-07,21.07,20169,424961
PO001013,BR10,SUP04,ING07,2026-08,30.89,20725,640195
PO001014,BR10,SUP04,ING07,2026-09,16.5,19907,328466
PO001015,BR10,SUP05,ING08,2026-04,2.89,122712,354638
PO001016,BR10,SUP05,ING08,2026-05,2.9,122382,354908
PO001017,BR10,SUP05,ING08,2026-06,2.44,118092,288144
PO001018,BR10,SUP05,ING08,2026-07,3.12,122002,380646
PO001019,BR10,SUP05,ING08,2026-08,3.54,119367,422559
PO001020,BR10,SUP05,ING08,2026-09,2.0,124020,248040
PO001021,BR10,SUP06,ING09,2026-04,52.73,16564,873420
PO001022,BR10,SUP06,ING09,2026-05,50.55,16305,824218
PO001023,BR10,SUP06,ING09,2026-06,50.07,16130,807629
PO001024,BR10,SUP06,ING09,2026-07,54.41,16149,878667
PO001025,BR10,SUP06,ING09,2026-08,57.73,17209,993476
PO001026,BR10,SUP06,ING09,2026-09,32.42,16498,534865
PO001027,BR10,SUP05,ING10,2026-04,2.18,270583,589871
PO001028,BR10,SUP05,ING10,2026-05,2.32,265278,615445
PO001029,BR10,SUP05,ING10,2026-06,2.15,256958,552460
PO001030,BR10,SUP05,ING10,2026-07,2.2,250015,550033
PO001031,BR10,SUP05,ING10,2026-08,2.49,258343,643274
PO001032,BR10,SUP05,ING10,2026-09,1.34,259780,348105
PO001033,BR10,SUP04,ING11,2026-04,37.03,24518,907902
PO001034,BR10,SUP04,ING11,2026-05,32.94,24369,802715
PO001035,BR10,SUP04,ING11,2026-06,33.94,25460,864112
PO001036,BR10,SUP04,ING11,2026-07,41.4,24387,1009622
PO001037,BR10,SUP04,ING11,2026-08,34.25,25795,883479
PO001038,BR10,SUP04,ING11,2026-09,24.27,26341,639296
PO001039,BR10,SUP01,ING12,2026-04,24.02,8362,200855
PO001040,BR10,SUP01,ING12,2026-05,20.75,7998,165958
PO001041,BR10,SUP01,ING12,2026-06,16.72,8206,137204
PO001042,BR10,SUP01,ING12,2026-07,22.92,8095,185537
PO001043,BR10,SUP01,ING12,2026-08,23.7,7794,184718
PO001044,BR10,SUP01,ING12,2026-09,16.85,8092,136350
PO001045,BR10,SUP04,ING13,2026-04,28.28,15065,426038
PO001046,BR10,SUP04,ING13,2026-05,27.97,15555,435073
PO001047,BR10,SUP04,ING13,2026-06,29.16,15626,455654
PO001048,BR10,SUP04,ING13,2026-07,23.84,15861,378126
PO001049,BR10,SUP04,ING13,2026-08,31.48,15246,479944
PO001050,BR10,SUP04,ING13,2026-09,13.16,15860,208718
PO001051,BR10,SUP06,ING14,2026-04,4.32,89789,387888
PO001052,BR10,SUP06,ING14,2026-05,4.11,87713,360500
PO001053,BR10,SUP06,ING14,2026-06,4.31,95284,410674
PO001054,BR10,SUP06,ING14,2026-07,3.62,89849,325253
PO001055,BR10,SUP06,ING14,2026-08,5.12,86903,444943
PO001056,BR10,SUP06,ING14,2026-09,1.88,91646,172294
PO001057,BR10,SUP04,ING15,2026-04,28.73,12571,361165
PO001058,BR10,SUP04,ING15,2026-05,28.29,12093,342111
PO001059,BR10,SUP04,ING15,2026-06,25.65,11894,305081
PO001060,BR10,SUP04,ING15,2026-07,26.5,11932,316198
PO001061,BR10,SUP04,ING15,2026-08,38.3,11643,445927
PO001062,BR10,SUP04,ING15,2026-09,22.37,12814,286649
PO001063,BR10,SUP07,ING16,2026-04,10.34,71834,742764
PO001064,BR10,SUP07,ING16,2026-05,10.99,69443,763179
PO001065,BR10,SUP07,ING16,2026-06,10.08,73769,743592
PO001066,BR10,SUP07,ING16,2026-07,11.11,67874,754080
PO001067,BR10,SUP07,ING16,2026-08,12.37,67404,833787
PO001068,BR10,SUP07,ING16,2026-09,7.21,71612,516323
PO001069,BR10,SUP03,ING17,2026-04,11.63,32191,374381
PO001070,BR10,SUP03,ING17,2026-05,12.21,30408,371282
PO001071,BR10,SUP03,ING17,2026-06,11.2,30808,345050
PO001072,BR10,SUP03,ING17,2026-07,13.07,31001,405183
PO001073,BR10,SUP03,ING17,2026-08,15.76,30617,482524
PO001074,BR10,SUP03,ING17,2026-09,8.1,30374,246029
PO001075,BR10,SUP07,ING18,2026-04,15.66,45019,704998
PO001076,BR10,SUP07,ING18,2026-05,14.69,45526,668777
PO001077,BR10,SUP07,ING18,2026-06,11.44,47354,541730
PO001078,BR10,SUP07,ING18,2026-07,16.57,46884,776868
PO001079,BR10,SUP07,ING18,2026-08,17.52,44618,781707
PO001080,BR10,SUP07,ING18,2026-09,12.89,45682,588841
PO001081,BR11,SUP01,ING01,2026-04,87.68,45118,3955946
PO001082,BR11,SUP01,ING01,2026-05,93.27,47077,4390872
PO001083,BR11,SUP01,ING01,2026-06,78.38,44341,3475448
PO001084,BR11,SUP01,ING01,2026-07,87.79,41206,3617475
PO001085,BR11,SUP01,ING01,2026-08,96.04,44899,4312100
PO001086,BR11,SUP01,ING01,2026-09,57.49,43427,2496618
PO001087,BR11,SUP01,ING02,2026-04,18.22,158072,2880072
PO001088,BR11,SUP01,ING02,2026-05,17.73,144411,2560407
PO001089,BR11,SUP01,ING02,2026-06,15.64,149868,2343936
PO001090,BR11,SUP01,ING02,2026-07,17.67,147618,2608410
PO001091,BR11,SUP01,ING02,2026-08,22.68,144812,3284336
PO001092,BR11,SUP01,ING02,2026-09,10.99,150708,1656281
PO001093,BR11,SUP02,ING03,2026-04,91.24,15177,1384749
PO001094,BR11,SUP02,ING03,2026-05,85.24,16199,1380803
PO001095,BR11,SUP02,ING03,2026-06,83.89,14935,1252897
PO001096,BR11,SUP02,ING03,2026-07,95.56,14333,1369661
PO001097,BR11,SUP02,ING03,2026-08,112.78,15107,1703767
PO001098,BR11,SUP02,ING03,2026-09,59.07,13993,826567
PO001099,BR11,SUP02,ING04,2026-04,23.01,17077,392942
PO001100,BR11,SUP02,ING04,2026-05,21.18,16160,342269
PO001101,BR11,SUP02,ING04,2026-06,16.21,17059,276526
PO001102,BR11,SUP02,ING04,2026-07,27.4,17156,470074
PO001103,BR11,SUP02,ING04,2026-08,26.82,17510,469618
PO001104,BR11,SUP02,ING04,2026-09,12.42,18118,225026
PO001105,BR11,SUP03,ING05,2026-04,19.79,20633,408327
PO001106,BR11,SUP03,ING05,2026-05,23.57,21362,503502
PO001107,BR11,SUP03,ING05,2026-06,20.07,21331,428113
PO001108,BR11,SUP03,ING05,2026-07,22.93,21276,487859
PO001109,BR11,SUP03,ING05,2026-08,25.46,21023,535246
PO001110,BR11,SUP03,ING05,2026-09,13.76,19803,272489
PO001111,BR11,SUP05,ING06,2026-04,1.63,51992,84747
PO001112,BR11,SUP05,ING06,2026-05,1.74,51130,88966
PO001113,BR11,SUP05,ING06,2026-06,1.47,50205,73801
PO001114,BR11,SUP05,ING06,2026-07,1.59,52529,83521
PO001115,BR11,SUP05,ING06,2026-08,1.67,53739,89744
PO001116,BR11,SUP05,ING06,2026-09,1.17,51804,60611
PO001117,BR11,SUP04,ING07,2026-04,23.32,22628,527685
PO001118,BR11,SUP04,ING07,2026-05,25.08,21956,550656
PO001119,BR11,SUP04,ING07,2026-06,22.09,24085,532038
PO001120,BR11,SUP04,ING07,2026-07,22.38,22622,506280
PO001121,BR11,SUP04,ING07,2026-08,18.84,22902,431474
PO001122,BR11,SUP04,ING07,2026-09,19.54,22841,446313
PO001123,BR11,SUP05,ING08,2026-04,2.63,136267,358382
PO001124,BR11,SUP05,ING08,2026-05,3.46,137695,476425
PO001125,BR11,SUP05,ING08,2026-06,2.7,142354,384356
PO001126,BR11,SUP05,ING08,2026-07,2.28,136559,311355
PO001127,BR11,SUP05,ING08,2026-08,3.49,137946,481432
PO001128,BR11,SUP05,ING08,2026-09,1.74,139218,242239
PO001129,BR11,SUP06,ING09,2026-04,58.11,18258,1060972
PO001130,BR11,SUP06,ING09,2026-05,61.36,18631,1143198
PO001131,BR11,SUP06,ING09,2026-06,50.15,18811,943372
PO001132,BR11,SUP06,ING09,2026-07,47.58,18480,879278
PO001133,BR11,SUP06,ING09,2026-08,64.28,18740,1204607
PO001134,BR11,SUP06,ING09,2026-09,33.09,18809,622390
PO001135,BR11,SUP05,ING10,2026-04,2.27,279100,633557
PO001136,BR11,SUP05,ING10,2026-05,2.56,276986,709084
PO001137,BR11,SUP05,ING10,2026-06,2.43,295462,717973
PO001138,BR11,SUP05,ING10,2026-07,2.16,296961,641436
PO001139,BR11,SUP05,ING10,2026-08,2.79,284850,794732
PO001140,BR11,SUP05,ING10,2026-09,1.77,290585,514335
PO001141,BR11,SUP04,ING11,2026-04,37.66,29315,1104003
PO001142,BR11,SUP04,ING11,2026-05,39.74,27817,1105448
PO001143,BR11,SUP04,ING11,2026-06,31.19,28194,879371
PO001144,BR11,SUP04,ING11,2026-07,42.49,29585,1257067
PO001145,BR11,SUP04,ING11,2026-08,48.08,29037,1396099
PO001146,BR11,SUP04,ING11,2026-09,23.13,28797,666075
PO001147,BR11,SUP01,ING12,2026-04,21.45,9305,199592
PO001148,BR11,SUP01,ING12,2026-05,25.09,9253,232158
PO001149,BR11,SUP01,ING12,2026-06,19.77,8873,175419
PO001150,BR11,SUP01,ING12,2026-07,24.98,9291,232089
PO001151,BR11,SUP01,ING12,2026-08,29.12,9412,274077
PO001152,BR11,SUP01,ING12,2026-09,16.51,9494,156746
PO001153,BR11,SUP04,ING13,2026-04,29.63,17630,522377
PO001154,BR11,SUP04,ING13,2026-05,33.37,17159,572596
PO001155,BR11,SUP04,ING13,2026-06,41.77,17128,715437
PO001156,BR11,SUP04,ING13,2026-07,24.65,16940,417571
PO001157,BR11,SUP04,ING13,2026-08,28.0,16570,463960
PO001158,BR11,SUP04,ING13,2026-09,20.85,17311,360934
PO001159,BR11,SUP06,ING14,2026-04,4.34,107199,465244
PO001160,BR11,SUP06,ING14,2026-05,5.46,98100,535626
PO001161,BR11,SUP06,ING14,2026-06,5.96,105741,630216
PO001162,BR11,SUP06,ING14,2026-07,3.77,109619,413264
PO001163,BR11,SUP06,ING14,2026-08,4.27,104065,444358
PO001164,BR11,SUP06,ING14,2026-09,3.1,102448,317589
PO001165,BR11,SUP04,ING15,2026-04,27.64,13838,382482
PO001166,BR11,SUP04,ING15,2026-05,36.06,13905,501414
PO001167,BR11,SUP04,ING15,2026-06,29.57,14294,422674
PO001168,BR11,SUP04,ING15,2026-07,34.55,12930,446731
PO001169,BR11,SUP04,ING15,2026-08,37.19,13131,488342
PO001170,BR11,SUP04,ING15,2026-09,17.13,12794,219161
PO001171,BR11,SUP07,ING16,2026-04,13.63,77049,1050178
PO001172,BR11,SUP07,ING16,2026-05,11.26,79491,895069
PO001173,BR11,SUP07,ING16,2026-06,10.77,80848,870733
PO001174,BR11,SUP07,ING16,2026-07,9.6,78843,756893
PO001175,BR11,SUP07,ING16,2026-08,12.1,81664,988134
PO001176,BR11,SUP07,ING16,2026-09,6.36,80016,508902
PO001177,BR11,SUP03,ING17,2026-04,13.08,33362,436375
PO001178,BR11,SUP03,ING17,2026-05,14.85,34928,518681
PO001179,BR11,SUP03,ING17,2026-06,11.78,34598,407564
PO001180,BR11,SUP03,ING17,2026-07,12.17,34070,414632
PO001181,BR11,SUP03,ING17,2026-08,13.22,34117,451027
PO001182,BR11,SUP03,ING17,2026-09,8.97,33949,304523
PO001183,BR11,SUP07,ING18,2026-04,17.19,53360,917258
PO001184,BR11,SUP07,ING18,2026-05,16.12,53066,855424
PO001185,BR11,SUP07,ING18,2026-06,14.56,50911,741264
PO001186,BR11,SUP07,ING18,2026-07,14.12,51331,724794
PO001187,BR11,SUP07,ING18,2026-08,17.16,52766,905465
PO001188,BR11,SUP07,ING18,2026-09,10.32,51701,533554
PO001189,BR12,SUP01,ING01,2026-04,85.22,39676,3381189
PO001190,BR12,SUP01,ING01,2026-05,92.09,39072,3598140
PO001191,BR12,SUP01,ING01,2026-06,84.59,37816,3198855
PO001192,BR12,SUP01,ING01,2026-07,89.85,39289,3530117
PO001193,BR12,SUP01,ING01,2026-08,92.31,38443,3548673
PO001194,BR12,SUP01,ING01,2026-09,57.61,39125,2253991
PO001195,BR12,SUP01,ING02,2026-04,20.92,132551,2772967
PO001196,BR12,SUP01,ING02,2026-05,14.91,129916,1937048
PO001197,BR12,SUP01,ING02,2026-06,15.34,125766,1929250
PO001198,BR12,SUP01,ING02,2026-07,19.77,134991,2668772
PO001199,BR12,SUP01,ING02,2026-08,20.33,135336,2751381
PO001200,BR12,SUP01,ING02,2026-09,13.65,132276,1805567
PO001201,BR12,SUP02,ING03,2026-04,95.46,13363,1275632
PO001202,BR12,SUP02,ING03,2026-05,86.58,13391,1159393
PO001203,BR12,SUP02,ING03,2026-06,81.21,12979,1054025
PO001204,BR12,SUP02,ING03,2026-07,97.05,12816,1243793
PO001205,BR12,SUP02,ING03,2026-08,96.82,13339,1291482
PO001206,BR12,SUP02,ING03,2026-09,55.08,13501,743635
PO001207,BR12,SUP02,ING04,2026-04,24.03,15460,371504
PO001208,BR12,SUP02,ING04,2026-05,19.63,15444,303166
PO001209,BR12,SUP02,ING04,2026-06,21.51,14842,319251
PO001210,BR12,SUP02,ING04,2026-07,22.54,15860,357484
PO001211,BR12,SUP02,ING04,2026-08,21.8,15120,329616
PO001212,BR12,SUP02,ING04,2026-09,14.78,15329,226563
PO001213,BR12,SUP03,ING05,2026-04,20.21,17789,359516
PO001214,BR12,SUP03,ING05,2026-05,20.77,18490,384037
PO001215,BR12,SUP03,ING05,2026-06,18.93,18912,358004
PO001216,BR12,SUP03,ING05,2026-07,21.15,19112,404219
PO001217,BR12,SUP03,ING05,2026-08,23.39,18696,437299
PO001218,BR12,SUP03,ING05,2026-09,14.57,19529,284538
PO001219,BR12,SUP05,ING06,2026-04,1.45,45467,65927
PO001220,BR12,SUP05,ING06,2026-05,1.43,44594,63769
PO001221,BR12,SUP05,ING06,2026-06,1.7,45269,76957
PO001222,BR12,SUP05,ING06,2026-07,1.3,46085,59910
PO001223,BR12,SUP05,ING06,2026-08,1.82,45837,83423
PO001224,BR12,SUP05,ING06,2026-09,1.1,47354,52089
PO001225,BR12,SUP04,ING07,2026-04,22.35,20587,460119
PO001226,BR12,SUP04,ING07,2026-05,22.47,20365,457602
PO001227,BR12,SUP04,ING07,2026-06,21.95,20368,447078
PO001228,BR12,SUP04,ING07,2026-07,21.54,20794,447903
PO001229,BR12,SUP04,ING07,2026-08,21.68,21086,457144
PO001230,BR12,SUP04,ING07,2026-09,17.21,20767,357400
PO001231,BR12,SUP05,ING08,2026-04,2.98,132900,396042
PO001232,BR12,SUP05,ING08,2026-05,3.38,124620,421216
PO001233,BR12,SUP05,ING08,2026-06,3.08,115520,355802
PO001234,BR12,SUP05,ING08,2026-07,3.23,118295,382093
PO001235,BR12,SUP05,ING08,2026-08,3.4,121239,412213
PO001236,BR12,SUP05,ING08,2026-09,2.31,118392,273486
PO001237,BR12,SUP06,ING09,2026-04,50.42,15692,791191
PO001238,BR12,SUP06,ING09,2026-05,55.71,16356,911193
PO001239,BR12,SUP06,ING09,2026-06,44.61,16701,745032
PO001240,BR12,SUP06,ING09,2026-07,55.44,16675,924462
PO001241,BR12,SUP06,ING09,2026-08,58.78,16583,974749
PO001242,BR12,SUP06,ING09,2026-09,35.92,14960,537363
PO001243,BR12,SUP05,ING10,2026-04,2.06,247534,509920
PO001244,BR12,SUP05,ING10,2026-05,2.49,259609,646426
PO001245,BR12,SUP05,ING10,2026-06,1.58,266585,421204
PO001246,BR12,SUP05,ING10,2026-07,2.48,259585,643771
PO001247,BR12,SUP05,ING10,2026-08,2.25,251745,566426
PO001248,BR12,SUP05,ING10,2026-09,1.48,265634,393138
PO001249,BR12,SUP04,ING11,2026-04,33.29,24108,802555
PO001250,BR12,SUP04,ING11,2026-05,34.12,24705,842935
PO001251,BR12,SUP04,ING11,2026-06,34.32,24964,856764
PO001252,BR12,SUP04,ING11,2026-07,41.7,24578,1024903
PO001253,BR12,SUP04,ING11,2026-08,43.44,26225,1139214
PO001254,BR12,SUP04,ING11,2026-09,24.11,26420,636986
PO001255,BR12,SUP01,ING12,2026-04,19.08,8062,153823
PO001256,BR12,SUP01,ING12,2026-05,17.63,8195,144478
PO001257,BR12,SUP01,ING12,2026-06,24.55,8444,207300
PO001258,BR12,SUP01,ING12,2026-07,20.63,8070,166484
PO001259,BR12,SUP01,ING12,2026-08,20.48,8212,168182
PO001260,BR12,SUP01,ING12,2026-09,15.08,8344,125828
PO001261,BR12,SUP04,ING13,2026-04,26.19,15541,407019
PO001262,BR12,SUP04,ING13,2026-05,36.83,16136,594289
PO001263,BR12,SUP04,ING13,2026-06,28.48,14965,426203
PO001264,BR12,SUP04,ING13,2026-07,32.52,15463,502857
PO001265,BR12,SUP04,ING13,2026-08,34.62,15020,519992
PO001266,BR12,SUP04,ING13,2026-09,22.56,16055,362201
PO001267,BR12,SUP06,ING14,2026-04,4.04,95797,387020
PO001268,BR12,SUP06,ING14,2026-05,5.51,96199,530056
PO001269,BR12,SUP06,ING14,2026-06,4.13,94667,390975
PO001270,BR12,SUP06,ING14,2026-07,4.79,94591,453091
PO001271,BR12,SUP06,ING14,2026-08,5.25,95073,499133
PO001272,BR12,SUP06,ING14,2026-09,3.49,90742,316690
PO001273,BR12,SUP04,ING15,2026-04,31.42,11983,376506
PO001274,BR12,SUP04,ING15,2026-05,33.76,11917,402318
PO001275,BR12,SUP04,ING15,2026-06,20.95,13031,272999
PO001276,BR12,SUP04,ING15,2026-07,26.07,12225,318706
PO001277,BR12,SUP04,ING15,2026-08,35.26,12111,427034
PO001278,BR12,SUP04,ING15,2026-09,18.73,13350,250046
PO001279,BR12,SUP07,ING16,2026-04,10.38,66542,690706
PO001280,BR12,SUP07,ING16,2026-05,9.64,70684,681394
PO001281,BR12,SUP07,ING16,2026-06,7.87,75310,592690
PO001282,BR12,SUP07,ING16,2026-07,11.0,73055,803605
PO001283,BR12,SUP07,ING16,2026-08,11.77,71505,841614
PO001284,BR12,SUP07,ING16,2026-09,8.92,68622,612108
PO001285,BR12,SUP03,ING17,2026-04,12.47,30281,377604
PO001286,BR12,SUP03,ING17,2026-05,14.0,30338,424732
PO001287,BR12,SUP03,ING17,2026-06,13.35,29043,387724
PO001288,BR12,SUP03,ING17,2026-07,12.51,31109,389174
PO001289,BR12,SUP03,ING17,2026-08,13.82,31750,438785
PO001290,BR12,SUP03,ING17,2026-09,9.52,30476,290132
PO001291,BR12,SUP07,ING18,2026-04,13.75,45495,625556
PO001292,BR12,SUP07,ING18,2026-05,11.73,47075,552190
PO001293,BR12,SUP07,ING18,2026-06,12.58,44588,560917
PO001294,BR12,SUP07,ING18,2026-07,14.36,43919,630677
PO001295,BR12,SUP07,ING18,2026-08,16.69,47143,786817
PO001296,BR12,SUP07,ING18,2026-09,13.63,47024,640937
PO001297,BR13,SUP01,ING01,2026-04,81.54,44174,3601948
PO001298,BR13,SUP01,ING01,2026-05,66.34,43022,2854079
PO001299,BR13,SUP01,ING01,2026-06,63.41,41008,2600317
PO001300,BR13,SUP01,ING01,2026-07,69.33,42453,2943266
PO001301,BR13,SUP01,ING01,2026-08,91.62,44383,4066370
PO001302,BR13,SUP01,ING01,2026-09,55.35,40230,2226730
PO001303,BR13,SUP01,ING02,2026-04,16.75,136687,2289507
PO001304,BR13,SUP01,ING02,2026-05,13.22,143597,1898352
PO001305,BR13,SUP01,ING02,2026-06,15.33,143514,2200070
PO001306,BR13,SUP01,ING02,2026-07,14.31,150406,2152310
PO001307,BR13,SUP01,ING02,2026-08,18.56,142847,2651240
PO001308,BR13,SUP01,ING02,2026-09,9.73,144241,1403465
PO001309,BR13,SUP02,ING03,2026-04,92.96,14641,1361027
PO001310,BR13,SUP02,ING03,2026-05,73.75,13619,1004401
PO001311,BR13,SUP02,ING03,2026-06,68.28,14922,1018874
PO001312,BR13,SUP02,ING03,2026-07,73.34,14070,1031894
PO001313,BR13,SUP02,ING03,2026-08,92.75,14605,1354614
PO001314,BR13,SUP02,ING03,2026-09,53.07,13924,738947
PO001315,BR13,SUP02,ING04,2026-04,23.21,16458,381990
PO001316,BR13,SUP02,ING04,2026-05,22.22,17777,395005
PO001317,BR13,SUP02,ING04,2026-06,19.37,16173,313271
PO001318,BR13,SUP02,ING04,2026-07,16.73,16685,279140
PO001319,BR13,SUP02,ING04,2026-08,19.85,17077,338978
PO001320,BR13,SUP02,ING04,2026-09,15.38,16585,255077
PO001321,BR13,SUP03,ING05,2026-04,19.62,20150,395343
PO001322,BR13,SUP03,ING05,2026-05,18.22,21060,383713
PO001323,BR13,SUP03,ING05,2026-06,16.99,20157,342467
PO001324,BR13,SUP03,ING05,2026-07,17.39,19738,343244
PO001325,BR13,SUP03,ING05,2026-08,21.81,20446,445927
PO001326,BR13,SUP03,ING05,2026-09,12.78,19881,254079
PO001327,BR13,SUP05,ING06,2026-04,1.57,49302,77404
PO001328,BR13,SUP05,ING06,2026-05,1.46,49837,72762
PO001329,BR13,SUP05,ING06,2026-06,1.29,51210,66061
PO001330,BR13,SUP05,ING06,2026-07,1.44,49510,71294
PO001331,BR13,SUP05,ING06,2026-08,1.32,51810,68389
PO001332,BR13,SUP05,ING06,2026-09,0.88,48577,42748
PO001333,BR13,SUP04,ING07,2026-04,16.07,22501,361591
PO001334,BR13,SUP04,ING07,2026-05,22.51,22877,514961
PO001335,BR13,SUP04,ING07,2026-06,19.87,21448,426172
PO001336,BR13,SUP04,ING07,2026-07,18.61,21441,399017
PO001337,BR13,SUP04,ING07,2026-08,23.3,22359,520965
PO001338,BR13,SUP04,ING07,2026-09,15.78,21335,336666
PO001339,BR13,SUP05,ING08,2026-04,2.59,132672,343620
PO001340,BR13,SUP05,ING08,2026-05,2.89,139306,402594
PO001341,BR13,SUP05,ING08,2026-06,2.83,137999,390537
PO001342,BR13,SUP05,ING08,2026-07,3.09,133442,412336
PO001343,BR13,SUP05,ING08,2026-08,2.86,124342,355618
PO001344,BR13,SUP05,ING08,2026-09,1.78,123770,220311
PO001345,BR13,SUP06,ING09,2026-04,39.93,18269,729481
PO001346,BR13,SUP06,ING09,2026-05,44.53,17988,801006
PO001347,BR13,SUP06,ING09,2026-06,44.97,17926,806132
PO001348,BR13,SUP06,ING09,2026-07,45.74,17863,817054
PO001349,BR13,SUP06,ING09,2026-08,46.46,17034,791400
PO001350,BR13,SUP06,ING09,2026-09,31.18,16918,527503
PO001351,BR13,SUP05,ING10,2026-04,1.37,268347,367635
PO001352,BR13,SUP05,ING10,2026-05,1.68,269061,452022
PO001353,BR13,SUP05,ING10,2026-06,1.88,263011,494461
PO001354,BR13,SUP05,ING10,2026-07,1.96,281427,551597
PO001355,BR13,SUP05,ING10,2026-08,1.81,263989,477820
PO001356,BR13,SUP05,ING10,2026-09,1.41,282616,398489
PO001357,BR13,SUP04,ING11,2026-04,32.38,27358,885852
PO001358,BR13,SUP04,ING11,2026-05,32.35,26242,848929
PO001359,BR13,SUP04,ING11,2026-06,36.3,26551,963801
PO001360,BR13,SUP04,ING11,2026-07,35.93,28308,1017106
PO001361,BR13,SUP04,ING11,2026-08,35.17,27329,961161
PO001362,BR13,SUP04,ING11,2026-09,21.13,27513,581350
PO001363,BR13,SUP01,ING12,2026-04,20.82,9315,193938
PO001364,BR13,SUP01,ING12,2026-05,20.08,8880,178310
PO001365,BR13,SUP01,ING12,2026-06,13.83,9011,124622
PO001366,BR13,SUP01,ING12,2026-07,20.93,8984,188035
PO001367,BR13,SUP01,ING12,2026-08,22.93,8949,205201
PO001368,BR13,SUP01,ING12,2026-09,16.03,9157,146787
PO001369,BR13,SUP04,ING13,2026-04,23.65,16422,388380
PO001370,BR13,SUP04,ING13,2026-05,28.35,16196,459157
PO001371,BR13,SUP04,ING13,2026-06,31.58,16263,513586
PO001372,BR13,SUP04,ING13,2026-07,22.07,17306,381943
PO001373,BR13,SUP04,ING13,2026-08,32.75,16639,544927
PO001374,BR13,SUP04,ING13,2026-09,19.04,17018,324023
PO001375,BR13,SUP06,ING14,2026-04,3.96,99116,392499
PO001376,BR13,SUP06,ING14,2026-05,4.23,105685,447048
PO001377,BR13,SUP06,ING14,2026-06,4.82,96886,466991
PO001378,BR13,SUP06,ING14,2026-07,3.35,98349,329469
PO001379,BR13,SUP06,ING14,2026-08,4.49,102202,458887
PO001380,BR13,SUP06,ING14,2026-09,2.62,100817,264141
PO001381,BR13,SUP04,ING15,2026-04,20.08,12842,257867
PO001382,BR13,SUP04,ING15,2026-05,23.13,13245,306357
PO001383,BR13,SUP04,ING15,2026-06,23.33,12865,300140
PO001384,BR13,SUP04,ING15,2026-07,24.82,12227,303474
PO001385,BR13,SUP04,ING15,2026-08,30.49,13519,412194
PO001386,BR13,SUP04,ING15,2026-09,16.09,13179,212050
PO001387,BR13,SUP07,ING16,2026-04,8.26,75236,621449
PO001388,BR13,SUP07,ING16,2026-05,8.98,78382,703870
PO001389,BR13,SUP07,ING16,2026-06,8.88,75952,674454
PO001390,BR13,SUP07,ING16,2026-07,8.8,75605,665324
PO001391,BR13,SUP07,ING16,2026-08,10.94,74500,815030
PO001392,BR13,SUP07,ING16,2026-09,6.13,77199,473230
PO001393,BR13,SUP03,ING17,2026-04,11.58,33694,390177
PO001394,BR13,SUP03,ING17,2026-05,11.59,33479,388022
PO001395,BR13,SUP03,ING17,2026-06,11.23,31540,354194
PO001396,BR13,SUP03,ING17,2026-07,11.39,35042,399128
PO001397,BR13,SUP03,ING17,2026-08,12.78,33245,424871
PO001398,BR13,SUP03,ING17,2026-09,8.24,32702,269464
PO001399,BR13,SUP07,ING18,2026-04,12.58,50608,636649
PO001400,BR13,SUP07,ING18,2026-05,15.01,51820,777818
PO001401,BR13,SUP07,ING18,2026-06,13.33,50535,673632
PO001402,BR13,SUP07,ING18,2026-07,15.49,47625,737711
PO001403,BR13,SUP07,ING18,2026-08,14.05,52018,730853
PO001404,BR13,SUP07,ING18,2026-09,8.65,50328,435337
PO001405,BR14,SUP01,ING01,2026-04,98.21,35843,3520141
PO001406,BR14,SUP01,ING01,2026-05,105.95,39557,4191064
PO001407,BR14,SUP01,ING01,2026-06,85.11,34439,2931103
PO001408,BR14,SUP01,ING01,2026-07,101.32,36125,3660185
PO001409,BR14,SUP01,ING01,2026-08,113.77,38233,4349768
PO001410,BR14,SUP01,ING01,2026-09,66.79,37916,2532410
PO001411,BR14,SUP01,ING02,2026-04,14.64,129760,1899686
PO001412,BR14,SUP01,ING02,2026-05,25.63,128174,3285100
PO001413,BR14,SUP01,ING02,2026-06,22.38,133922,2997174
PO001414,BR14,SUP01,ING02,2026-07,23.27,128262,2984657
PO001415,BR14,SUP01,ING02,2026-08,23.66,133124,3149714
PO001416,BR14,SUP01,ING02,2026-09,10.83,128402,1390594
PO001417,BR14,SUP02,ING03,2026-04,85.26,13233,1128246
PO001418,BR14,SUP02,ING03,2026-05,121.63,12959,1576203
PO001419,BR14,SUP02,ING03,2026-06,90.48,13419,1214151
PO001420,BR14,SUP02,ING03,2026-07,115.66,13276,1535502
PO001421,BR14,SUP02,ING03,2026-08,112.39,12981,1458935
PO001422,BR14,SUP02,ING03,2026-09,68.2,13162,897648
PO001423,BR14,SUP02,ING04,2026-04,24.85,15039,373719
PO001424,BR14,SUP02,ING04,2026-05,23.91,14908,356450
PO001425,BR14,SUP02,ING04,2026-06,26.66,15069,401740
PO001426,BR14,SUP02,ING04,2026-07,26.8,13754,368607
PO001427,BR14,SUP02,ING04,2026-08,30.52,13858,422946
PO001428,BR14,SUP02,ING04,2026-09,18.03,14635,263869
PO001429,BR14,SUP03,ING05,2026-04,21.6,16916,365386
PO001430,BR14,SUP03,ING05,2026-05,29.15,17882,521260
PO001431,BR14,SUP03,ING05,2026-06,23.01,18213,419081
PO001432,BR14,SUP03,ING05,2026-07,24.29,18233,442880
PO001433,BR14,SUP03,ING05,2026-08,27.37,18053,494111
PO001434,BR14,SUP03,ING05,2026-09,18.48,18045,333472
PO001435,BR14,SUP05,ING06,2026-04,1.47,44544,65480
PO001436,BR14,SUP05,ING06,2026-05,1.85,43361,80218
PO001437,BR14,SUP05,ING06,2026-06,2.09,42895,89651
PO001438,BR14,SUP05,ING06,2026-07,1.74,44429,77306
PO001439,BR14,SUP05,ING06,2026-08,2.1,45601,95762
PO001440,BR14,SUP05,ING06,2026-09,1.41,42510,59939
PO001441,BR14,SUP04,ING07,2026-04,26.35,19297,508476
PO001442,BR14,SUP04,ING07,2026-05,31.83,19597,623773
PO001443,BR14,SUP04,ING07,2026-06,29.2,20077,586248
PO001444,BR14,SUP04,ING07,2026-07,29.7,19623,582803
PO001445,BR14,SUP04,ING07,2026-08,27.4,19972,547233
PO001446,BR14,SUP04,ING07,2026-09,16.74,18531,310209
PO001447,BR14,SUP05,ING08,2026-04,3.77,113728,428755
PO001448,BR14,SUP05,ING08,2026-05,4.28,116836,500058
PO001449,BR14,SUP05,ING08,2026-06,3.07,112225,344531
PO001450,BR14,SUP05,ING08,2026-07,4.07,118281,481404
PO001451,BR14,SUP05,ING08,2026-08,3.74,115209,430882
PO001452,BR14,SUP05,ING08,2026-09,2.25,113955,256399
PO001453,BR14,SUP06,ING09,2026-04,51.43,15668,805805
PO001454,BR14,SUP06,ING09,2026-05,70.64,15324,1082487
PO001455,BR14,SUP06,ING09,2026-06,67.42,15482,1043796
PO001456,BR14,SUP06,ING09,2026-07,58.47,16077,940022
PO001457,BR14,SUP06,ING09,2026-08,65.61,15449,1013609
PO001458,BR14,SUP06,ING09,2026-09,42.87,14870,637477
PO001459,BR14,SUP05,ING10,2026-04,1.93,249304,481157
PO001460,BR14,SUP05,ING10,2026-05,3.02,227510,687080
PO001461,BR14,SUP05,ING10,2026-06,3.0,238351,715053
PO001462,BR14,SUP05,ING10,2026-07,2.28,251982,574519
PO001463,BR14,SUP05,ING10,2026-08,2.62,246378,645510
PO001464,BR14,SUP05,ING10,2026-09,1.79,249137,445955
PO001465,BR14,SUP04,ING11,2026-04,45.07,23720,1069060
PO001466,BR14,SUP04,ING11,2026-05,46.64,24229,1130041
PO001467,BR14,SUP04,ING11,2026-06,46.61,24479,1140966
PO001468,BR14,SUP04,ING11,2026-07,53.92,25859,1394317
PO001469,BR14,SUP04,ING11,2026-08,50.85,24845,1263368
PO001470,BR14,SUP04,ING11,2026-09,32.88,25161,827294
PO001471,BR14,SUP01,ING12,2026-04,22.38,7551,168991
PO001472,BR14,SUP01,ING12,2026-05,35.16,7559,265774
PO001473,BR14,SUP01,ING12,2026-06,27.64,7862,217306
PO001474,BR14,SUP01,ING12,2026-07,25.33,7947,201298
PO001475,BR14,SUP01,ING12,2026-08,31.34,8308,260373
PO001476,BR14,SUP01,ING12,2026-09,19.68,7731,152146
PO001477,BR14,SUP04,ING13,2026-04,37.71,14371,541930
PO001478,BR14,SUP04,ING13,2026-05,42.54,14803,629720
PO001479,BR14,SUP04,ING13,2026-06,32.36,14490,468896
PO001480,BR14,SUP04,ING13,2026-07,37.43,15357,574813
PO001481,BR14,SUP04,ING13,2026-08,39.8,13947,555091
PO001482,BR14,SUP04,ING13,2026-09,26.54,14337,380504
PO001483,BR14,SUP06,ING14,2026-04,5.7,87536,498955
PO001484,BR14,SUP06,ING14,2026-05,6.66,88188,587332
PO001485,BR14,SUP06,ING14,2026-06,5.14,90984,467658
PO001486,BR14,SUP06,ING14,2026-07,5.54,88506,490323
PO001487,BR14,SUP06,ING14,2026-08,5.97,86741,517844
PO001488,BR14,SUP06,ING14,2026-09,4.11,88223,362597
PO001489,BR14,SUP04,ING15,2026-04,29.2,11502,335858
PO001490,BR14,SUP04,ING15,2026-05,41.75,11746,490396
PO001491,BR14,SUP04,ING15,2026-06,29.88,11529,344487
PO001492,BR14,SUP04,ING15,2026-07,33.19,11789,391277
PO001493,BR14,SUP04,ING15,2026-08,37.28,11474,427751
PO001494,BR14,SUP04,ING15,2026-09,28.47,12473,355106
PO001495,BR14,SUP07,ING16,2026-04,10.8,65427,706612
PO001496,BR14,SUP07,ING16,2026-05,13.23,68924,911865
PO001497,BR14,SUP07,ING16,2026-06,13.92,71217,991341
PO001498,BR14,SUP07,ING16,2026-07,11.11,67752,752725
PO001499,BR14,SUP07,ING16,2026-08,14.49,68819,997187
PO001500,BR14,SUP07,ING16,2026-09,10.04,68952,692278
PO001501,BR14,SUP03,ING17,2026-04,14.44,27572,398140
PO001502,BR14,SUP03,ING17,2026-05,15.95,30005,478580
PO001503,BR14,SUP03,ING17,2026-06,14.56,28977,421905
PO001504,BR14,SUP03,ING17,2026-07,15.75,30141,474721
PO001505,BR14,SUP03,ING17,2026-08,16.76,28691,480861
PO001506,BR14,SUP03,ING17,2026-09,10.6,30303,321212
PO001507,BR14,SUP07,ING18,2026-04,15.71,45551,715606
PO001508,BR14,SUP07,ING18,2026-05,19.04,42815,815198
PO001509,BR14,SUP07,ING18,2026-06,18.29,46831,856539
PO001510,BR14,SUP07,ING18,2026-07,19.75,42753,844372
PO001511,BR14,SUP07,ING18,2026-08,22.65,43309,980949
PO001512,BR14,SUP07,ING18,2026-09,15.39,42948,660970
PO001513,BR15,SUP01,ING01,2026-04,100.79,36805,3709576
PO001514,BR15,SUP01,ING01,2026-05,89.95,34517,3104804
PO001515,BR15,SUP01,ING01,2026-06,67.24,36769,2472348
PO001516,BR15,SUP01,ING01,2026-07,96.51,35827,3457664
PO001517,BR15,SUP01,ING01,2026-08,96.1,36079,3467192
PO001518,BR15,SUP01,ING01,2026-09,57.74,38575,2227320
PO001519,BR15,SUP01,ING02,2026-04,14.76,127833,1886815
PO001520,BR15,SUP01,ING02,2026-05,19.65,125640,2468826
PO001521,BR15,SUP01,ING02,2026-06,20.85,124453,2594845
PO001522,BR15,SUP01,ING02,2026-07,20.32,127333,2587407
PO001523,BR15,SUP01,ING02,2026-08,17.51,121035,2119323
PO001524,BR15,SUP01,ING02,2026-09,14.71,122602,1803475
PO001525,BR15,SUP02,ING03,2026-04,86.32,13314,1149264
PO001526,BR15,SUP02,ING03,2026-05,97.92,12390,1213229
PO001527,BR15,SUP02,ING03,2026-06,83.23,12268,1021066
PO001528,BR15,SUP02,ING03,2026-07,102.94,12589,1295912
PO001529,BR15,SUP02,ING03,2026-08,104.5,12746,1331957
PO001530,BR15,SUP02,ING03,2026-09,66.06,13135,867698
PO001531,BR15,SUP02,ING04,2026-04,20.76,15140,314306
PO001532,BR15,SUP02,ING04,2026-05,28.58,13993,399920
PO001533,BR15,SUP02,ING04,2026-06,18.52,14680,271874
PO001534,BR15,SUP02,ING04,2026-07,29.44,15015,442042
PO001535,BR15,SUP02,ING04,2026-08,23.48,14780,347034
PO001536,BR15,SUP02,ING04,2026-09,13.98,14989,209546
PO001537,BR15,SUP03,ING05,2026-04,20.07,18213,365535
PO001538,BR15,SUP03,ING05,2026-05,23.6,18003,424871
PO001539,BR15,SUP03,ING05,2026-06,18.3,17503,320305
PO001540,BR15,SUP03,ING05,2026-07,21.8,18031,393076
PO001541,BR15,SUP03,ING05,2026-08,25.34,17326,439041
PO001542,BR15,SUP03,ING05,2026-09,14.16,18217,257953
PO001543,BR15,SUP05,ING06,2026-04,1.45,43118,62521
PO001544,BR15,SUP05,ING06,2026-05,1.55,43463,67368
PO001545,BR15,SUP05,ING06,2026-06,1.22,45374,55356
PO001546,BR15,SUP05,ING06,2026-07,1.46,43934,64144
PO001547,BR15,SUP05,ING06,2026-08,1.37,42996,58905
PO001548,BR15,SUP05,ING06,2026-09,1.04,44583,46366
PO001549,BR15,SUP04,ING07,2026-04,22.35,19625,438619
PO001550,BR15,SUP04,ING07,2026-05,21.26,19636,417461
PO001551,BR15,SUP04,ING07,2026-06,22.78,19336,440474
PO001552,BR15,SUP04,ING07,2026-07,19.06,20208,385164
PO001553,BR15,SUP04,ING07,2026-08,25.96,20244,525534
PO001554,BR15,SUP04,ING07,2026-09,14.92,20028,298818
PO001555,BR15,SUP05,ING08,2026-04,3.11,115194,358253
PO001556,BR15,SUP05,ING08,2026-05,3.05,119270,363774
PO001557,BR15,SUP05,ING08,2026-06,2.51,118090,296406
PO001558,BR15,SUP05,ING08,2026-07,2.89,109068,315207
PO001559,BR15,SUP05,ING08,2026-08,3.34,118139,394584
PO001560,BR15,SUP05,ING08,2026-09,2.21,116351,257136
PO001561,BR15,SUP06,ING09,2026-04,61.0,16600,1012600
PO001562,BR15,SUP06,ING09,2026-05,58.86,15969,939935
PO001563,BR15,SUP06,ING09,2026-06,49.24,15624,769326
PO001564,BR15,SUP06,ING09,2026-07,52.68,15844,834662
PO001565,BR15,SUP06,ING09,2026-08,55.19,15700,866483
PO001566,BR15,SUP06,ING09,2026-09,35.89,15929,571692
PO001567,BR15,SUP05,ING10,2026-04,2.59,243664,631090
PO001568,BR15,SUP05,ING10,2026-05,2.6,244534,635788
PO001569,BR15,SUP05,ING10,2026-06,2.32,236531,548752
PO001570,BR15,SUP05,ING10,2026-07,2.34,254958,596602
PO001571,BR15,SUP05,ING10,2026-08,2.4,235005,564012
PO001572,BR15,SUP05,ING10,2026-09,1.42,253317,359710
PO001573,BR15,SUP04,ING11,2026-04,45.05,24627,1109446
PO001574,BR15,SUP04,ING11,2026-05,44.01,25091,1104255
PO001575,BR15,SUP04,ING11,2026-06,35.97,24293,873819
PO001576,BR15,SUP04,ING11,2026-07,45.25,25392,1148988
PO001577,BR15,SUP04,ING11,2026-08,39.5,23657,934452
PO001578,BR15,SUP04,ING11,2026-09,24.89,24331,605599
PO001579,BR15,SUP01,ING12,2026-04,19.46,8101,157645
PO001580,BR15,SUP01,ING12,2026-05,23.9,7291,174255
PO001581,BR15,SUP01,ING12,2026-06,19.07,7766,148098
PO001582,BR15,SUP01,ING12,2026-07,21.02,8026,168707
PO001583,BR15,SUP01,ING12,2026-08,25.87,7585,196224
PO001584,BR15,SUP01,ING12,2026-09,15.45,7709,119104
PO001585,BR15,SUP04,ING13,2026-04,29.53,14604,431256
PO001586,BR15,SUP04,ING13,2026-05,38.42,14613,561431
PO001587,BR15,SUP04,ING13,2026-06,30.15,14593,439979
PO001588,BR15,SUP04,ING13,2026-07,25.92,15339,397587
PO001589,BR15,SUP04,ING13,2026-08,36.55,15013,548725
PO001590,BR15,SUP04,ING13,2026-09,16.99,13663,232134
PO001591,BR15,SUP06,ING14,2026-04,4.38,86064,376960
PO001592,BR15,SUP06,ING14,2026-05,5.72,88154,504241
PO001593,BR15,SUP06,ING14,2026-06,4.44,90385,401309
PO001594,BR15,SUP06,ING14,2026-07,3.82,87098,332714
PO001595,BR15,SUP06,ING14,2026-08,5.7,90255,514454
PO001596,BR15,SUP06,ING14,2026-09,2.58,89523,230969
PO001597,BR15,SUP04,ING15,2026-04,29.85,12055,359842
PO001598,BR15,SUP04,ING15,2026-05,29.71,11802,350637
PO001599,BR15,SUP04,ING15,2026-06,28.41,10992,312283
PO001600,BR15,SUP04,ING15,2026-07,30.58,11344,346900
PO001601,BR15,SUP04,ING15,2026-08,36.07,11921,429990
PO001602,BR15,SUP04,ING15,2026-09,17.76,12068,214328
PO001603,BR15,SUP07,ING16,2026-04,12.33,68707,847157
PO001604,BR15,SUP07,ING16,2026-05,11.83,68392,809077
PO001605,BR15,SUP07,ING16,2026-06,8.91,69843,622301
PO001606,BR15,SUP07,ING16,2026-07,11.15,67906,757152
PO001607,BR15,SUP07,ING16,2026-08,11.98,67476,808362
PO001608,BR15,SUP07,ING16,2026-09,7.17,68228,489195
PO001609,BR15,SUP03,ING17,2026-04,14.14,27126,383562
PO001610,BR15,SUP03,ING17,2026-05,13.1,29401,385153
PO001611,BR15,SUP03,ING17,2026-06,10.76,28945,311448
PO001612,BR15,SUP03,ING17,2026-07,13.07,28488,372338
PO001613,BR15,SUP03,ING17,2026-08,13.26,30711,407228
PO001614,BR15,SUP03,ING17,2026-09,8.74,29485,257699
PO001615,BR15,SUP07,ING18,2026-04,16.0,42480,679680
PO001616,BR15,SUP07,ING18,2026-05,15.62,45352,708398
PO001617,BR15,SUP07,ING18,2026-06,13.38,44165,590928
PO001618,BR15,SUP07,ING18,2026-07,16.03,42367,679143
PO001619,BR15,SUP07,ING18,2026-08,14.34,46159,661920
PO001620,BR15,SUP07,ING18,2026-09,11.36,43287,491740
PO001621,BR16,SUP01,ING01,2026-04,86.44,35134,3036983
PO001622,BR16,SUP01,ING01,2026-05,103.83,37074,3849393
PO001623,BR16,SUP01,ING01,2026-06,80.58,36097,2908696
PO001624,BR16,SUP01,ING01,2026-07,103.31,37629,3887452
PO001625,BR16,SUP01,ING01,2026-08,109.35,36155,3953549
PO001626,BR16,SUP01,ING01,2026-09,67.46,36827,2484349
PO001627,BR16,SUP01,ING02,2026-04,21.98,131515,2890700
PO001628,BR16,SUP01,ING02,2026-05,22.45,128816,2891919
PO001629,BR16,SUP01,ING02,2026-06,19.38,130814,2535175
PO001630,BR16,SUP01,ING02,2026-07,18.15,120667,2190106
PO001631,BR16,SUP01,ING02,2026-08,21.02,121470,2553299
PO001632,BR16,SUP01,ING02,2026-09,10.25,121819,1248645
PO001633,BR16,SUP02,ING03,2026-04,96.11,12428,1194455
PO001634,BR16,SUP02,ING03,2026-05,111.92,12589,1408961
PO001635,BR16,SUP02,ING03,2026-06,90.6,12458,1128695
PO001636,BR16,SUP02,ING03,2026-07,93.59,11962,1119524
PO001637,BR16,SUP02,ING03,2026-08,111.02,13078,1451920
PO001638,BR16,SUP02,ING03,2026-09,61.87,12725,787296
PO001639,BR16,SUP02,ING04,2026-04,22.52,14151,318681
PO001640,BR16,SUP02,ING04,2026-05,28.79,14532,418376
PO001641,BR16,SUP02,ING04,2026-06,22.32,14316,319533
PO001642,BR16,SUP02,ING04,2026-07,23.49,14646,344035
PO001643,BR16,SUP02,ING04,2026-08,26.97,14625,394436
PO001644,BR16,SUP02,ING04,2026-09,18.5,14257,263754
PO001645,BR16,SUP03,ING05,2026-04,23.03,17154,395057
PO001646,BR16,SUP03,ING05,2026-05,25.9,18075,468142
PO001647,BR16,SUP03,ING05,2026-06,19.55,17429,340737
PO001648,BR16,SUP03,ING05,2026-07,24.42,17018,415580
PO001649,BR16,SUP03,ING05,2026-08,23.9,17652,421883
PO001650,BR16,SUP03,ING05,2026-09,17.49,16630,290859
PO001651,BR16,SUP05,ING06,2026-04,1.85,43330,80160
PO001652,BR16,SUP05,ING06,2026-05,1.85,42189,78050
PO001653,BR16,SUP05,ING06,2026-06,1.59,44603,70919
PO001654,BR16,SUP05,ING06,2026-07,1.33,42844,56983
PO001655,BR16,SUP05,ING06,2026-08,1.61,45101,72613
PO001656,BR16,SUP05,ING06,2026-09,1.02,40302,41108
PO001657,BR16,SUP04,ING07,2026-04,21.31,19532,416227
PO001658,BR16,SUP04,ING07,2026-05,25.67,19487,500231
PO001659,BR16,SUP04,ING07,2026-06,25.04,18778,470201
PO001660,BR16,SUP04,ING07,2026-07,30.37,18382,558261
PO001661,BR16,SUP04,ING07,2026-08,31.49,18671,587950
PO001662,BR16,SUP04,ING07,2026-09,16.63,19389,322439
PO001663,BR16,SUP05,ING08,2026-04,3.02,114532,345887
PO001664,BR16,SUP05,ING08,2026-05,3.78,110488,417645
PO001665,BR16,SUP05,ING08,2026-06,3.29,114057,375248
PO001666,BR16,SUP05,ING08,2026-07,2.98,116531,347262
PO001667,BR16,SUP05,ING08,2026-08,3.55,114171,405307
PO001668,BR16,SUP05,ING08,2026-09,2.28,110808,252642
PO001669,BR16,SUP06,ING09,2026-04,60.73,16254,987105
PO001670,BR16,SUP06,ING09,2026-05,60.3,15597,940499
PO001671,BR16,SUP06,ING09,2026-06,53.78,14927,802774
PO001672,BR16,SUP06,ING09,2026-07,59.1,14951,883604
PO001673,BR16,SUP06,ING09,2026-08,60.59,14783,895702
PO001674,BR16,SUP06,ING09,2026-09,36.62,15484,567024
PO001675,BR16,SUP05,ING10,2026-04,2.58,238036,614133
PO001676,BR16,SUP05,ING10,2026-05,2.69,248025,667187
PO001677,BR16,SUP05,ING10,2026-06,2.17,247951,538054
PO001678,BR16,SUP05,ING10,2026-07,2.82,244518,689541
PO001679,BR16,SUP05,ING10,2026-08,2.51,234127,587659
PO001680,BR16,SUP05,ING10,2026-09,1.25,237274,296592
PO001681,BR16,SUP04,ING11,2026-04,38.81,24369,945761
PO001682,BR16,SUP04,ING11,2026-05,43.92,22926,1006910
PO001683,BR16,SUP04,ING11,2026-06,41.81,23531,983831
PO001684,BR16,SUP04,ING11,2026-07,39.53,23180,916305
PO001685,BR16,SUP04,ING11,2026-08,54.16,26317,1425329
PO001686,BR16,SUP04,ING11,2026-09,26.1,22904,597794
PO001687,BR16,SUP01,ING12,2026-04,25.3,7610,192533
PO001688,BR16,SUP01,ING12,2026-05,26.85,7809,209672
PO001689,BR16,SUP01,ING12,2026-06,17.14,7522,128927
PO001690,BR16,SUP01,ING12,2026-07,30.42,7673,233413
PO001691,BR16,SUP01,ING12,2026-08,25.4,7499,190475
PO001692,BR16,SUP01,ING12,2026-09,18.87,7694,145186
PO001693,BR16,SUP04,ING13,2026-04,33.01,13475,444810
PO001694,BR16,SUP04,ING13,2026-05,38.44,14279,548885
PO001695,BR16,SUP04,ING13,2026-06,29.01,14137,410114
PO001696,BR16,SUP04,ING13,2026-07,28.89,13869,400675
PO001697,BR16,SUP04,ING13,2026-08,36.23,14444,523306
PO001698,BR16,SUP04,ING13,2026-09,26.48,13999,370694
PO001699,BR16,SUP06,ING14,2026-04,4.88,87198,425526
PO001700,BR16,SUP06,ING14,2026-05,5.97,87785,524076
PO001701,BR16,SUP06,ING14,2026-06,4.46,91828,409553
PO001702,BR16,SUP06,ING14,2026-07,4.5,84246,379107
PO001703,BR16,SUP06,ING14,2026-08,5.57,86574,482217
PO001704,BR16,SUP06,ING14,2026-09,4.01,85067,341119
PO001705,BR16,SUP04,ING15,2026-04,32.75,11457,375217
PO001706,BR16,SUP04,ING15,2026-05,31.33,11535,361392
PO001707,BR16,SUP04,ING15,2026-06,25.69,11519,295923
PO001708,BR16,SUP04,ING15,2026-07,45.01,11896,535439
PO001709,BR16,SUP04,ING15,2026-08,33.51,11573,387811
PO001710,BR16,SUP04,ING15,2026-09,26.62,12003,319520
PO001711,BR16,SUP07,ING16,2026-04,13.77,66558,916504
PO001712,BR16,SUP07,ING16,2026-05,12.1,66000,798600
PO001713,BR16,SUP07,ING16,2026-06,11.02,67232,740897
PO001714,BR16,SUP07,ING16,2026-07,12.83,69741,894777
PO001715,BR16,SUP07,ING16,2026-08,12.83,68936,884449
PO001716,BR16,SUP07,ING16,2026-09,7.89,65539,517103
PO001717,BR16,SUP03,ING17,2026-04,13.16,28326,372770
PO001718,BR16,SUP03,ING17,2026-05,15.04,29800,448192
PO001719,BR16,SUP03,ING17,2026-06,13.22,29491,389871
PO001720,BR16,SUP03,ING17,2026-07,14.34,28711,411716
PO001721,BR16,SUP03,ING17,2026-08,15.33,28032,429731
PO001722,BR16,SUP03,ING17,2026-09,9.27,29261,271249
PO001723,BR16,SUP07,ING18,2026-04,16.18,42894,694025
PO001724,BR16,SUP07,ING18,2026-05,19.57,42378,829337
PO001725,BR16,SUP07,ING18,2026-06,13.13,45383,595879
PO001726,BR16,SUP07,ING18,2026-07,21.39,42123,901011
PO001727,BR16,SUP07,ING18,2026-08,18.33,43301,793707
PO001728,BR16,SUP07,ING18,2026-09,10.18,40162,408849
PO001729,BR17,SUP01,ING01,2026-04,87.41,40080,3503393
PO001730,BR17,SUP01,ING01,2026-05,117.18,40193,4709816
PO001731,BR17,SUP01,ING01,2026-06,98.97,41285,4085976
PO001732,BR17,SUP01,ING01,2026-07,111.61,38782,4328459
PO001733,BR17,SUP01,ING01,2026-08,121.09,40849,4946405
PO001734,BR17,SUP01,ING01,2026-09,72.49,38611,2798911
PO001735,BR17,SUP01,ING02,2026-04,19.6,132943,2605683
PO001736,BR17,SUP01,ING02,2026-05,21.91,131739,2886401
PO001737,BR17,SUP01,ING02,2026-06,22.28,132217,2945795
PO001738,BR17,SUP01,ING02,2026-07,26.07,133135,3470829
PO001739,BR17,SUP01,ING02,2026-08,28.22,129013,3640747
PO001740,BR17,SUP01,ING02,2026-09,13.7,133831,1833485
PO001741,BR17,SUP02,ING03,2026-04,89.17,12509,1115428
PO001742,BR17,SUP02,ING03,2026-05,121.12,13286,1609200
PO001743,BR17,SUP02,ING03,2026-06,114.99,13554,1558574
PO001744,BR17,SUP02,ING03,2026-07,115.45,12549,1448782
PO001745,BR17,SUP02,ING03,2026-08,139.73,13472,1882443
PO001746,BR17,SUP02,ING03,2026-09,75.44,13504,1018742
PO001747,BR17,SUP02,ING04,2026-04,24.68,15583,384588
PO001748,BR17,SUP02,ING04,2026-05,26.12,15015,392192
PO001749,BR17,SUP02,ING04,2026-06,27.93,15196,424424
PO001750,BR17,SUP02,ING04,2026-07,31.58,16190,511280
PO001751,BR17,SUP02,ING04,2026-08,30.64,15302,468853
PO001752,BR17,SUP02,ING04,2026-09,17.32,15203,263316
PO001753,BR17,SUP03,ING05,2026-04,23.48,17037,400029
PO001754,BR17,SUP03,ING05,2026-05,27.33,19096,521894
PO001755,BR17,SUP03,ING05,2026-06,23.77,19325,459355
PO001756,BR17,SUP03,ING05,2026-07,26.38,18072,476739
PO001757,BR17,SUP03,ING05,2026-08,30.1,18664,561786
PO001758,BR17,SUP03,ING05,2026-09,17.72,18914,335156
PO001759,BR17,SUP05,ING06,2026-04,1.75,48082,84144
PO001760,BR17,SUP05,ING06,2026-05,2.11,45477,95956
PO001761,BR17,SUP05,ING06,2026-06,1.99,46793,93118
PO001762,BR17,SUP05,ING06,2026-07,1.83,45516,83294
PO001763,BR17,SUP05,ING06,2026-08,2.52,44846,113012
PO001764,BR17,SUP05,ING06,2026-09,1.25,46699,58374
PO001765,BR17,SUP04,ING07,2026-04,26.4,21136,557990
PO001766,BR17,SUP04,ING07,2026-05,32.57,19889,647785
PO001767,BR17,SUP04,ING07,2026-06,25.58,19830,507251
PO001768,BR17,SUP04,ING07,2026-07,29.87,19841,592651
PO001769,BR17,SUP04,ING07,2026-08,27.32,21273,581178
PO001770,BR17,SUP04,ING07,2026-09,22.77,21640,492743
PO001771,BR17,SUP05,ING08,2026-04,3.05,124209,378837
PO001772,BR17,SUP05,ING08,2026-05,3.77,127383,480234
PO001773,BR17,SUP05,ING08,2026-06,3.13,124383,389319
PO001774,BR17,SUP05,ING08,2026-07,3.98,119108,474050
PO001775,BR17,SUP05,ING08,2026-08,4.44,125173,555768
PO001776,BR17,SUP05,ING08,2026-09,2.09,118951,248608
PO001777,BR17,SUP06,ING09,2026-04,55.74,16999,947524
PO001778,BR17,SUP06,ING09,2026-05,68.1,16595,1130120
PO001779,BR17,SUP06,ING09,2026-06,57.62,17003,979713
PO001780,BR17,SUP06,ING09,2026-07,64.34,16249,1045461
PO001781,BR17,SUP06,ING09,2026-08,68.41,17391,1189718
PO001782,BR17,SUP06,ING09,2026-09,41.32,17344,716654
PO001783,BR17,SUP05,ING10,2026-04,2.25,251354,565546
PO001784,BR17,SUP05,ING10,2026-05,2.72,268307,729795
PO001785,BR17,SUP05,ING10,2026-06,2.73,246864,673939
PO001786,BR17,SUP05,ING10,2026-07,2.64,262287,692438
PO001787,BR17,SUP05,ING10,2026-08,3.17,268784,852045
PO001788,BR17,SUP05,ING10,2026-09,2.22,244046,541782
PO001789,BR17,SUP04,ING11,2026-04,37.3,25524,952045
PO001790,BR17,SUP04,ING11,2026-05,48.21,27080,1305527
PO001791,BR17,SUP04,ING11,2026-06,41.1,25929,1065682
PO001792,BR17,SUP04,ING11,2026-07,43.32,25158,1089845
PO001793,BR17,SUP04,ING11,2026-08,46.78,25189,1178341
PO001794,BR17,SUP04,ING11,2026-09,37.23,24789,922894
PO001795,BR17,SUP01,ING12,2026-04,27.96,8756,244818
PO001796,BR17,SUP01,ING12,2026-05,28.03,8709,244113
PO001797,BR17,SUP01,ING12,2026-06,19.09,8456,161425
PO001798,BR17,SUP01,ING12,2026-07,28.57,8368,239074
PO001799,BR17,SUP01,ING12,2026-08,34.91,8508,297014
PO001800,BR17,SUP01,ING12,2026-09,20.18,8688,175324
PO001801,BR17,SUP04,ING13,2026-04,33.26,15845,527005
PO001802,BR17,SUP04,ING13,2026-05,39.2,14869,582865
PO001803,BR17,SUP04,ING13,2026-06,34.47,15145,522048
PO001804,BR17,SUP04,ING13,2026-07,33.65,15892,534766
PO001805,BR17,SUP04,ING13,2026-08,40.11,15433,619018
PO001806,BR17,SUP04,ING13,2026-09,20.85,15576,324760
PO001807,BR17,SUP06,ING14,2026-04,4.96,92029,456464
PO001808,BR17,SUP06,ING14,2026-05,5.95,91797,546192
PO001809,BR17,SUP06,ING14,2026-06,5.34,92683,494927
PO001810,BR17,SUP06,ING14,2026-07,5.1,92469,471592
PO001811,BR17,SUP06,ING14,2026-08,6.54,93994,614721
PO001812,BR17,SUP06,ING14,2026-09,3.16,91936,290518
PO001813,BR17,SUP04,ING15,2026-04,32.82,12216,400929
PO001814,BR17,SUP04,ING15,2026-05,40.75,12557,511698
PO001815,BR17,SUP04,ING15,2026-06,33.35,12052,401934
PO001816,BR17,SUP04,ING15,2026-07,38.79,12162,471764
PO001817,BR17,SUP04,ING15,2026-08,40.62,12802,520017
PO001818,BR17,SUP04,ING15,2026-09,29.8,11928,355454
PO001819,BR17,SUP07,ING16,2026-04,11.11,75776,841871
PO001820,BR17,SUP07,ING16,2026-05,13.8,71455,986079
PO001821,BR17,SUP07,ING16,2026-06,10.25,74402,762620
PO001822,BR17,SUP07,ING16,2026-07,13.13,71288,936011
PO001823,BR17,SUP07,ING16,2026-08,14.48,73331,1061833
PO001824,BR17,SUP07,ING16,2026-09,6.88,74078,509657
PO001825,BR17,SUP03,ING17,2026-04,14.33,30271,433783
PO001826,BR17,SUP03,ING17,2026-05,16.64,32641,543146
PO001827,BR17,SUP03,ING17,2026-06,14.73,30538,449825
PO001828,BR17,SUP03,ING17,2026-07,16.31,32425,528852
PO001829,BR17,SUP03,ING17,2026-08,18.48,30788,568962
PO001830,BR17,SUP03,ING17,2026-09,11.1,31442,349006
PO001831,BR17,SUP07,ING18,2026-04,15.34,45349,695654
PO001832,BR17,SUP07,ING18,2026-05,17.2,45785,787502
PO001833,BR17,SUP07,ING18,2026-06,16.32,47110,768835
PO001834,BR17,SUP07,ING18,2026-07,21.5,48066,1033419
PO001835,BR17,SUP07,ING18,2026-08,23.5,46275,1087462
PO001836,BR17,SUP07,ING18,2026-09,13.73,47148,647342
PO001837,BR18,SUP01,ING01,2026-06,10.1,40580,409858
PO001838,BR18,SUP01,ING01,2026-07,42.49,40618,1725859
PO001839,BR18,SUP01,ING01,2026-08,58.25,39311,2289866
PO001840,BR18,SUP01,ING01,2026-09,35.26,41618,1467451
PO001841,BR18,SUP01,ING02,2026-06,2.47,144755,357545
PO001842,BR18,SUP01,ING02,2026-07,10.28,142600,1465928
PO001843,BR18,SUP01,ING02,2026-08,10.86,137687,1495281
PO001844,BR18,SUP01,ING02,2026-09,8.78,139301,1223063
PO001845,BR18,SUP02,ING03,2026-06,10.68,13732,146658
PO001846,BR18,SUP02,ING03,2026-07,47.05,14100,663405
PO001847,BR18,SUP02,ING03,2026-08,58.85,13897,817838
PO001848,BR18,SUP02,ING03,2026-09,37.54,12504,469400
PO001849,BR18,SUP02,ING04,2026-06,2.11,15326,32338
PO001850,BR18,SUP02,ING04,2026-07,12.34,15996,197391
PO001851,BR18,SUP02,ING04,2026-08,10.92,15422,168408
PO001852,BR18,SUP02,ING04,2026-09,5.75,16195,93121
PO001853,BR18,SUP03,ING05,2026-06,2.49,19401,48308
PO001854,BR18,SUP03,ING05,2026-07,10.0,19001,190010
PO001855,BR18,SUP03,ING05,2026-08,12.66,19229,243439
PO001856,BR18,SUP03,ING05,2026-09,7.0,19263,134841
PO001857,BR18,SUP05,ING06,2026-06,0.21,49726,10442
PO001858,BR18,SUP05,ING06,2026-07,0.65,48182,31318
PO001859,BR18,SUP05,ING06,2026-08,1.27,46326,58834
PO001860,BR18,SUP05,ING06,2026-09,0.64,48712,31176
PO001861,BR18,SUP04,ING07,2026-06,2.14,20506,43883
PO001862,BR18,SUP04,ING07,2026-07,8.62,22540,194295
PO001863,BR18,SUP04,ING07,2026-08,12.58,19790,248958
PO001864,BR18,SUP04,ING07,2026-09,7.38,20720,152914
PO001865,BR18,SUP05,ING08,2026-06,0.47,123759,58167
PO001866,BR18,SUP05,ING08,2026-07,1.74,121786,211908
PO001867,BR18,SUP05,ING08,2026-08,1.94,124692,241902
PO001868,BR18,SUP05,ING08,2026-09,1.29,122679,158256
PO001869,BR18,SUP06,ING09,2026-06,8.29,17402,144263
PO001870,BR18,SUP06,ING09,2026-07,26.58,17482,464672
PO001871,BR18,SUP06,ING09,2026-08,36.81,16872,621058
PO001872,BR18,SUP06,ING09,2026-09,23.74,15761,374166
PO001873,BR18,SUP05,ING10,2026-06,0.33,256502,84646
PO001874,BR18,SUP05,ING10,2026-07,1.14,267084,304476
PO001875,BR18,SUP05,ING10,2026-08,1.56,263842,411594
PO001876,BR18,SUP05,ING10,2026-09,0.91,257136,233994
PO001877,BR18,SUP04,ING11,2026-06,7.78,26544,206512
PO001878,BR18,SUP04,ING11,2026-07,18.42,25847,476102
PO001879,BR18,SUP04,ING11,2026-08,25.23,27052,682522
PO001880,BR18,SUP04,ING11,2026-09,13.99,26832,375380
PO001881,BR18,SUP01,ING12,2026-06,4.39,8212,36051
PO001882,BR18,SUP01,ING12,2026-07,11.4,8546,97424
PO001883,BR18,SUP01,ING12,2026-08,14.98,8405,125907
PO001884,BR18,SUP01,ING12,2026-09,8.61,7811,67253
PO001885,BR18,SUP04,ING13,2026-06,2.17,15665,33993
PO001886,BR18,SUP04,ING13,2026-07,9.7,15944,154657
PO001887,BR18,SUP04,ING13,2026-08,18.29,15607,285452
PO001888,BR18,SUP04,ING13,2026-09,10.51,16183,170083
PO001889,BR18,SUP06,ING14,2026-06,0.33,99596,32867
PO001890,BR18,SUP06,ING14,2026-07,1.51,96848,146240
PO001891,BR18,SUP06,ING14,2026-08,2.64,93119,245834
PO001892,BR18,SUP06,ING14,2026-09,1.57,96940,152196
PO001893,BR18,SUP04,ING15,2026-06,3.96,12696,50276
PO001894,BR18,SUP04,ING15,2026-07,12.57,12680,159388
PO001895,BR18,SUP04,ING15,2026-08,18.82,12685,238732
PO001896,BR18,SUP04,ING15,2026-09,10.64,12772,135894
PO001897,BR18,SUP07,ING16,2026-06,1.4,74793,104710
PO001898,BR18,SUP07,ING16,2026-07,4.27,71739,306326
PO001899,BR18,SUP07,ING16,2026-08,5.55,71798,398479
PO001900,BR18,SUP07,ING16,2026-09,5.08,74404,377972
PO001901,BR18,SUP03,ING17,2026-06,1.84,32502,59804
PO001902,BR18,SUP03,ING17,2026-07,6.52,31975,208477
PO001903,BR18,SUP03,ING17,2026-08,9.0,32810,295290
PO001904,BR18,SUP03,ING17,2026-09,5.43,32149,174569
PO001905,BR18,SUP07,ING18,2026-06,1.87,47889,89552
PO001906,BR18,SUP07,ING18,2026-07,5.33,49480,263728
PO001907,BR18,SUP07,ING18,2026-08,6.78,47341,320972
PO001908,BR18,SUP07,ING18,2026-09,7.42,46269,343316
