employee_id,branch_id,date,hours_worked
EMP0001,BR01,2026-04-01,3.0
EMP0002,BR01,2026-04-01,3.2
EMP0005,BR01,2026-04-01,2.6
EMP0001,BR01,2026-04-02,3.6
EMP0002,BR01,2026-04-02,2.8
EMP0003,BR01,2026-04-02,3.0
EMP0005,BR01,2026-04-02,3.0
EMP0006,BR01,2026-04-02,3.0
EMP0002,BR01,2026-04-03,2.9
EMP0003,BR01,2026-04-03,2.8
EMP0004,BR01,2026-04-03,2.8
EMP0005,BR01,2026-04-03,2.9
EMP0006,BR01,2026-04-03,2.2
EMP0001,BR01,2026-04-04,2.9
EMP0003,BR01,2026-04-04,2.8
EMP0004,BR01,2026-04-04,3.3
EMP0005,BR01,2026-04-04,2.9
EMP0006,BR01,2026-04-04,2.5
EMP0001,BR01,2026-04-05,3.5
EMP0002,BR01,2026-04-05,2.6
EMP0003,BR01,2026-04-05,3.0
EMP0004,BR01,2026-04-05,3.2
EMP0002,BR01,2026-04-06,2.9
EMP0003,BR01,2026-04-06,2.5
EMP0004,BR01,2026-04-06,3.2
EMP0005,BR01,2026-04-06,2.7
EMP0006,BR01,2026-04-06,3.3
EMP0001,BR01,2026-04-07,3.3
EMP0003,BR01,2026-04-07,2.4
EMP0004,BR01,2026-04-07,2.6
EMP0001,BR01,2026-04-08,3.0
EMP0002,BR01,2026-04-08,3.3
EMP0005,BR01,2026-04-08,3.5
EMP0006,BR01,2026-04-08,2.9
EMP0001,BR01,2026-04-09,2.9
EMP0002,BR01,2026-04-09,2.8
EMP0005,BR01,2026-04-09,2.6
EMP0006,BR01,2026-04-09,3.2
EMP0001,BR01,2026-04-10,3.3
EMP0002,BR01,2026-04-10,3.3
EMP0003,BR01,2026-04-10,2.8
EMP0004,BR01,2026-04-10,2.6
EMP0006,BR01,2026-04-10,3.2
EMP0001,BR01,2026-04-11,2.7
EMP0002,BR01,2026-04-11,3.3
EMP0003,BR01,2026-04-11,2.7
EMP0004,BR01,2026-04-11,3.1
EMP0005,BR01,2026-04-11,3.1
EMP0006,BR01,2026-04-11,3.2
EMP0001,BR01,2026-04-12,2.7
EMP0002,BR01,2026-04-12,2.6
EMP0003,BR01,2026-04-12,3.1
EMP0004,BR01,2026-04-12,2.2
EMP0005,BR01,2026-04-12,2.7
EMP0006,BR01,2026-04-12,2.5
EMP0002,BR01,2026-04-13,3.1
EMP0003,BR01,2026-04-13,2.6
EMP0004,BR01,2026-04-13,3.2
EMP0005,BR01,2026-04-13,3.5
EMP0006,BR01,2026-04-13,3.1
EMP0001,BR01,2026-04-14,2.9
EMP0003,BR01,2026-04-14,3.3
EMP0006,BR01,2026-04-14,3.0
EMP0002,BR01,2026-04-15,2.8
EMP0003,BR01,2026-04-15,3.1
EMP0005,BR01,2026-04-15,3.8
EMP0006,BR01,2026-04-15,2.8
EMP0002,BR01,2026-04-16,3.0
EMP0004,BR01,2026-04-16,3.5
EMP0005,BR01,2026-04-16,2.6
EMP0006,BR01,2026-04-16,2.8
EMP0001,BR01,2026-04-17,3.3
EMP0002,BR01,2026-04-17,2.9
EMP0003,BR01,2026-04-17,2.5
EMP0004,BR01,2026-04-17,3.1
EMP0006,BR01,2026-04-17,2.9
EMP0001,BR01,2026-04-18,3.0
EMP0002,BR01,2026-04-18,2.5
EMP0003,BR01,2026-04-18,3.0
EMP0005,BR01,2026-04-18,2.9
EMP0004,BR01,2026-04-19,3.3
EMP0006,BR01,2026-04-19,2.8
EMP0002,BR01,2026-04-20,2.8
EMP0004,BR01,2026-04-20,2.9
EMP0006,BR01,2026-04-20,2.5
EMP0001,BR01,2026-04-21,2.7
EMP0003,BR01,2026-04-21,2.8
EMP0004,BR01,2026-04-21,2.8
EMP0006,BR01,2026-04-21,3.2
EMP0001,BR01,2026-04-22,2.9
EMP0003,BR01,2026-04-22,2.4
EMP0004,BR01,2026-04-22,2.6
EMP0005,BR01,2026-04-22,3.1
EMP0006,BR01,2026-04-22,3.1
EMP0002,BR01,2026-04-23,2.2
EMP0004,BR01,2026-04-23,3.3
EMP0005,BR01,2026-04-23,2.9
EMP0004,BR01,2026-04-24,2.9
EMP0005,BR01,2026-04-24,3.3
EMP0001,BR01,2026-04-25,3.1
EMP0005,BR01,2026-04-25,3.1
EMP0006,BR01,2026-04-25,2.7
EMP0002,BR01,2026-04-26,3.5
EMP0003,BR01,2026-04-26,3.0
EMP0004,BR01,2026-04-26,2.9
EMP0006,BR01,2026-04-26,2.8
EMP0001,BR01,2026-04-27,2.8
EMP0004,BR01,2026-04-27,3.4
EMP0006,BR01,2026-04-27,3.2
EMP0001,BR01,2026-04-28,3.0
EMP0002,BR01,2026-04-28,3.3
EMP0005,BR01,2026-04-28,3.0
EMP0006,BR01,2026-04-28,3.0
EMP0001,BR01,2026-04-29,3.0
EMP0003,BR01,2026-04-29,2.9
EMP0004,BR01,2026-04-29,3.3
EMP0005,BR01,2026-04-29,3.5
EMP0002,BR01,2026-04-30,2.6
EMP0004,BR01,2026-04-30,3.3
EMP0005,BR01,2026-04-30,2.8
EMP0006,BR01,2026-04-30,3.5
EMP0002,BR01,2026-05-01,2.7
EMP0003,BR01,2026-05-01,2.9
EMP0005,BR01,2026-05-01,3.1
EMP0006,BR01,2026-05-01,2.9
EMP0001,BR01,2026-05-02,2.5
EMP0003,BR01,2026-05-02,2.5
EMP0004,BR01,2026-05-02,3.0
EMP0006,BR01,2026-05-02,2.8
EMP0001,BR01,2026-05-03,2.9
EMP0002,BR01,2026-05-03,2.8
EMP0003,BR01,2026-05-03,2.9
EMP0004,BR01,2026-05-03,3.0
EMP0005,BR01,2026-05-03,2.8
EMP0006,BR01,2026-05-03,3.0
EMP0002,BR01,2026-05-04,2.2
EMP0006,BR01,2026-05-04,2.9
EMP0001,BR01,2026-05-05,3.2
EMP0002,BR01,2026-05-05,2.9
EMP0003,BR01,2026-05-05,2.7
EMP0004,BR01,2026-05-05,2.9
EMP0005,BR01,2026-05-05,2.5
EMP0006,BR01,2026-05-05,2.4
EMP0001,BR01,2026-05-06,3.1
EMP0002,BR01,2026-05-06,3.3
EMP0004,BR01,2026-05-06,2.5
EMP0006,BR01,2026-05-06,2.3
EMP0003,BR01,2026-05-07,3.2
EMP0005,BR01,2026-05-07,3.2
EMP0006,BR01,2026-05-07,2.9
EMP0001,BR01,2026-05-08,3.3
EMP0002,BR01,2026-05-08,2.8
EMP0003,BR01,2026-05-08,2.6
EMP0001,BR01,2026-05-09,2.7
EMP0002,BR01,2026-05-09,3.6
EMP0003,BR01,2026-05-09,2.7
EMP0005,BR01,2026-05-09,3.3
EMP0006,BR01,2026-05-09,2.7
EMP0001,BR01,2026-05-10,2.3
EMP0002,BR01,2026-05-10,2.9
EMP0003,BR01,2026-05-10,3.2
EMP0006,BR01,2026-05-10,3.0
EMP0001,BR01,2026-05-11,2.5
EMP0002,BR01,2026-05-11,2.9
EMP0003,BR01,2026-05-11,3.0
EMP0005,BR01,2026-05-11,2.6
EMP0001,BR01,2026-05-12,3.3
EMP0002,BR01,2026-05-12,3.0
EMP0003,BR01,2026-05-12,3.1
EMP0004,BR01,2026-05-12,3.1
EMP0006,BR01,2026-05-12,2.7
EMP0001,BR01,2026-05-13,2.7
EMP0002,BR01,2026-05-13,3.3
EMP0004,BR01,2026-05-13,3.3
EMP0005,BR01,2026-05-13,3.4
EMP0006,BR01,2026-05-13,2.9
EMP0003,BR01,2026-05-14,3.0
EMP0004,BR01,2026-05-14,2.8
EMP0006,BR01,2026-05-14,3.0
EMP0002,BR01,2026-05-15,3.4
EMP0003,BR01,2026-05-15,2.4
EMP0004,BR01,2026-05-15,2.9
EMP0005,BR01,2026-05-15,2.4
EMP0006,BR01,2026-05-15,2.8
EMP0001,BR01,2026-05-16,2.7
EMP0002,BR01,2026-05-16,2.4
EMP0004,BR01,2026-05-16,3.1
EMP0005,BR01,2026-05-16,2.8
EMP0006,BR01,2026-05-16,2.8
EMP0002,BR01,2026-05-17,2.7
EMP0003,BR01,2026-05-17,2.6
EMP0004,BR01,2026-05-17,3.1
EMP0003,BR01,2026-05-18,3.2
EMP0004,BR01,2026-05-18,3.4
EMP0005,BR01,2026-05-18,2.8
EMP0002,BR01,2026-05-19,2.8
EMP0004,BR01,2026-05-19,2.5
EMP0006,BR01,2026-05-19,3.2
EMP0001,BR01,2026-05-20,2.6
EMP0002,BR01,2026-05-20,2.7
EMP0003,BR01,2026-05-20,2.9
EMP0004,BR01,2026-05-20,3.1
EMP0005,BR01,2026-05-20,3.0
EMP0006,BR01,2026-05-20,3.0
EMP0001,BR01,2026-05-21,3.2
EMP0002,BR01,2026-05-21,2.8
EMP0003,BR01,2026-05-21,3.3
EMP0004,BR01,2026-05-21,2.7
EMP0006,BR01,2026-05-21,2.9
EMP0002,BR01,2026-05-22,2.8
EMP0003,BR01,2026-05-22,2.9
EMP0005,BR01,2026-05-22,3.1
EMP0006,BR01,2026-05-22,3.1
EMP0001,BR01,2026-05-23,3.0
EMP0003,BR01,2026-05-23,3.0
EMP0004,BR01,2026-05-23,3.6
EMP0001,BR01,2026-05-24,2.9
EMP0003,BR01,2026-05-24,2.6
EMP0004,BR01,2026-05-24,2.2
EMP0005,BR01,2026-05-24,2.7
EMP0001,BR01,2026-05-25,2.7
EMP0003,BR01,2026-05-25,2.7
EMP0004,BR01,2026-05-25,2.8
EMP0005,BR01,2026-05-25,2.6
EMP0001,BR01,2026-05-26,2.5
EMP0003,BR01,2026-05-26,2.2
EMP0004,BR01,2026-05-26,3.1
EMP0006,BR01,2026-05-26,3.2
EMP0002,BR01,2026-05-27,3.0
EMP0003,BR01,2026-05-27,3.1
EMP0004,BR01,2026-05-27,2.9
EMP0005,BR01,2026-05-27,2.9
EMP0006,BR01,2026-05-27,2.6
EMP0001,BR01,2026-05-28,2.8
EMP0002,BR01,2026-05-28,2.4
EMP0003,BR01,2026-05-28,2.6
EMP0006,BR01,2026-05-28,3.0
EMP0001,BR01,2026-05-29,3.0
EMP0004,BR01,2026-05-29,2.9
EMP0005,BR01,2026-05-29,2.1
EMP0001,BR01,2026-05-30,3.1
EMP0002,BR01,2026-05-30,2.4
EMP0003,BR01,2026-05-30,2.5
EMP0004,BR01,2026-05-30,2.7
EMP0005,BR01,2026-05-30,2.4
EMP0006,BR01,2026-05-30,3.0
EMP0002,BR01,2026-05-31,2.8
EMP0003,BR01,2026-05-31,3.3
EMP0006,BR01,2026-05-31,2.5
EMP0001,BR01,2026-06-01,3.0
EMP0002,BR01,2026-06-01,3.0
EMP0003,BR01,2026-06-01,2.9
EMP0004,BR01,2026-06-01,3.0
EMP0006,BR01,2026-06-01,3.1
EMP0001,BR01,2026-06-02,3.4
EMP0003,BR01,2026-06-02,2.7
EMP0004,BR01,2026-06-02,2.6
EMP0006,BR01,2026-06-02,3.5
EMP0001,BR01,2026-06-03,2.8
EMP0002,BR01,2026-06-03,3.2
EMP0003,BR01,2026-06-03,2.5
EMP0004,BR01,2026-06-03,2.4
EMP0005,BR01,2026-06-03,3.0
EMP0006,BR01,2026-06-03,3.0
EMP0002,BR01,2026-06-04,3.1
EMP0005,BR01,2026-06-04,3.5
EMP0006,BR01,2026-06-04,3.4
EMP0002,BR01,2026-06-05,2.9
EMP0003,BR01,2026-06-05,2.7
EMP0004,BR01,2026-06-05,3.3
EMP0005,BR01,2026-06-05,3.2
EMP0006,BR01,2026-06-05,3.2
EMP0002,BR01,2026-06-06,3.0
EMP0003,BR01,2026-06-06,2.8
EMP0004,BR01,2026-06-06,2.6
EMP0005,BR01,2026-06-06,3.0
EMP0006,BR01,2026-06-06,3.2
EMP0001,BR01,2026-06-07,3.0
EMP0002,BR01,2026-06-07,2.8
EMP0005,BR01,2026-06-07,3.7
EMP0001,BR01,2026-06-08,3.0
EMP0002,BR01,2026-06-08,2.9
EMP0003,BR01,2026-06-08,2.8
EMP0004,BR01,2026-06-08,2.9
EMP0005,BR01,2026-06-08,2.6
EMP0006,BR01,2026-06-08,3.0
EMP0002,BR01,2026-06-09,3.2
EMP0003,BR01,2026-06-09,3.1
EMP0004,BR01,2026-06-09,2.8
EMP0005,BR01,2026-06-09,2.8
EMP0006,BR01,2026-06-09,2.8
EMP0001,BR01,2026-06-10,2.7
EMP0002,BR01,2026-06-10,3.3
EMP0003,BR01,2026-06-10,2.7
EMP0004,BR01,2026-06-10,3.1
EMP0005,BR01,2026-06-10,2.9
EMP0006,BR01,2026-06-10,3.3
EMP0001,BR01,2026-06-11,3.6
EMP0002,BR01,2026-06-11,2.1
EMP0003,BR01,2026-06-11,2.8
EMP0004,BR01,2026-06-11,2.9
EMP0005,BR01,2026-06-11,3.0
EMP0005,BR01,2026-06-12,2.8
EMP0006,BR01,2026-06-12,3.7
EMP0001,BR01,2026-06-13,3.1
EMP0004,BR01,2026-06-13,2.6
EMP0005,BR01,2026-06-13,2.9
EMP0006,BR01,2026-06-13,3.3
EMP0001,BR01,2026-06-14,3.5
EMP0002,BR01,2026-06-14,2.9
EMP0004,BR01,2026-06-14,3.2
EMP0005,BR01,2026-06-14,2.6
EMP0006,BR01,2026-06-14,2.8
EMP0001,BR01,2026-06-15,3.3
EMP0002,BR01,2026-06-15,3.5
EMP0003,BR01,2026-06-15,3.5
EMP0004,BR01,2026-06-15,3.0
EMP0005,BR01,2026-06-15,2.9
EMP0006,BR01,2026-06-15,3.5
EMP0001,BR01,2026-06-16,2.9
EMP0002,BR01,2026-06-16,2.8
EMP0005,BR01,2026-06-16,3.1
EMP0006,BR01,2026-06-16,3.0
EMP0001,BR01,2026-06-17,3.3
EMP0002,BR01,2026-06-17,2.6
EMP0003,BR01,2026-06-17,2.3
EMP0005,BR01,2026-06-17,3.6
EMP0001,BR01,2026-06-18,3.0
EMP0003,BR01,2026-06-18,3.2
EMP0002,BR01,2026-06-19,2.6
EMP0003,BR01,2026-06-19,2.8
EMP0001,BR01,2026-06-20,3.1
EMP0002,BR01,2026-06-20,3.2
EMP0005,BR01,2026-06-20,3.0
EMP0006,BR01,2026-06-20,3.2
EMP0001,BR01,2026-06-21,3.1
EMP0002,BR01,2026-06-21,2.6
EMP0003,BR01,2026-06-21,3.5
EMP0004,BR01,2026-06-21,2.9
EMP0005,BR01,2026-06-21,3.4
EMP0001,BR01,2026-06-22,3.6
EMP0002,BR01,2026-06-22,3.5
EMP0003,BR01,2026-06-22,3.1
EMP0004,BR01,2026-06-22,3.0
EMP0004,BR01,2026-06-23,3.5
EMP0005,BR01,2026-06-23,3.0
EMP0001,BR01,2026-06-24,2.9
EMP0002,BR01,2026-06-24,2.4
EMP0004,BR01,2026-06-24,2.8
EMP0005,BR01,2026-06-24,2.9
EMP0006,BR01,2026-06-24,2.8
EMP0001,BR01,2026-06-25,2.8
EMP0002,BR01,2026-06-25,2.9
EMP0004,BR01,2026-06-25,3.5
EMP0006,BR01,2026-06-25,3.0
EMP0002,BR01,2026-06-26,2.8
EMP0006,BR01,2026-06-26,3.1
EMP0001,BR01,2026-06-27,3.0
EMP0002,BR01,2026-06-27,3.1
EMP0003,BR01,2026-06-27,2.8
EMP0004,BR01,2026-06-27,3.0
EMP0006,BR01,2026-06-27,2.7
EMP0003,BR01,2026-06-28,3.3
EMP0001,BR01,2026-06-29,2.9
EMP0003,BR01,2026-06-29,2.6
EMP0004,BR01,2026-06-29,3.0
EMP0005,BR01,2026-06-29,2.8
EMP0001,BR01,2026-06-30,3.5
EMP0002,BR01,2026-06-30,3.2
EMP0003,BR01,2026-06-30,2.9
EMP0004,BR01,2026-06-30,2.9
EMP0001,BR01,2026-07-01,3.0
EMP0002,BR01,2026-07-01,2.6
EMP0003,BR01,2026-07-01,2.7
EMP0004,BR01,2026-07-01,2.6
EMP0005,BR01,2026-07-01,2.4
EMP0006,BR01,2026-07-01,3.3
EMP0001,BR01,2026-07-02,2.7
EMP0002,BR01,2026-07-02,3.1
EMP0005,BR01,2026-07-02,2.5
EMP0006,BR01,2026-07-02,2.8
EMP0003,BR01,2026-07-03,3.0
EMP0004,BR01,2026-07-03,2.6
EMP0006,BR01,2026-07-03,2.4
EMP0001,BR01,2026-07-04,2.7
EMP0002,BR01,2026-07-04,2.2
EMP0003,BR01,2026-07-04,2.9
EMP0004,BR01,2026-07-04,2.6
EMP0005,BR01,2026-07-04,2.6
EMP0006,BR01,2026-07-04,2.7
EMP0004,BR01,2026-07-05,2.9
EMP0005,BR01,2026-07-05,2.4
EMP0006,BR01,2026-07-05,2.6
EMP0002,BR01,2026-07-06,2.2
EMP0004,BR01,2026-07-06,2.5
EMP0002,BR01,2026-07-07,2.7
EMP0005,BR01,2026-07-07,2.5
EMP0006,BR01,2026-07-07,3.2
EMP0001,BR01,2026-07-08,2.4
EMP0003,BR01,2026-07-08,2.6
EMP0004,BR01,2026-07-08,3.0
EMP0005,BR01,2026-07-08,2.6
EMP0006,BR01,2026-07-08,2.7
EMP0001,BR01,2026-07-09,2.3
EMP0002,BR01,2026-07-09,2.5
EMP0003,BR01,2026-07-09,2.3
EMP0004,BR01,2026-07-09,2.7
EMP0006,BR01,2026-07-09,2.5
EMP0001,BR01,2026-07-10,2.5
EMP0003,BR01,2026-07-10,2.4
EMP0004,BR01,2026-07-10,2.5
EMP0005,BR01,2026-07-10,2.7
EMP0002,BR01,2026-07-11,3.0
EMP0003,BR01,2026-07-11,3.1
EMP0005,BR01,2026-07-11,2.9
EMP0006,BR01,2026-07-11,2.7
EMP0001,BR01,2026-07-12,2.8
EMP0002,BR01,2026-07-12,2.6
EMP0003,BR01,2026-07-12,3.1
EMP0004,BR01,2026-07-12,2.8
EMP0001,BR01,2026-07-13,2.3
EMP0003,BR01,2026-07-13,2.7
EMP0005,BR01,2026-07-13,2.6
EMP0002,BR01,2026-07-14,2.8
EMP0006,BR01,2026-07-14,2.5
EMP0001,BR01,2026-07-15,2.3
EMP0002,BR01,2026-07-15,2.3
EMP0004,BR01,2026-07-15,2.3
EMP0005,BR01,2026-07-15,2.8
EMP0006,BR01,2026-07-15,2.7
EMP0001,BR01,2026-07-16,3.0
EMP0002,BR01,2026-07-16,2.4
EMP0003,BR01,2026-07-16,2.8
EMP0006,BR01,2026-07-16,2.6
EMP0001,BR01,2026-07-17,2.9
EMP0002,BR01,2026-07-17,2.2
EMP0003,BR01,2026-07-17,2.6
EMP0004,BR01,2026-07-17,2.5
EMP0005,BR01,2026-07-17,2.6
EMP0006,BR01,2026-07-17,2.5
EMP0001,BR01,2026-07-18,2.8
EMP0003,BR01,2026-07-18,2.7
EMP0005,BR01,2026-07-18,2.9
EMP0006,BR01,2026-07-18,3.1
EMP0001,BR01,2026-07-19,2.7
EMP0002,BR01,2026-07-19,2.8
EMP0003,BR01,2026-07-19,3.1
EMP0004,BR01,2026-07-19,2.6
EMP0005,BR01,2026-07-19,2.3
EMP0001,BR01,2026-07-20,3.0
EMP0003,BR01,2026-07-20,3.0
EMP0004,BR01,2026-07-20,3.2
EMP0005,BR01,2026-07-20,2.7
EMP0006,BR01,2026-07-20,2.9
EMP0001,BR01,2026-07-21,2.9
EMP0002,BR01,2026-07-21,3.1
EMP0003,BR01,2026-07-21,3.2
EMP0004,BR01,2026-07-21,2.2
EMP0005,BR01,2026-07-21,2.5
EMP0006,BR01,2026-07-21,2.7
EMP0001,BR01,2026-07-22,2.5
EMP0002,BR01,2026-07-22,2.6
EMP0005,BR01,2026-07-22,2.1
EMP0001,BR01,2026-07-23,2.7
EMP0002,BR01,2026-07-23,2.6
EMP0003,BR01,2026-07-23,3.0
EMP0004,BR01,2026-07-23,2.8
EMP0005,BR01,2026-07-23,2.4
EMP0002,BR01,2026-07-24,2.6
EMP0004,BR01,2026-07-24,2.6
EMP0005,BR01,2026-07-24,2.5
EMP0006,BR01,2026-07-24,2.7
EMP0002,BR01,2026-07-25,2.9
EMP0004,BR01,2026-07-25,3.0
EMP0001,BR01,2026-07-26,2.8
EMP0002,BR01,2026-07-26,2.3
EMP0004,BR01,2026-07-26,2.6
EMP0005,BR01,2026-07-26,2.8
EMP0002,BR01,2026-07-27,2.4
EMP0003,BR01,2026-07-27,3.0
EMP0004,BR01,2026-07-27,2.2
EMP0005,BR01,2026-07-27,2.7
EMP0001,BR01,2026-07-28,2.3
EMP0003,BR01,2026-07-28,2.2
EMP0004,BR01,2026-07-28,2.7
EMP0005,BR01,2026-07-28,2.6
EMP0006,BR01,2026-07-28,2.5
EMP0002,BR01,2026-07-29,2.7
EMP0003,BR01,2026-07-29,2.6
EMP0004,BR01,2026-07-29,3.3
EMP0005,BR01,2026-07-29,2.5
EMP0002,BR01,2026-07-30,2.9
EMP0003,BR01,2026-07-30,2.9
EMP0004,BR01,2026-07-30,2.5
EMP0006,BR01,2026-07-30,2.9
EMP0001,BR01,2026-07-31,2.5
EMP0002,BR01,2026-07-31,3.0
EMP0004,BR01,2026-07-31,2.9
EMP0005,BR01,2026-07-31,2.7
EMP0006,BR01,2026-07-31,2.3
EMP0001,BR01,2026-08-01,3.4
EMP0002,BR01,2026-08-01,3.4
EMP0004,BR01,2026-08-01,3.5
EMP0005,BR01,2026-08-01,2.8
EMP0006,BR01,2026-08-01,3.3
EMP0001,BR01,2026-08-02,3.2
EMP0002,BR01,2026-08-02,3.8
EMP0003,BR01,2026-08-02,3.5
EMP0004,BR01,2026-08-02,3.5
EMP0005,BR01,2026-08-02,3.2
EMP0006,BR01,2026-08-02,3.1
EMP0004,BR01,2026-08-03,3.6
EMP0005,BR01,2026-08-03,3.1
EMP0002,BR01,2026-08-04,3.0
EMP0003,BR01,2026-08-04,3.7
EMP0004,BR01,2026-08-04,3.2
EMP0005,BR01,2026-08-04,3.6
EMP0006,BR01,2026-08-04,3.6
EMP0001,BR01,2026-08-05,3.3
EMP0003,BR01,2026-08-05,3.7
EMP0005,BR01,2026-08-05,3.3
EMP0006,BR01,2026-08-05,2.9
EMP0001,BR01,2026-08-06,3.2
EMP0002,BR01,2026-08-06,2.8
EMP0005,BR01,2026-08-06,3.0
EMP0002,BR01,2026-08-07,3.3
EMP0003,BR01,2026-08-07,3.3
EMP0004,BR01,2026-08-07,3.3
EMP0006,BR01,2026-08-07,3.0
EMP0001,BR01,2026-08-08,3.2
EMP0003,BR01,2026-08-08,3.1
EMP0004,BR01,2026-08-08,3.7
EMP0005,BR01,2026-08-08,3.3
EMP0006,BR01,2026-08-08,3.2
EMP0001,BR01,2026-08-09,3.0
EMP0002,BR01,2026-08-09,2.5
EMP0004,BR01,2026-08-09,2.8
EMP0005,BR01,2026-08-09,3.6
EMP0002,BR01,2026-08-10,3.0
EMP0003,BR01,2026-08-10,3.3
EMP0004,BR01,2026-08-10,3.9
EMP0005,BR01,2026-08-10,3.8
EMP0004,BR01,2026-08-11,3.5
EMP0005,BR01,2026-08-11,3.1
EMP0006,BR01,2026-08-11,3.1
EMP0001,BR01,2026-08-12,3.9
EMP0002,BR01,2026-08-12,3.5
EMP0003,BR01,2026-08-12,2.8
EMP0004,BR01,2026-08-12,3.0
EMP0006,BR01,2026-08-12,3.2
EMP0001,BR01,2026-08-13,3.7
EMP0002,BR01,2026-08-13,3.1
EMP0004,BR01,2026-08-13,2.7
EMP0005,BR01,2026-08-13,3.2
EMP0006,BR01,2026-08-13,3.1
EMP0002,BR01,2026-08-14,3.0
EMP0003,BR01,2026-08-14,3.4
EMP0004,BR01,2026-08-14,3.4
EMP0005,BR01,2026-08-14,3.2
EMP0006,BR01,2026-08-14,3.3
EMP0002,BR01,2026-08-15,3.1
EMP0003,BR01,2026-08-15,3.3
EMP0004,BR01,2026-08-15,3.4
EMP0002,BR01,2026-08-16,3.2
EMP0004,BR01,2026-08-16,3.3
EMP0005,BR01,2026-08-16,3.1
EMP0006,BR01,2026-08-16,2.9
EMP0001,BR01,2026-08-17,3.0
EMP0002,BR01,2026-08-17,2.4
EMP0005,BR01,2026-08-17,3.8
EMP0006,BR01,2026-08-17,3.5
EMP0001,BR01,2026-08-18,3.0
EMP0003,BR01,2026-08-18,4.2
EMP0004,BR01,2026-08-18,4.0
EMP0005,BR01,2026-08-18,3.8
EMP0006,BR01,2026-08-18,3.0
EMP0001,BR01,2026-08-19,3.0
EMP0002,BR01,2026-08-19,3.5
EMP0004,BR01,2026-08-19,3.5
EMP0005,BR01,2026-08-19,3.7
EMP0006,BR01,2026-08-19,3.5
EMP0001,BR01,2026-08-20,3.8
EMP0002,BR01,2026-08-20,2.6
EMP0003,BR01,2026-08-20,3.4
EMP0005,BR01,2026-08-20,3.2
EMP0001,BR01,2026-08-21,3.1
EMP0002,BR01,2026-08-21,3.1
EMP0003,BR01,2026-08-21,3.3
EMP0005,BR01,2026-08-21,3.5
EMP0006,BR01,2026-08-21,3.5
EMP0002,BR01,2026-08-22,2.8
EMP0006,BR01,2026-08-22,2.7
EMP0001,BR01,2026-08-23,3.2
EMP0003,BR01,2026-08-23,3.3
EMP0006,BR01,2026-08-23,3.6
EMP0001,BR01,2026-08-24,2.8
EMP0002,BR01,2026-08-24,2.9
EMP0004,BR01,2026-08-24,3.4
EMP0005,BR01,2026-08-24,3.3
EMP0006,BR01,2026-08-24,3.6
EMP0001,BR01,2026-08-25,3.3
EMP0002,BR01,2026-08-25,3.8
EMP0003,BR01,2026-08-25,3.0
EMP0004,BR01,2026-08-25,3.2
EMP0001,BR01,2026-08-26,3.4
EMP0002,BR01,2026-08-26,3.0
EMP0003,BR01,2026-08-26,3.6
EMP0006,BR01,2026-08-26,3.0
EMP0004,BR01,2026-08-27,3.5
EMP0002,BR01,2026-08-28,3.2
EMP0003,BR01,2026-08-28,3.6
EMP0004,BR01,2026-08-28,3.8
EMP0001,BR01,2026-08-29,2.5
EMP0002,BR01,2026-08-29,3.3
EMP0003,BR01,2026-08-29,3.7
EMP0006,BR01,2026-08-29,2.9
EMP0001,BR01,2026-08-30,3.7
EMP0003,BR01,2026-08-30,3.7
EMP0004,BR01,2026-08-30,2.5
EMP0006,BR01,2026-08-30,2.8
EMP0001,BR01,2026-08-31,3.4
EMP0002,BR01,2026-08-31,3.1
EMP0004,BR01,2026-08-31,3.4
EMP0005,BR01,2026-08-31,3.6
EMP0002,BR01,2026-09-01,2.6
EMP0003,BR01,2026-09-01,2.7
EMP0001,BR01,2026-09-02,2.3
EMP0002,BR01,2026-09-02,2.8
EMP0003,BR01,2026-09-02,2.2
EMP0004,BR01,2026-09-02,1.8
EMP0006,BR01,2026-09-02,2.4
EMP0001,BR01,2026-09-03,1.7
EMP0002,BR01,2026-09-03,2.6
EMP0003,BR01,2026-09-03,2.7
EMP0004,BR01,2026-09-03,2.4
EMP0003,BR01,2026-09-04,2.8
EMP0005,BR01,2026-09-04,2.3
EMP0006,BR01,2026-09-04,2.7
EMP0001,BR01,2026-09-05,2.3
EMP0002,BR01,2026-09-05,2.3
EMP0003,BR01,2026-09-05,2.3
EMP0004,BR01,2026-09-05,2.3
EMP0005,BR01,2026-09-05,2.3
EMP0006,BR01,2026-09-05,2.1
EMP0001,BR01,2026-09-06,2.5
EMP0002,BR01,2026-09-06,2.4
EMP0003,BR01,2026-09-06,2.4
EMP0004,BR01,2026-09-06,2.1
EMP0005,BR01,2026-09-06,2.6
EMP0006,BR01,2026-09-06,2.6
EMP0001,BR01,2026-09-07,2.8
EMP0002,BR01,2026-09-07,2.6
EMP0003,BR01,2026-09-07,2.9
EMP0005,BR01,2026-09-07,2.1
EMP0001,BR01,2026-09-08,2.6
EMP0003,BR01,2026-09-08,2.1
EMP0004,BR01,2026-09-08,2.2
EMP0005,BR01,2026-09-08,2.4
EMP0006,BR01,2026-09-08,2.1
EMP0001,BR01,2026-09-09,2.5
EMP0002,BR01,2026-09-09,2.6
EMP0003,BR01,2026-09-09,2.5
EMP0004,BR01,2026-09-09,2.5
EMP0005,BR01,2026-09-09,2.6
EMP0002,BR01,2026-09-10,2.3
EMP0003,BR01,2026-09-10,2.6
EMP0006,BR01,2026-09-10,2.3
EMP0002,BR01,2026-09-11,2.5
EMP0003,BR01,2026-09-11,2.6
EMP0004,BR01,2026-09-11,2.6
EMP0005,BR01,2026-09-11,2.6
EMP0006,BR01,2026-09-11,2.4
EMP0001,BR01,2026-09-12,2.5
EMP0003,BR01,2026-09-12,2.7
EMP0004,BR01,2026-09-12,2.6
EMP0005,BR01,2026-09-12,2.7
EMP0001,BR01,2026-09-13,2.2
EMP0002,BR01,2026-09-13,3.0
EMP0003,BR01,2026-09-13,2.7
EMP0005,BR01,2026-09-13,2.5
EMP0006,BR01,2026-09-13,2.5
EMP0004,BR01,2026-09-14,2.1
EMP0006,BR01,2026-09-14,2.3
EMP0001,BR01,2026-09-15,2.4
EMP0003,BR01,2026-09-15,2.5
EMP0004,BR01,2026-09-15,2.4
EMP0005,BR01,2026-09-15,2.3
EMP0006,BR01,2026-09-15,2.3
EMP0001,BR01,2026-09-16,2.7
EMP0003,BR01,2026-09-16,2.6
EMP0004,BR01,2026-09-16,2.4
EMP0005,BR01,2026-09-16,2.2
EMP0006,BR01,2026-09-16,2.5
EMP0001,BR01,2026-09-17,2.4
EMP0002,BR01,2026-09-17,2.7
EMP0003,BR01,2026-09-17,2.4
EMP0004,BR01,2026-09-17,2.7
EMP0005,BR01,2026-09-17,2.9
EMP0006,BR01,2026-09-17,2.4
EMP0001,BR01,2026-09-18,2.4
EMP0002,BR01,2026-09-18,2.1
EMP0003,BR01,2026-09-18,2.6
EMP0005,BR01,2026-09-18,2.8
EMP0006,BR01,2026-09-18,2.0
EMP0002,BR01,2026-09-19,2.5
EMP0003,BR01,2026-09-19,2.6
EMP0004,BR01,2026-09-19,2.2
EMP0005,BR01,2026-09-19,2.5
EMP0006,BR01,2026-09-19,2.3
EMP0002,BR01,2026-09-20,2.2
EMP0003,BR01,2026-09-20,2.7
EMP0004,BR01,2026-09-20,2.3
EMP0005,BR01,2026-09-20,3.0
EMP0007,BR02,2026-04-01,2.4
EMP0008,BR02,2026-04-01,1.8
EMP0009,BR02,2026-04-01,1.9
EMP0010,BR02,2026-04-01,2.4
EMP0013,BR02,2026-04-01,2.1
EMP0014,BR02,2026-04-01,2.4
EMP0015,BR02,2026-04-01,2.5
EMP0016,BR02,2026-04-01,2.5
EMP0007,BR02,2026-04-02,2.1
EMP0009,BR02,2026-04-02,2.2
EMP0010,BR02,2026-04-02,2.2
EMP0011,BR02,2026-04-02,2.0
EMP0013,BR02,2026-04-02,2.1
EMP0014,BR02,2026-04-02,2.6
EMP0015,BR02,2026-04-02,2.1
EMP0016,BR02,2026-04-02,2.5
EMP0007,BR02,2026-04-03,1.9
EMP0009,BR02,2026-04-03,2.4
EMP0014,BR02,2026-04-03,2.4
EMP0015,BR02,2026-04-03,2.2
EMP0016,BR02,2026-04-03,2.0
EMP0017,BR02,2026-04-03,2.6
EMP0007,BR02,2026-04-04,2.5
EMP0008,BR02,2026-04-04,2.2
EMP0010,BR02,2026-04-04,2.4
EMP0011,BR02,2026-04-04,2.3
EMP0012,BR02,2026-04-04,2.2
EMP0013,BR02,2026-04-04,2.4
EMP0014,BR02,2026-04-04,2.0
EMP0015,BR02,2026-04-04,2.3
EMP0016,BR02,2026-04-04,2.2
EMP0007,BR02,2026-04-05,2.4
EMP0009,BR02,2026-04-05,1.8
EMP0011,BR02,2026-04-05,2.1
EMP0012,BR02,2026-04-05,2.6
EMP0013,BR02,2026-04-05,2.4
EMP0015,BR02,2026-04-05,2.2
EMP0007,BR02,2026-04-06,2.5
EMP0008,BR02,2026-04-06,2.0
EMP0009,BR02,2026-04-06,2.0
EMP0010,BR02,2026-04-06,2.3
EMP0011,BR02,2026-04-06,2.2
EMP0017,BR02,2026-04-06,2.2
EMP0011,BR02,2026-04-07,2.5
EMP0013,BR02,2026-04-07,2.0
EMP0014,BR02,2026-04-07,2.0
EMP0015,BR02,2026-04-07,2.5
EMP0016,BR02,2026-04-07,1.9
EMP0017,BR02,2026-04-07,2.4
EMP0007,BR02,2026-04-08,2.3
EMP0008,BR02,2026-04-08,2.3
EMP0011,BR02,2026-04-08,2.4
EMP0013,BR02,2026-04-08,2.4
EMP0015,BR02,2026-04-08,2.6
EMP0016,BR02,2026-04-08,2.5
EMP0008,BR02,2026-04-09,2.2
EMP0009,BR02,2026-04-09,2.2
EMP0011,BR02,2026-04-09,2.7
EMP0012,BR02,2026-04-09,2.3
EMP0015,BR02,2026-04-09,1.9
EMP0016,BR02,2026-04-09,2.3
EMP0017,BR02,2026-04-09,2.2
EMP0008,BR02,2026-04-10,2.1
EMP0009,BR02,2026-04-10,2.5
EMP0010,BR02,2026-04-10,2.3
EMP0012,BR02,2026-04-10,2.4
EMP0013,BR02,2026-04-10,2.7
EMP0015,BR02,2026-04-10,2.1
EMP0016,BR02,2026-04-10,2.2
EMP0009,BR02,2026-04-11,2.0
EMP0010,BR02,2026-04-11,1.9
EMP0012,BR02,2026-04-11,2.1
EMP0013,BR02,2026-04-11,2.2
EMP0015,BR02,2026-04-11,2.2
EMP0016,BR02,2026-04-11,2.2
EMP0007,BR02,2026-04-12,2.4
EMP0008,BR02,2026-04-12,2.4
EMP0010,BR02,2026-04-12,2.2
EMP0011,BR02,2026-04-12,2.0
EMP0013,BR02,2026-04-12,1.9
EMP0014,BR02,2026-04-12,2.4
EMP0015,BR02,2026-04-12,2.1
EMP0017,BR02,2026-04-12,2.6
EMP0007,BR02,2026-04-13,1.9
EMP0008,BR02,2026-04-13,2.2
EMP0010,BR02,2026-04-13,2.4
EMP0011,BR02,2026-04-13,2.1
EMP0012,BR02,2026-04-13,2.4
EMP0013,BR02,2026-04-13,1.9
EMP0017,BR02,2026-04-13,2.2
EMP0008,BR02,2026-04-14,2.1
EMP0009,BR02,2026-04-14,2.3
EMP0012,BR02,2026-04-14,2.5
EMP0013,BR02,2026-04-14,1.9
EMP0014,BR02,2026-04-14,1.9
EMP0015,BR02,2026-04-14,2.1
EMP0017,BR02,2026-04-14,2.1
EMP0007,BR02,2026-04-15,2.4
EMP0009,BR02,2026-04-15,2.1
EMP0010,BR02,2026-04-15,2.3
EMP0013,BR02,2026-04-15,2.4
EMP0014,BR02,2026-04-15,2.3
EMP0016,BR02,2026-04-15,2.4
EMP0017,BR02,2026-04-15,2.2
EMP0007,BR02,2026-04-16,1.9
EMP0008,BR02,2026-04-16,2.2
EMP0009,BR02,2026-04-16,2.2
EMP0010,BR02,2026-04-16,2.2
EMP0011,BR02,2026-04-16,2.4
EMP0013,BR02,2026-04-16,1.9
EMP0015,BR02,2026-04-16,2.6
EMP0016,BR02,2026-04-16,2.2
EMP0017,BR02,2026-04-16,2.0
EMP0007,BR02,2026-04-17,2.3
EMP0008,BR02,2026-04-17,2.2
EMP0010,BR02,2026-04-17,2.2
EMP0013,BR02,2026-04-17,2.4
EMP0014,BR02,2026-04-17,2.3
EMP0015,BR02,2026-04-17,2.0
EMP0016,BR02,2026-04-17,2.3
EMP0017,BR02,2026-04-17,2.2
EMP0007,BR02,2026-04-18,2.2
EMP0008,BR02,2026-04-18,2.1
EMP0009,BR02,2026-04-18,2.3
EMP0010,BR02,2026-04-18,2.1
EMP0011,BR02,2026-04-18,2.7
EMP0012,BR02,2026-04-18,2.3
EMP0014,BR02,2026-04-18,2.5
EMP0015,BR02,2026-04-18,2.1
EMP0016,BR02,2026-04-18,1.8
EMP0017,BR02,2026-04-18,2.1
EMP0007,BR02,2026-04-19,1.8
EMP0008,BR02,2026-04-19,1.8
EMP0009,BR02,2026-04-19,1.9
EMP0010,BR02,2026-04-19,2.5
EMP0011,BR02,2026-04-19,2.5
EMP0012,BR02,2026-04-19,2.1
EMP0014,BR02,2026-04-19,2.4
EMP0016,BR02,2026-04-19,2.4
EMP0017,BR02,2026-04-19,2.4
EMP0007,BR02,2026-04-20,2.3
EMP0009,BR02,2026-04-20,2.4
EMP0010,BR02,2026-04-20,2.4
EMP0011,BR02,2026-04-20,2.2
EMP0012,BR02,2026-04-20,2.3
EMP0013,BR02,2026-04-20,2.1
EMP0014,BR02,2026-04-20,2.4
EMP0015,BR02,2026-04-20,2.1
EMP0007,BR02,2026-04-21,2.5
EMP0008,BR02,2026-04-21,2.3
EMP0009,BR02,2026-04-21,2.3
EMP0010,BR02,2026-04-21,2.2
EMP0011,BR02,2026-04-21,2.1
EMP0014,BR02,2026-04-21,2.2
EMP0015,BR02,2026-04-21,2.3
EMP0016,BR02,2026-04-21,2.5
EMP0017,BR02,2026-04-21,2.3
EMP0008,BR02,2026-04-22,2.0
EMP0010,BR02,2026-04-22,2.6
EMP0011,BR02,2026-04-22,1.9
EMP0012,BR02,2026-04-22,2.7
EMP0014,BR02,2026-04-22,2.6
EMP0015,BR02,2026-04-22,2.8
EMP0017,BR02,2026-04-22,2.5
EMP0007,BR02,2026-04-23,2.2
EMP0008,BR02,2026-04-23,2.5
EMP0009,BR02,2026-04-23,2.4
EMP0011,BR02,2026-04-23,3.2
EMP0012,BR02,2026-04-23,2.3
EMP0014,BR02,2026-04-23,2.2
EMP0015,BR02,2026-04-23,2.2
EMP0016,BR02,2026-04-23,2.5
EMP0017,BR02,2026-04-23,1.9
EMP0007,BR02,2026-04-24,2.2
EMP0008,BR02,2026-04-24,2.4
EMP0009,BR02,2026-04-24,1.7
EMP0012,BR02,2026-04-24,2.1
EMP0013,BR02,2026-04-24,2.4
EMP0014,BR02,2026-04-24,2.4
EMP0016,BR02,2026-04-24,2.4
EMP0017,BR02,2026-04-24,2.4
EMP0007,BR02,2026-04-25,2.1
EMP0009,BR02,2026-04-25,2.5
EMP0010,BR02,2026-04-25,2.4
EMP0011,BR02,2026-04-25,2.0
EMP0012,BR02,2026-04-25,1.9
EMP0013,BR02,2026-04-25,2.4
EMP0016,BR02,2026-04-25,2.4
EMP0007,BR02,2026-04-26,2.5
EMP0008,BR02,2026-04-26,2.5
EMP0010,BR02,2026-04-26,2.2
EMP0011,BR02,2026-04-26,2.3
EMP0012,BR02,2026-04-26,2.3
EMP0015,BR02,2026-04-26,2.3
EMP0017,BR02,2026-04-26,1.8
EMP0008,BR02,2026-04-27,2.2
EMP0010,BR02,2026-04-27,2.0
EMP0011,BR02,2026-04-27,2.7
EMP0012,BR02,2026-04-27,2.2
EMP0013,BR02,2026-04-27,1.9
EMP0014,BR02,2026-04-27,2.1
EMP0015,BR02,2026-04-27,2.2
EMP0016,BR02,2026-04-27,2.4
EMP0008,BR02,2026-04-28,2.2
EMP0009,BR02,2026-04-28,2.3
EMP0010,BR02,2026-04-28,2.3
EMP0011,BR02,2026-04-28,2.2
EMP0013,BR02,2026-04-28,2.0
EMP0014,BR02,2026-04-28,2.3
EMP0015,BR02,2026-04-28,2.7
EMP0017,BR02,2026-04-28,2.5
EMP0007,BR02,2026-04-29,2.3
EMP0010,BR02,2026-04-29,2.3
EMP0011,BR02,2026-04-29,2.4
EMP0014,BR02,2026-04-29,2.0
EMP0016,BR02,2026-04-29,2.5
EMP0017,BR02,2026-04-29,2.2
EMP0007,BR02,2026-04-30,2.0
EMP0011,BR02,2026-04-30,2.4
EMP0012,BR02,2026-04-30,1.9
EMP0013,BR02,2026-04-30,2.0
EMP0014,BR02,2026-04-30,2.4
EMP0016,BR02,2026-04-30,1.9
EMP0017,BR02,2026-04-30,2.3
EMP0007,BR02,2026-05-01,2.5
EMP0008,BR02,2026-05-01,2.6
EMP0010,BR02,2026-05-01,2.5
EMP0012,BR02,2026-05-01,2.6
EMP0013,BR02,2026-05-01,2.3
EMP0014,BR02,2026-05-01,3.0
EMP0015,BR02,2026-05-01,2.5
EMP0016,BR02,2026-05-01,2.3
EMP0017,BR02,2026-05-01,2.6
EMP0008,BR02,2026-05-02,2.4
EMP0011,BR02,2026-05-02,2.7
EMP0013,BR02,2026-05-02,2.6
EMP0015,BR02,2026-05-02,2.6
EMP0016,BR02,2026-05-02,2.6
EMP0017,BR02,2026-05-02,2.9
EMP0007,BR02,2026-05-03,2.5
EMP0008,BR02,2026-05-03,2.7
EMP0009,BR02,2026-05-03,3.3
EMP0011,BR02,2026-05-03,2.5
EMP0013,BR02,2026-05-03,2.8
EMP0015,BR02,2026-05-03,2.5
EMP0007,BR02,2026-05-04,2.8
EMP0009,BR02,2026-05-04,2.4
EMP0010,BR02,2026-05-04,2.5
EMP0011,BR02,2026-05-04,2.5
EMP0012,BR02,2026-05-04,2.7
EMP0013,BR02,2026-05-04,2.5
EMP0014,BR02,2026-05-04,2.4
EMP0015,BR02,2026-05-04,2.9
EMP0016,BR02,2026-05-04,2.7
EMP0017,BR02,2026-05-04,2.2
EMP0009,BR02,2026-05-05,2.4
EMP0010,BR02,2026-05-05,2.2
EMP0011,BR02,2026-05-05,2.8
EMP0013,BR02,2026-05-05,2.7
EMP0014,BR02,2026-05-05,1.9
EMP0015,BR02,2026-05-05,2.7
EMP0016,BR02,2026-05-05,2.5
EMP0010,BR02,2026-05-06,2.5
EMP0011,BR02,2026-05-06,2.4
EMP0014,BR02,2026-05-06,3.2
EMP0016,BR02,2026-05-06,2.5
EMP0017,BR02,2026-05-06,2.5
EMP0007,BR02,2026-05-07,3.0
EMP0008,BR02,2026-05-07,2.6
EMP0010,BR02,2026-05-07,2.1
EMP0011,BR02,2026-05-07,2.1
EMP0012,BR02,2026-05-07,2.3
EMP0015,BR02,2026-05-07,2.8
EMP0017,BR02,2026-05-07,1.9
EMP0007,BR02,2026-05-08,3.0
EMP0008,BR02,2026-05-08,2.6
EMP0009,BR02,2026-05-08,2.5
EMP0010,BR02,2026-05-08,2.4
EMP0012,BR02,2026-05-08,2.4
EMP0014,BR02,2026-05-08,2.3
EMP0015,BR02,2026-05-08,2.4
EMP0016,BR02,2026-05-08,2.9
EMP0017,BR02,2026-05-08,2.8
EMP0007,BR02,2026-05-09,2.4
EMP0008,BR02,2026-05-09,3.1
EMP0009,BR02,2026-05-09,2.5
EMP0010,BR02,2026-05-09,2.4
EMP0011,BR02,2026-05-09,2.7
EMP0012,BR02,2026-05-09,3.0
EMP0013,BR02,2026-05-09,2.9
EMP0015,BR02,2026-05-09,2.5
EMP0016,BR02,2026-05-09,2.7
EMP0017,BR02,2026-05-09,2.4
EMP0007,BR02,2026-05-10,2.3
EMP0008,BR02,2026-05-10,2.4
EMP0009,BR02,2026-05-10,2.5
EMP0010,BR02,2026-05-10,2.6
EMP0012,BR02,2026-05-10,2.1
EMP0013,BR02,2026-05-10,2.5
EMP0014,BR02,2026-05-10,2.7
EMP0015,BR02,2026-05-10,2.3
EMP0017,BR02,2026-05-10,2.8
EMP0007,BR02,2026-05-11,2.8
EMP0008,BR02,2026-05-11,2.6
EMP0010,BR02,2026-05-11,2.9
EMP0011,BR02,2026-05-11,2.7
EMP0012,BR02,2026-05-11,2.6
EMP0013,BR02,2026-05-11,2.9
EMP0014,BR02,2026-05-11,2.6
EMP0015,BR02,2026-05-11,2.5
EMP0016,BR02,2026-05-11,2.8
EMP0017,BR02,2026-05-11,2.3
EMP0007,BR02,2026-05-12,2.5
EMP0009,BR02,2026-05-12,3.0
EMP0010,BR02,2026-05-12,2.8
EMP0013,BR02,2026-05-12,2.2
EMP0014,BR02,2026-05-12,2.8
EMP0015,BR02,2026-05-12,2.3
EMP0016,BR02,2026-05-12,2.5
EMP0017,BR02,2026-05-12,2.8
EMP0008,BR02,2026-05-13,2.7
EMP0009,BR02,2026-05-13,2.6
EMP0010,BR02,2026-05-13,2.5
EMP0011,BR02,2026-05-13,2.7
EMP0013,BR02,2026-05-13,2.6
EMP0016,BR02,2026-05-13,2.6
EMP0007,BR02,2026-05-14,2.1
EMP0010,BR02,2026-05-14,2.6
EMP0012,BR02,2026-05-14,2.6
EMP0014,BR02,2026-05-14,2.9
EMP0015,BR02,2026-05-14,2.5
EMP0017,BR02,2026-05-14,2.6
EMP0007,BR02,2026-05-15,2.7
EMP0008,BR02,2026-05-15,2.5
EMP0009,BR02,2026-05-15,2.8
EMP0010,BR02,2026-05-15,3.0
EMP0011,BR02,2026-05-15,2.6
EMP0012,BR02,2026-05-15,2.4
EMP0013,BR02,2026-05-15,2.3
EMP0014,BR02,2026-05-15,2.5
EMP0016,BR02,2026-05-15,2.5
EMP0017,BR02,2026-05-15,2.5
EMP0007,BR02,2026-05-16,2.4
EMP0009,BR02,2026-05-16,2.0
EMP0011,BR02,2026-05-16,2.7
EMP0013,BR02,2026-05-16,2.6
EMP0014,BR02,2026-05-16,3.0
EMP0015,BR02,2026-05-16,2.5
EMP0016,BR02,2026-05-16,2.5
EMP0017,BR02,2026-05-16,2.7
EMP0007,BR02,2026-05-17,2.6
EMP0008,BR02,2026-05-17,2.6
EMP0009,BR02,2026-05-17,2.7
EMP0011,BR02,2026-05-17,2.6
EMP0015,BR02,2026-05-17,3.0
EMP0016,BR02,2026-05-17,2.4
EMP0007,BR02,2026-05-18,3.0
EMP0008,BR02,2026-05-18,2.6
EMP0009,BR02,2026-05-18,2.8
EMP0010,BR02,2026-05-18,2.3
EMP0011,BR02,2026-05-18,2.8
EMP0012,BR02,2026-05-18,2.4
EMP0015,BR02,2026-05-18,2.6
EMP0016,BR02,2026-05-18,2.3
EMP0017,BR02,2026-05-18,2.6
EMP0007,BR02,2026-05-19,2.4
EMP0008,BR02,2026-05-19,2.7
EMP0010,BR02,2026-05-19,2.1
EMP0011,BR02,2026-05-19,2.1
EMP0012,BR02,2026-05-19,3.0
EMP0013,BR02,2026-05-19,2.1
EMP0014,BR02,2026-05-19,2.3
EMP0007,BR02,2026-05-20,2.4
EMP0008,BR02,2026-05-20,2.0
EMP0009,BR02,2026-05-20,2.3
EMP0010,BR02,2026-05-20,2.5
EMP0011,BR02,2026-05-20,2.5
EMP0012,BR02,2026-05-20,2.7
EMP0014,BR02,2026-05-20,2.7
EMP0009,BR02,2026-05-21,2.2
EMP0011,BR02,2026-05-21,3.1
EMP0015,BR02,2026-05-21,2.5
EMP0016,BR02,2026-05-21,1.6
EMP0010,BR02,2026-05-22,2.8
EMP0011,BR02,2026-05-22,2.8
EMP0012,BR02,2026-05-22,2.2
EMP0013,BR02,2026-05-22,2.9
EMP0014,BR02,2026-05-22,3.0
EMP0015,BR02,2026-05-22,2.8
EMP0016,BR02,2026-05-22,2.6
EMP0017,BR02,2026-05-22,2.7
EMP0008,BR02,2026-05-23,2.8
EMP0009,BR02,2026-05-23,2.4
EMP0011,BR02,2026-05-23,2.5
EMP0012,BR02,2026-05-23,2.7
EMP0013,BR02,2026-05-23,2.5
EMP0016,BR02,2026-05-23,2.2
EMP0017,BR02,2026-05-23,2.6
EMP0008,BR02,2026-05-24,2.7
EMP0009,BR02,2026-05-24,2.5
EMP0010,BR02,2026-05-24,2.6
EMP0011,BR02,2026-05-24,2.7
EMP0013,BR02,2026-05-24,2.5
EMP0014,BR02,2026-05-24,2.5
EMP0017,BR02,2026-05-24,2.2
EMP0009,BR02,2026-05-25,2.5
EMP0010,BR02,2026-05-25,2.7
EMP0011,BR02,2026-05-25,2.2
EMP0013,BR02,2026-05-25,2.7
EMP0016,BR02,2026-05-25,2.6
EMP0017,BR02,2026-05-25,2.4
EMP0007,BR02,2026-05-26,2.7
EMP0008,BR02,2026-05-26,2.5
EMP0011,BR02,2026-05-26,2.7
EMP0012,BR02,2026-05-26,2.5
EMP0014,BR02,2026-05-26,2.2
EMP0015,BR02,2026-05-26,2.6
EMP0016,BR02,2026-05-26,2.4
EMP0017,BR02,2026-05-26,2.5
EMP0007,BR02,2026-05-27,2.4
EMP0010,BR02,2026-05-27,2.9
EMP0011,BR02,2026-05-27,2.4
EMP0012,BR02,2026-05-27,2.4
EMP0015,BR02,2026-05-27,2.2
EMP0016,BR02,2026-05-27,2.7
EMP0017,BR02,2026-05-27,2.8
EMP0009,BR02,2026-05-28,2.6
EMP0010,BR02,2026-05-28,2.7
EMP0011,BR02,2026-05-28,2.8
EMP0012,BR02,2026-05-28,2.5
EMP0015,BR02,2026-05-28,3.0
EMP0016,BR02,2026-05-28,2.7
EMP0017,BR02,2026-05-28,2.6
EMP0007,BR02,2026-05-29,2.2
EMP0008,BR02,2026-05-29,2.0
EMP0009,BR02,2026-05-29,2.7
EMP0010,BR02,2026-05-29,2.0
EMP0011,BR02,2026-05-29,2.6
EMP0013,BR02,2026-05-29,2.8
EMP0014,BR02,2026-05-29,2.6
EMP0015,BR02,2026-05-29,2.5
EMP0016,BR02,2026-05-29,2.9
EMP0017,BR02,2026-05-29,2.9
EMP0007,BR02,2026-05-30,2.9
EMP0008,BR02,2026-05-30,2.7
EMP0011,BR02,2026-05-30,2.4
EMP0012,BR02,2026-05-30,2.5
EMP0014,BR02,2026-05-30,2.1
EMP0015,BR02,2026-05-30,2.3
EMP0016,BR02,2026-05-30,2.6
EMP0007,BR02,2026-05-31,2.6
EMP0008,BR02,2026-05-31,2.5
EMP0011,BR02,2026-05-31,2.2
EMP0012,BR02,2026-05-31,2.1
EMP0013,BR02,2026-05-31,2.8
EMP0014,BR02,2026-05-31,2.6
EMP0016,BR02,2026-05-31,2.9
EMP0007,BR02,2026-06-01,2.4
EMP0010,BR02,2026-06-01,2.5
EMP0012,BR02,2026-06-01,2.2
EMP0015,BR02,2026-06-01,2.7
EMP0017,BR02,2026-06-01,2.6
EMP0007,BR02,2026-06-02,2.2
EMP0009,BR02,2026-06-02,1.9
EMP0010,BR02,2026-06-02,2.3
EMP0011,BR02,2026-06-02,2.2
EMP0012,BR02,2026-06-02,2.0
EMP0014,BR02,2026-06-02,1.8
EMP0015,BR02,2026-06-02,1.8
EMP0016,BR02,2026-06-02,2.0
EMP0017,BR02,2026-06-02,2.0
EMP0007,BR02,2026-06-03,2.3
EMP0008,BR02,2026-06-03,1.9
EMP0009,BR02,2026-06-03,1.8
EMP0010,BR02,2026-06-03,2.1
EMP0014,BR02,2026-06-03,1.6
EMP0015,BR02,2026-06-03,2.6
EMP0007,BR02,2026-06-04,2.1
EMP0008,BR02,2026-06-04,1.9
EMP0009,BR02,2026-06-04,2.4
EMP0010,BR02,2026-06-04,1.9
EMP0011,BR02,2026-06-04,2.3
EMP0012,BR02,2026-06-04,2.0
EMP0014,BR02,2026-06-04,2.6
EMP0016,BR02,2026-06-04,2.1
EMP0017,BR02,2026-06-04,2.6
EMP0007,BR02,2026-06-05,2.3
EMP0008,BR02,2026-06-05,2.0
EMP0009,BR02,2026-06-05,1.9
EMP0010,BR02,2026-06-05,2.1
EMP0011,BR02,2026-06-05,2.2
EMP0012,BR02,2026-06-05,2.6
EMP0013,BR02,2026-06-05,2.6
EMP0014,BR02,2026-06-05,2.1
EMP0016,BR02,2026-06-05,2.2
EMP0017,BR02,2026-06-05,1.9
EMP0009,BR02,2026-06-06,2.4
EMP0011,BR02,2026-06-06,2.0
EMP0012,BR02,2026-06-06,1.9
EMP0013,BR02,2026-06-06,2.3
EMP0015,BR02,2026-06-06,2.5
EMP0016,BR02,2026-06-06,2.1
EMP0017,BR02,2026-06-06,2.4
EMP0008,BR02,2026-06-07,2.3
EMP0010,BR02,2026-06-07,2.3
EMP0011,BR02,2026-06-07,2.2
EMP0012,BR02,2026-06-07,2.3
EMP0013,BR02,2026-06-07,2.4
EMP0014,BR02,2026-06-07,2.0
EMP0015,BR02,2026-06-07,2.2
EMP0016,BR02,2026-06-07,2.2
EMP0017,BR02,2026-06-07,2.4
EMP0007,BR02,2026-06-08,2.0
EMP0008,BR02,2026-06-08,2.6
EMP0009,BR02,2026-06-08,1.8
EMP0010,BR02,2026-06-08,2.6
EMP0011,BR02,2026-06-08,1.6
EMP0012,BR02,2026-06-08,2.5
EMP0013,BR02,2026-06-08,2.0
EMP0014,BR02,2026-06-08,1.7
EMP0015,BR02,2026-06-08,2.1
EMP0016,BR02,2026-06-08,2.5
EMP0017,BR02,2026-06-08,1.9
EMP0007,BR02,2026-06-09,2.3
EMP0008,BR02,2026-06-09,1.7
EMP0009,BR02,2026-06-09,2.2
EMP0010,BR02,2026-06-09,2.2
EMP0011,BR02,2026-06-09,2.2
EMP0013,BR02,2026-06-09,2.5
EMP0015,BR02,2026-06-09,2.3
EMP0016,BR02,2026-06-09,2.3
EMP0010,BR02,2026-06-10,2.2
EMP0011,BR02,2026-06-10,1.8
EMP0012,BR02,2026-06-10,2.3
EMP0013,BR02,2026-06-10,1.7
EMP0014,BR02,2026-06-10,2.3
EMP0015,BR02,2026-06-10,2.1
EMP0016,BR02,2026-06-10,2.0
EMP0007,BR02,2026-06-11,1.6
EMP0008,BR02,2026-06-11,2.6
EMP0009,BR02,2026-06-11,2.4
EMP0010,BR02,2026-06-11,1.8
EMP0012,BR02,2026-06-11,2.3
EMP0013,BR02,2026-06-11,2.3
EMP0007,BR02,2026-06-12,1.6
EMP0008,BR02,2026-06-12,2.6
EMP0010,BR02,2026-06-12,2.4
EMP0014,BR02,2026-06-12,2.1
EMP0016,BR02,2026-06-12,2.3
EMP0017,BR02,2026-06-12,2.3
EMP0007,BR02,2026-06-13,2.0
EMP0010,BR02,2026-06-13,2.4
EMP0011,BR02,2026-06-13,2.2
EMP0012,BR02,2026-06-13,2.6
EMP0013,BR02,2026-06-13,2.4
EMP0014,BR02,2026-06-13,1.9
EMP0015,BR02,2026-06-13,2.0
EMP0008,BR02,2026-06-14,2.1
EMP0010,BR02,2026-06-14,2.4
EMP0012,BR02,2026-06-14,2.1
EMP0014,BR02,2026-06-14,2.0
EMP0015,BR02,2026-06-14,2.3
EMP0007,BR02,2026-06-15,2.2
EMP0009,BR02,2026-06-15,2.5
EMP0010,BR02,2026-06-15,2.5
EMP0011,BR02,2026-06-15,2.4
EMP0015,BR02,2026-06-15,2.4
EMP0016,BR02,2026-06-15,2.3
EMP0007,BR02,2026-06-16,2.1
EMP0008,BR02,2026-06-16,2.1
EMP0011,BR02,2026-06-16,2.2
EMP0012,BR02,2026-06-16,2.7
EMP0014,BR02,2026-06-16,2.1
EMP0016,BR02,2026-06-16,1.8
EMP0017,BR02,2026-06-16,2.3
EMP0007,BR02,2026-06-17,1.8
EMP0009,BR02,2026-06-17,2.2
EMP0010,BR02,2026-06-17,2.1
EMP0011,BR02,2026-06-17,2.6
EMP0012,BR02,2026-06-17,2.1
EMP0014,BR02,2026-06-17,2.3
EMP0015,BR02,2026-06-17,1.9
EMP0016,BR02,2026-06-17,2.2
EMP0017,BR02,2026-06-17,2.4
EMP0007,BR02,2026-06-18,2.1
EMP0008,BR02,2026-06-18,2.0
EMP0009,BR02,2026-06-18,1.5
EMP0010,BR02,2026-06-18,2.0
EMP0011,BR02,2026-06-18,1.8
EMP0012,BR02,2026-06-18,2.3
EMP0013,BR02,2026-06-18,2.3
EMP0014,BR02,2026-06-18,2.2
EMP0016,BR02,2026-06-18,2.3
EMP0017,BR02,2026-06-18,2.1
EMP0009,BR02,2026-06-19,2.1
EMP0010,BR02,2026-06-19,2.0
EMP0013,BR02,2026-06-19,1.8
EMP0014,BR02,2026-06-19,2.5
EMP0015,BR02,2026-06-19,2.1
EMP0016,BR02,2026-06-19,2.3
EMP0017,BR02,2026-06-19,2.3
EMP0007,BR02,2026-06-20,2.0
EMP0012,BR02,2026-06-20,2.1
EMP0014,BR02,2026-06-20,2.5
EMP0016,BR02,2026-06-20,2.6
EMP0017,BR02,2026-06-20,2.0
EMP0007,BR02,2026-06-21,2.5
EMP0009,BR02,2026-06-21,2.2
EMP0012,BR02,2026-06-21,2.3
EMP0013,BR02,2026-06-21,2.5
EMP0014,BR02,2026-06-21,2.5
EMP0016,BR02,2026-06-21,2.5
EMP0008,BR02,2026-06-22,2.3
EMP0009,BR02,2026-06-22,2.2
EMP0010,BR02,2026-06-22,2.1
EMP0011,BR02,2026-06-22,1.9
EMP0012,BR02,2026-06-22,1.8
EMP0013,BR02,2026-06-22,1.9
EMP0014,BR02,2026-06-22,2.7
EMP0017,BR02,2026-06-22,2.3
EMP0008,BR02,2026-06-23,2.6
EMP0009,BR02,2026-06-23,2.2
EMP0010,BR02,2026-06-23,2.5
EMP0011,BR02,2026-06-23,2.1
EMP0012,BR02,2026-06-23,2.1
EMP0015,BR02,2026-06-23,2.7
EMP0016,BR02,2026-06-23,2.5
EMP0007,BR02,2026-06-24,2.1
EMP0009,BR02,2026-06-24,2.0
EMP0010,BR02,2026-06-24,2.1
EMP0012,BR02,2026-06-24,2.0
EMP0013,BR02,2026-06-24,2.3
EMP0014,BR02,2026-06-24,2.7
EMP0015,BR02,2026-06-24,2.3
EMP0016,BR02,2026-06-24,2.4
EMP0017,BR02,2026-06-24,2.2
EMP0007,BR02,2026-06-25,2.1
EMP0008,BR02,2026-06-25,1.8
EMP0011,BR02,2026-06-25,2.2
EMP0012,BR02,2026-06-25,2.5
EMP0013,BR02,2026-06-25,2.5
EMP0014,BR02,2026-06-25,2.4
EMP0015,BR02,2026-06-25,2.0
EMP0016,BR02,2026-06-25,2.2
EMP0017,BR02,2026-06-25,1.8
EMP0008,BR02,2026-06-26,2.2
EMP0009,BR02,2026-06-26,1.9
EMP0011,BR02,2026-06-26,1.8
EMP0012,BR02,2026-06-26,2.0
EMP0013,BR02,2026-06-26,2.2
EMP0014,BR02,2026-06-26,2.0
EMP0016,BR02,2026-06-26,2.5
EMP0007,BR02,2026-06-27,1.8
EMP0008,BR02,2026-06-27,1.9
EMP0009,BR02,2026-06-27,2.3
EMP0010,BR02,2026-06-27,2.6
EMP0011,BR02,2026-06-27,2.2
EMP0012,BR02,2026-06-27,2.4
EMP0013,BR02,2026-06-27,2.1
EMP0014,BR02,2026-06-27,1.8
EMP0015,BR02,2026-06-27,2.0
EMP0016,BR02,2026-06-27,2.2
EMP0007,BR02,2026-06-28,2.4
EMP0009,BR02,2026-06-28,2.3
EMP0010,BR02,2026-06-28,2.1
EMP0011,BR02,2026-06-28,2.2
EMP0012,BR02,2026-06-28,2.1
EMP0013,BR02,2026-06-28,2.3
EMP0014,BR02,2026-06-28,2.0
EMP0015,BR02,2026-06-28,2.4
EMP0016,BR02,2026-06-28,2.1
EMP0017,BR02,2026-06-28,2.4
EMP0007,BR02,2026-06-29,2.4
EMP0008,BR02,2026-06-29,1.9
EMP0009,BR02,2026-06-29,2.7
EMP0011,BR02,2026-06-29,2.3
EMP0012,BR02,2026-06-29,2.3
EMP0013,BR02,2026-06-29,2.0
EMP0014,BR02,2026-06-29,2.1
EMP0016,BR02,2026-06-29,2.3
EMP0017,BR02,2026-06-29,2.1
EMP0007,BR02,2026-06-30,2.0
EMP0008,BR02,2026-06-30,2.2
EMP0009,BR02,2026-06-30,2.1
EMP0010,BR02,2026-06-30,2.1
EMP0011,BR02,2026-06-30,2.2
EMP0012,BR02,2026-06-30,2.6
EMP0014,BR02,2026-06-30,2.3
EMP0015,BR02,2026-06-30,2.1
EMP0016,BR02,2026-06-30,1.9
EMP0017,BR02,2026-06-30,2.1
EMP0007,BR02,2026-07-01,2.1
EMP0008,BR02,2026-07-01,2.1
EMP0010,BR02,2026-07-01,2.5
EMP0014,BR02,2026-07-01,2.2
EMP0016,BR02,2026-07-01,2.5
EMP0017,BR02,2026-07-01,2.1
EMP0007,BR02,2026-07-02,2.8
EMP0008,BR02,2026-07-02,2.0
EMP0009,BR02,2026-07-02,2.4
EMP0010,BR02,2026-07-02,2.3
EMP0011,BR02,2026-07-02,2.5
EMP0012,BR02,2026-07-02,2.1
EMP0014,BR02,2026-07-02,2.2
EMP0016,BR02,2026-07-02,2.5
EMP0007,BR02,2026-07-03,2.9
EMP0008,BR02,2026-07-03,2.1
EMP0009,BR02,2026-07-03,2.7
EMP0010,BR02,2026-07-03,2.5
EMP0011,BR02,2026-07-03,2.4
EMP0016,BR02,2026-07-03,1.9
EMP0007,BR02,2026-07-04,2.1
EMP0009,BR02,2026-07-04,2.0
EMP0010,BR02,2026-07-04,2.2
EMP0011,BR02,2026-07-04,2.5
EMP0012,BR02,2026-07-04,2.4
EMP0014,BR02,2026-07-04,2.2
EMP0015,BR02,2026-07-04,2.0
EMP0016,BR02,2026-07-04,2.1
EMP0017,BR02,2026-07-04,2.0
EMP0007,BR02,2026-07-05,2.1
EMP0009,BR02,2026-07-05,2.0
EMP0010,BR02,2026-07-05,2.1
EMP0012,BR02,2026-07-05,2.5
EMP0014,BR02,2026-07-05,1.9
EMP0015,BR02,2026-07-05,2.0
EMP0009,BR02,2026-07-06,2.1
EMP0011,BR02,2026-07-06,2.2
EMP0012,BR02,2026-07-06,2.6
EMP0014,BR02,2026-07-06,2.2
EMP0015,BR02,2026-07-06,2.2
EMP0017,BR02,2026-07-06,2.3
EMP0007,BR02,2026-07-07,2.7
EMP0009,BR02,2026-07-07,2.2
EMP0010,BR02,2026-07-07,2.1
EMP0012,BR02,2026-07-07,2.0
EMP0013,BR02,2026-07-07,2.6
EMP0014,BR02,2026-07-07,2.2
EMP0015,BR02,2026-07-07,2.2
EMP0016,BR02,2026-07-07,2.5
EMP0017,BR02,2026-07-07,2.1
EMP0007,BR02,2026-07-08,2.3
EMP0010,BR02,2026-07-08,2.0
EMP0011,BR02,2026-07-08,2.0
EMP0013,BR02,2026-07-08,1.8
EMP0014,BR02,2026-07-08,1.9
EMP0016,BR02,2026-07-08,2.7
EMP0007,BR02,2026-07-09,1.8
EMP0008,BR02,2026-07-09,2.0
EMP0009,BR02,2026-07-09,2.3
EMP0010,BR02,2026-07-09,2.2
EMP0011,BR02,2026-07-09,2.3
EMP0013,BR02,2026-07-09,2.0
EMP0014,BR02,2026-07-09,2.2
EMP0015,BR02,2026-07-09,1.6
EMP0016,BR02,2026-07-09,2.3
EMP0017,BR02,2026-07-09,2.2
EMP0007,BR02,2026-07-10,2.2
EMP0009,BR02,2026-07-10,2.2
EMP0011,BR02,2026-07-10,2.2
EMP0013,BR02,2026-07-10,2.3
EMP0014,BR02,2026-07-10,2.0
EMP0016,BR02,2026-07-10,2.3
EMP0017,BR02,2026-07-10,2.3
EMP0007,BR02,2026-07-11,2.9
EMP0008,BR02,2026-07-11,2.1
EMP0009,BR02,2026-07-11,2.3
EMP0010,BR02,2026-07-11,2.1
EMP0011,BR02,2026-07-11,2.5
EMP0014,BR02,2026-07-11,2.4
EMP0015,BR02,2026-07-11,2.9
EMP0016,BR02,2026-07-11,2.2
EMP0007,BR02,2026-07-12,2.3
EMP0008,BR02,2026-07-12,1.7
EMP0009,BR02,2026-07-12,2.2
EMP0010,BR02,2026-07-12,2.3
EMP0011,BR02,2026-07-12,2.2
EMP0012,BR02,2026-07-12,2.0
EMP0013,BR02,2026-07-12,2.2
EMP0014,BR02,2026-07-12,1.8
EMP0015,BR02,2026-07-12,2.2
EMP0016,BR02,2026-07-12,2.4
EMP0017,BR02,2026-07-12,2.6
EMP0009,BR02,2026-07-13,2.0
EMP0011,BR02,2026-07-13,2.4
EMP0013,BR02,2026-07-13,2.3
EMP0014,BR02,2026-07-13,2.4
EMP0016,BR02,2026-07-13,2.4
EMP0017,BR02,2026-07-13,2.2
EMP0010,BR02,2026-07-14,1.9
EMP0011,BR02,2026-07-14,2.4
EMP0013,BR02,2026-07-14,2.6
EMP0014,BR02,2026-07-14,2.5
EMP0015,BR02,2026-07-14,2.6
EMP0007,BR02,2026-07-15,2.0
EMP0008,BR02,2026-07-15,2.5
EMP0010,BR02,2026-07-15,2.7
EMP0011,BR02,2026-07-15,2.3
EMP0012,BR02,2026-07-15,2.3
EMP0014,BR02,2026-07-15,2.3
EMP0015,BR02,2026-07-15,2.3
EMP0017,BR02,2026-07-15,2.3
EMP0007,BR02,2026-07-16,2.7
EMP0008,BR02,2026-07-16,2.7
EMP0009,BR02,2026-07-16,2.3
EMP0010,BR02,2026-07-16,2.3
EMP0011,BR02,2026-07-16,2.2
EMP0012,BR02,2026-07-16,2.4
EMP0013,BR02,2026-07-16,2.2
EMP0014,BR02,2026-07-16,2.1
EMP0015,BR02,2026-07-16,2.4
EMP0016,BR02,2026-07-16,2.0
EMP0017,BR02,2026-07-16,2.5
EMP0008,BR02,2026-07-17,2.7
EMP0009,BR02,2026-07-17,2.5
EMP0010,BR02,2026-07-17,2.8
EMP0013,BR02,2026-07-17,2.2
EMP0014,BR02,2026-07-17,2.3
EMP0015,BR02,2026-07-17,2.2
EMP0016,BR02,2026-07-17,2.2
EMP0017,BR02,2026-07-17,2.1
EMP0009,BR02,2026-07-18,2.0
EMP0011,BR02,2026-07-18,3.0
EMP0013,BR02,2026-07-18,2.4
EMP0014,BR02,2026-07-18,2.0
EMP0015,BR02,2026-07-18,2.3
EMP0017,BR02,2026-07-18,2.6
EMP0007,BR02,2026-07-19,1.9
EMP0008,BR02,2026-07-19,1.8
EMP0010,BR02,2026-07-19,2.4
EMP0011,BR02,2026-07-19,2.4
EMP0012,BR02,2026-07-19,2.1
EMP0013,BR02,2026-07-19,2.2
EMP0015,BR02,2026-07-19,2.7
EMP0016,BR02,2026-07-19,2.6
EMP0017,BR02,2026-07-19,2.3
EMP0007,BR02,2026-07-20,2.3
EMP0008,BR02,2026-07-20,2.2
EMP0011,BR02,2026-07-20,2.5
EMP0012,BR02,2026-07-20,2.2
EMP0013,BR02,2026-07-20,2.5
EMP0014,BR02,2026-07-20,2.3
EMP0015,BR02,2026-07-20,2.3
EMP0007,BR02,2026-07-21,2.5
EMP0008,BR02,2026-07-21,1.9
EMP0009,BR02,2026-07-21,2.6
EMP0010,BR02,2026-07-21,2.9
EMP0011,BR02,2026-07-21,2.3
EMP0013,BR02,2026-07-21,2.3
EMP0014,BR02,2026-07-21,3.0
EMP0015,BR02,2026-07-21,2.2
EMP0017,BR02,2026-07-21,2.6
EMP0007,BR02,2026-07-22,2.3
EMP0008,BR02,2026-07-22,2.5
EMP0010,BR02,2026-07-22,2.3
EMP0011,BR02,2026-07-22,2.2
EMP0013,BR02,2026-07-22,2.4
EMP0017,BR02,2026-07-22,2.8
EMP0007,BR02,2026-07-23,2.5
EMP0008,BR02,2026-07-23,2.2
EMP0009,BR02,2026-07-23,2.5
EMP0010,BR02,2026-07-23,2.2
EMP0011,BR02,2026-07-23,2.4
EMP0014,BR02,2026-07-23,2.2
EMP0015,BR02,2026-07-23,2.2
EMP0016,BR02,2026-07-23,2.0
EMP0017,BR02,2026-07-23,1.9
EMP0008,BR02,2026-07-24,2.2
EMP0009,BR02,2026-07-24,2.1
EMP0010,BR02,2026-07-24,2.3
EMP0012,BR02,2026-07-24,2.5
EMP0013,BR02,2026-07-24,2.4
EMP0014,BR02,2026-07-24,1.8
EMP0015,BR02,2026-07-24,2.3
EMP0017,BR02,2026-07-24,2.3
EMP0007,BR02,2026-07-25,2.0
EMP0010,BR02,2026-07-25,1.8
EMP0012,BR02,2026-07-25,2.2
EMP0013,BR02,2026-07-25,2.3
EMP0014,BR02,2026-07-25,1.9
EMP0015,BR02,2026-07-25,2.3
EMP0016,BR02,2026-07-25,2.4
EMP0007,BR02,2026-07-26,2.2
EMP0009,BR02,2026-07-26,2.0
EMP0010,BR02,2026-07-26,2.3
EMP0011,BR02,2026-07-26,3.0
EMP0014,BR02,2026-07-26,2.2
EMP0015,BR02,2026-07-26,2.5
EMP0017,BR02,2026-07-26,2.2
EMP0007,BR02,2026-07-27,2.1
EMP0008,BR02,2026-07-27,2.3
EMP0009,BR02,2026-07-27,2.2
EMP0010,BR02,2026-07-27,1.9
EMP0011,BR02,2026-07-27,2.1
EMP0014,BR02,2026-07-27,2.0
EMP0015,BR02,2026-07-27,2.4
EMP0016,BR02,2026-07-27,2.1
EMP0008,BR02,2026-07-28,1.9
EMP0009,BR02,2026-07-28,2.1
EMP0010,BR02,2026-07-28,2.3
EMP0012,BR02,2026-07-28,2.4
EMP0014,BR02,2026-07-28,1.8
EMP0008,BR02,2026-07-29,2.4
EMP0009,BR02,2026-07-29,2.5
EMP0011,BR02,2026-07-29,1.8
EMP0012,BR02,2026-07-29,2.6
EMP0014,BR02,2026-07-29,2.1
EMP0016,BR02,2026-07-29,1.9
EMP0017,BR02,2026-07-29,2.6
EMP0007,BR02,2026-07-30,2.1
EMP0008,BR02,2026-07-30,2.3
EMP0009,BR02,2026-07-30,2.3
EMP0011,BR02,2026-07-30,2.3
EMP0013,BR02,2026-07-30,2.2
EMP0015,BR02,2026-07-30,2.6
EMP0017,BR02,2026-07-30,2.9
EMP0007,BR02,2026-07-31,2.3
EMP0009,BR02,2026-07-31,2.2
EMP0010,BR02,2026-07-31,2.1
EMP0011,BR02,2026-07-31,2.4
EMP0012,BR02,2026-07-31,2.0
EMP0013,BR02,2026-07-31,2.3
EMP0014,BR02,2026-07-31,2.7
EMP0015,BR02,2026-07-31,2.8
EMP0016,BR02,2026-07-31,2.4
EMP0017,BR02,2026-07-31,2.5
EMP0007,BR02,2026-08-01,3.1
EMP0008,BR02,2026-08-01,2.7
EMP0009,BR02,2026-08-01,2.9
EMP0013,BR02,2026-08-01,2.7
EMP0014,BR02,2026-08-01,2.6
EMP0015,BR02,2026-08-01,2.9
EMP0017,BR02,2026-08-01,2.4
EMP0007,BR02,2026-08-02,2.7
EMP0009,BR02,2026-08-02,3.0
EMP0010,BR02,2026-08-02,2.7
EMP0011,BR02,2026-08-02,2.9
EMP0012,BR02,2026-08-02,1.9
EMP0013,BR02,2026-08-02,2.9
EMP0014,BR02,2026-08-02,2.5
EMP0015,BR02,2026-08-02,2.7
EMP0017,BR02,2026-08-02,3.0
EMP0007,BR02,2026-08-03,2.6
EMP0008,BR02,2026-08-03,2.6
EMP0009,BR02,2026-08-03,3.0
EMP0011,BR02,2026-08-03,2.7
EMP0012,BR02,2026-08-03,2.7
EMP0013,BR02,2026-08-03,2.7
EMP0014,BR02,2026-08-03,2.7
EMP0015,BR02,2026-08-03,2.4
EMP0016,BR02,2026-08-03,2.4
EMP0017,BR02,2026-08-03,3.0
EMP0010,BR02,2026-08-04,3.1
EMP0014,BR02,2026-08-04,2.5
EMP0015,BR02,2026-08-04,2.7
EMP0017,BR02,2026-08-04,2.6
EMP0008,BR02,2026-08-05,2.4
EMP0009,BR02,2026-08-05,2.3
EMP0010,BR02,2026-08-05,3.0
EMP0011,BR02,2026-08-05,3.1
EMP0012,BR02,2026-08-05,2.2
EMP0014,BR02,2026-08-05,2.6
EMP0015,BR02,2026-08-05,2.9
EMP0008,BR02,2026-08-06,2.4
EMP0009,BR02,2026-08-06,2.6
EMP0010,BR02,2026-08-06,2.7
EMP0014,BR02,2026-08-06,2.2
EMP0015,BR02,2026-08-06,2.9
EMP0016,BR02,2026-08-06,2.9
EMP0007,BR02,2026-08-07,2.5
EMP0009,BR02,2026-08-07,2.5
EMP0010,BR02,2026-08-07,2.7
EMP0012,BR02,2026-08-07,2.9
EMP0014,BR02,2026-08-07,2.2
EMP0015,BR02,2026-08-07,2.2
EMP0016,BR02,2026-08-07,2.9
EMP0008,BR02,2026-08-08,2.7
EMP0009,BR02,2026-08-08,2.7
EMP0011,BR02,2026-08-08,2.5
EMP0012,BR02,2026-08-08,2.8
EMP0013,BR02,2026-08-08,2.1
EMP0014,BR02,2026-08-08,2.3
EMP0015,BR02,2026-08-08,2.9
EMP0017,BR02,2026-08-08,2.7
EMP0007,BR02,2026-08-09,2.9
EMP0008,BR02,2026-08-09,2.8
EMP0009,BR02,2026-08-09,2.4
EMP0013,BR02,2026-08-09,2.7
EMP0015,BR02,2026-08-09,3.2
EMP0016,BR02,2026-08-09,2.5
EMP0017,BR02,2026-08-09,3.1
EMP0007,BR02,2026-08-10,2.2
EMP0008,BR02,2026-08-10,2.4
EMP0010,BR02,2026-08-10,2.6
EMP0011,BR02,2026-08-10,2.7
EMP0012,BR02,2026-08-10,2.6
EMP0013,BR02,2026-08-10,2.5
EMP0014,BR02,2026-08-10,2.4
EMP0017,BR02,2026-08-10,2.2
EMP0007,BR02,2026-08-11,2.3
EMP0008,BR02,2026-08-11,2.9
EMP0009,BR02,2026-08-11,2.4
EMP0010,BR02,2026-08-11,2.5
EMP0011,BR02,2026-08-11,2.5
EMP0012,BR02,2026-08-11,2.6
EMP0013,BR02,2026-08-11,2.8
EMP0014,BR02,2026-08-11,2.6
EMP0015,BR02,2026-08-11,2.9
EMP0016,BR02,2026-08-11,2.3
EMP0007,BR02,2026-08-12,3.1
EMP0009,BR02,2026-08-12,2.7
EMP0010,BR02,2026-08-12,2.4
EMP0013,BR02,2026-08-12,2.7
EMP0014,BR02,2026-08-12,2.8
EMP0015,BR02,2026-08-12,3.0
EMP0016,BR02,2026-08-12,2.6
EMP0007,BR02,2026-08-13,2.6
EMP0008,BR02,2026-08-13,2.7
EMP0009,BR02,2026-08-13,2.5
EMP0011,BR02,2026-08-13,2.9
EMP0012,BR02,2026-08-13,3.0
EMP0013,BR02,2026-08-13,2.8
EMP0017,BR02,2026-08-13,2.7
EMP0007,BR02,2026-08-14,3.0
EMP0008,BR02,2026-08-14,2.6
EMP0009,BR02,2026-08-14,2.6
EMP0010,BR02,2026-08-14,2.7
EMP0011,BR02,2026-08-14,2.7
EMP0012,BR02,2026-08-14,2.6
EMP0014,BR02,2026-08-14,2.1
EMP0015,BR02,2026-08-14,2.6
EMP0016,BR02,2026-08-14,2.3
EMP0017,BR02,2026-08-14,2.7
EMP0007,BR02,2026-08-15,2.8
EMP0008,BR02,2026-08-15,2.6
EMP0009,BR02,2026-08-15,2.4
EMP0010,BR02,2026-08-15,2.7
EMP0011,BR02,2026-08-15,3.5
EMP0012,BR02,2026-08-15,2.9
EMP0015,BR02,2026-08-15,2.5
EMP0016,BR02,2026-08-15,2.5
EMP0017,BR02,2026-08-15,3.0
EMP0007,BR02,2026-08-16,2.0
EMP0008,BR02,2026-08-16,2.5
EMP0009,BR02,2026-08-16,3.2
EMP0012,BR02,2026-08-16,2.2
EMP0014,BR02,2026-08-16,2.8
EMP0015,BR02,2026-08-16,2.7
EMP0017,BR02,2026-08-16,2.7
EMP0008,BR02,2026-08-17,2.4
EMP0009,BR02,2026-08-17,2.6
EMP0010,BR02,2026-08-17,2.7
EMP0011,BR02,2026-08-17,2.2
EMP0014,BR02,2026-08-17,2.9
EMP0015,BR02,2026-08-17,2.8
EMP0016,BR02,2026-08-17,2.7
EMP0007,BR02,2026-08-18,2.9
EMP0008,BR02,2026-08-18,2.6
EMP0009,BR02,2026-08-18,2.7
EMP0010,BR02,2026-08-18,2.0
EMP0011,BR02,2026-08-18,2.7
EMP0012,BR02,2026-08-18,2.9
EMP0013,BR02,2026-08-18,2.6
EMP0015,BR02,2026-08-18,2.9
EMP0016,BR02,2026-08-18,2.7
EMP0017,BR02,2026-08-18,2.9
EMP0007,BR02,2026-08-19,2.3
EMP0010,BR02,2026-08-19,2.8
EMP0011,BR02,2026-08-19,2.9
EMP0012,BR02,2026-08-19,2.5
EMP0013,BR02,2026-08-19,2.6
EMP0015,BR02,2026-08-19,3.0
EMP0016,BR02,2026-08-19,3.1
EMP0009,BR02,2026-08-20,3.0
EMP0011,BR02,2026-08-20,2.5
EMP0012,BR02,2026-08-20,3.1
EMP0013,BR02,2026-08-20,3.1
EMP0014,BR02,2026-08-20,2.6
EMP0016,BR02,2026-08-20,2.9
EMP0008,BR02,2026-08-21,2.9
EMP0010,BR02,2026-08-21,2.5
EMP0012,BR02,2026-08-21,3.1
EMP0013,BR02,2026-08-21,2.5
EMP0014,BR02,2026-08-21,2.9
EMP0016,BR02,2026-08-21,2.3
EMP0017,BR02,2026-08-21,2.7
EMP0008,BR02,2026-08-22,3.0
EMP0011,BR02,2026-08-22,2.7
EMP0013,BR02,2026-08-22,2.7
EMP0014,BR02,2026-08-22,3.0
EMP0016,BR02,2026-08-22,2.4
EMP0017,BR02,2026-08-22,2.6
EMP0007,BR02,2026-08-23,2.7
EMP0009,BR02,2026-08-23,2.6
EMP0010,BR02,2026-08-23,2.7
EMP0011,BR02,2026-08-23,2.5
EMP0012,BR02,2026-08-23,2.7
EMP0013,BR02,2026-08-23,3.0
EMP0015,BR02,2026-08-23,2.3
EMP0016,BR02,2026-08-23,2.5
EMP0017,BR02,2026-08-23,2.6
EMP0007,BR02,2026-08-24,2.7
EMP0009,BR02,2026-08-24,2.2
EMP0010,BR02,2026-08-24,2.5
EMP0016,BR02,2026-08-24,3.2
EMP0017,BR02,2026-08-24,2.5
EMP0009,BR02,2026-08-25,3.2
EMP0011,BR02,2026-08-25,3.2
EMP0012,BR02,2026-08-25,2.8
EMP0013,BR02,2026-08-25,2.3
EMP0015,BR02,2026-08-25,2.9
EMP0017,BR02,2026-08-25,3.0
EMP0007,BR02,2026-08-26,2.2
EMP0008,BR02,2026-08-26,3.3
EMP0009,BR02,2026-08-26,2.6
EMP0010,BR02,2026-08-26,2.2
EMP0011,BR02,2026-08-26,2.7
EMP0012,BR02,2026-08-26,3.0
EMP0014,BR02,2026-08-26,2.5
EMP0008,BR02,2026-08-27,2.9
EMP0009,BR02,2026-08-27,2.4
EMP0010,BR02,2026-08-27,2.3
EMP0012,BR02,2026-08-27,3.1
EMP0013,BR02,2026-08-27,3.0
EMP0014,BR02,2026-08-27,2.6
EMP0016,BR02,2026-08-27,3.0
EMP0017,BR02,2026-08-27,2.2
EMP0009,BR02,2026-08-28,3.2
EMP0010,BR02,2026-08-28,2.5
EMP0011,BR02,2026-08-28,3.0
EMP0012,BR02,2026-08-28,2.4
EMP0013,BR02,2026-08-28,2.7
EMP0015,BR02,2026-08-28,3.0
EMP0017,BR02,2026-08-28,2.5
EMP0007,BR02,2026-08-29,2.5
EMP0011,BR02,2026-08-29,2.9
EMP0013,BR02,2026-08-29,2.4
EMP0015,BR02,2026-08-29,2.5
EMP0016,BR02,2026-08-29,2.6
EMP0017,BR02,2026-08-29,2.9
EMP0007,BR02,2026-08-30,2.7
EMP0010,BR02,2026-08-30,2.6
EMP0011,BR02,2026-08-30,3.0
EMP0012,BR02,2026-08-30,3.0
EMP0013,BR02,2026-08-30,2.9
EMP0014,BR02,2026-08-30,3.0
EMP0015,BR02,2026-08-30,3.5
EMP0016,BR02,2026-08-30,2.9
EMP0017,BR02,2026-08-30,2.7
EMP0008,BR02,2026-08-31,2.9
EMP0009,BR02,2026-08-31,2.8
EMP0010,BR02,2026-08-31,2.6
EMP0014,BR02,2026-08-31,2.8
EMP0016,BR02,2026-08-31,2.5
EMP0008,BR02,2026-09-01,3.0
EMP0009,BR02,2026-09-01,2.6
EMP0011,BR02,2026-09-01,2.3
EMP0013,BR02,2026-09-01,2.5
EMP0015,BR02,2026-09-01,3.3
EMP0017,BR02,2026-09-01,2.6
EMP0007,BR02,2026-09-02,2.6
EMP0008,BR02,2026-09-02,2.9
EMP0009,BR02,2026-09-02,3.0
EMP0011,BR02,2026-09-02,2.5
EMP0013,BR02,2026-09-02,2.4
EMP0014,BR02,2026-09-02,2.1
EMP0015,BR02,2026-09-02,2.7
EMP0016,BR02,2026-09-02,2.9
EMP0008,BR02,2026-09-03,2.3
EMP0009,BR02,2026-09-03,2.8
EMP0010,BR02,2026-09-03,2.2
EMP0012,BR02,2026-09-03,3.0
EMP0013,BR02,2026-09-03,3.1
EMP0014,BR02,2026-09-03,2.7
EMP0015,BR02,2026-09-03,3.0
EMP0007,BR02,2026-09-04,2.6
EMP0008,BR02,2026-09-04,2.7
EMP0010,BR02,2026-09-04,2.8
EMP0011,BR02,2026-09-04,2.4
EMP0012,BR02,2026-09-04,2.9
EMP0015,BR02,2026-09-04,2.8
EMP0016,BR02,2026-09-04,2.9
EMP0017,BR02,2026-09-04,2.4
EMP0007,BR02,2026-09-05,2.5
EMP0008,BR02,2026-09-05,2.2
EMP0009,BR02,2026-09-05,2.9
EMP0010,BR02,2026-09-05,2.9
EMP0013,BR02,2026-09-05,3.1
EMP0015,BR02,2026-09-05,2.9
EMP0016,BR02,2026-09-05,2.6
EMP0017,BR02,2026-09-05,2.2
EMP0007,BR02,2026-09-06,3.0
EMP0008,BR02,2026-09-06,2.6
EMP0009,BR02,2026-09-06,2.8
EMP0011,BR02,2026-09-06,3.1
EMP0012,BR02,2026-09-06,2.8
EMP0013,BR02,2026-09-06,2.4
EMP0015,BR02,2026-09-06,2.2
EMP0017,BR02,2026-09-06,2.8
EMP0008,BR02,2026-09-07,2.7
EMP0009,BR02,2026-09-07,2.8
EMP0010,BR02,2026-09-07,3.0
EMP0013,BR02,2026-09-07,2.6
EMP0015,BR02,2026-09-07,3.0
EMP0016,BR02,2026-09-07,2.6
EMP0017,BR02,2026-09-07,2.2
EMP0007,BR02,2026-09-08,2.6
EMP0008,BR02,2026-09-08,2.8
EMP0011,BR02,2026-09-08,2.7
EMP0013,BR02,2026-09-08,3.0
EMP0014,BR02,2026-09-08,2.2
EMP0015,BR02,2026-09-08,2.9
EMP0017,BR02,2026-09-08,2.9
EMP0008,BR02,2026-09-09,2.6
EMP0010,BR02,2026-09-09,2.4
EMP0011,BR02,2026-09-09,3.1
EMP0013,BR02,2026-09-09,2.7
EMP0015,BR02,2026-09-09,2.7
EMP0016,BR02,2026-09-09,3.0
EMP0017,BR02,2026-09-09,2.5
EMP0007,BR02,2026-09-10,2.2
EMP0008,BR02,2026-09-10,2.9
EMP0009,BR02,2026-09-10,2.6
EMP0013,BR02,2026-09-10,2.8
EMP0014,BR02,2026-09-10,2.7
EMP0016,BR02,2026-09-10,2.0
EMP0007,BR02,2026-09-11,2.4
EMP0008,BR02,2026-09-11,3.2
EMP0009,BR02,2026-09-11,2.4
EMP0010,BR02,2026-09-11,2.3
EMP0013,BR02,2026-09-11,2.7
EMP0016,BR02,2026-09-11,2.6
EMP0017,BR02,2026-09-11,2.6
EMP0007,BR02,2026-09-12,2.7
EMP0009,BR02,2026-09-12,2.8
EMP0010,BR02,2026-09-12,2.5
EMP0015,BR02,2026-09-12,3.1
EMP0016,BR02,2026-09-12,2.9
EMP0017,BR02,2026-09-12,2.7
EMP0010,BR02,2026-09-13,2.4
EMP0012,BR02,2026-09-13,2.5
EMP0015,BR02,2026-09-13,2.6
EMP0016,BR02,2026-09-13,2.5
EMP0017,BR02,2026-09-13,2.8
EMP0007,BR02,2026-09-14,2.7
EMP0009,BR02,2026-09-14,2.4
EMP0010,BR02,2026-09-14,2.9
EMP0011,BR02,2026-09-14,2.8
EMP0012,BR02,2026-09-14,2.4
EMP0013,BR02,2026-09-14,2.7
EMP0014,BR02,2026-09-14,2.3
EMP0015,BR02,2026-09-14,2.1
EMP0017,BR02,2026-09-14,2.6
EMP0007,BR02,2026-09-15,3.1
EMP0008,BR02,2026-09-15,2.7
EMP0011,BR02,2026-09-15,2.6
EMP0012,BR02,2026-09-15,2.7
EMP0014,BR02,2026-09-15,2.7
EMP0017,BR02,2026-09-15,2.8
EMP0007,BR02,2026-09-16,2.1
EMP0009,BR02,2026-09-16,3.1
EMP0010,BR02,2026-09-16,2.8
EMP0012,BR02,2026-09-16,2.7
EMP0013,BR02,2026-09-16,2.7
EMP0015,BR02,2026-09-16,2.8
EMP0007,BR02,2026-09-17,2.8
EMP0008,BR02,2026-09-17,2.8
EMP0009,BR02,2026-09-17,3.1
EMP0010,BR02,2026-09-17,2.7
EMP0012,BR02,2026-09-17,2.3
EMP0014,BR02,2026-09-17,2.3
EMP0015,BR02,2026-09-17,3.0
EMP0017,BR02,2026-09-17,2.0
EMP0007,BR02,2026-09-18,3.2
EMP0010,BR02,2026-09-18,2.2
EMP0011,BR02,2026-09-18,2.7
EMP0012,BR02,2026-09-18,2.3
EMP0013,BR02,2026-09-18,2.4
EMP0015,BR02,2026-09-18,2.7
EMP0017,BR02,2026-09-18,2.5
EMP0007,BR02,2026-09-19,2.3
EMP0008,BR02,2026-09-19,2.6
EMP0009,BR02,2026-09-19,2.7
EMP0010,BR02,2026-09-19,2.5
EMP0011,BR02,2026-09-19,3.3
EMP0012,BR02,2026-09-19,2.3
EMP0013,BR02,2026-09-19,2.3
EMP0014,BR02,2026-09-19,2.6
EMP0015,BR02,2026-09-19,3.2
EMP0017,BR02,2026-09-19,2.8
EMP0007,BR02,2026-09-20,2.9
EMP0008,BR02,2026-09-20,3.0
EMP0010,BR02,2026-09-20,2.3
EMP0011,BR02,2026-09-20,2.5
EMP0012,BR02,2026-09-20,2.6
EMP0013,BR02,2026-09-20,2.8
EMP0015,BR02,2026-09-20,2.4
EMP0016,BR02,2026-09-20,2.6
EMP0018,BR03,2026-04-01,2.1
EMP0019,BR03,2026-04-01,2.1
EMP0020,BR03,2026-04-01,2.1
EMP0021,BR03,2026-04-01,2.1
EMP0022,BR03,2026-04-01,2.0
EMP0023,BR03,2026-04-01,1.7
EMP0024,BR03,2026-04-01,1.9
EMP0025,BR03,2026-04-01,1.9
EMP0026,BR03,2026-04-01,2.1
EMP0028,BR03,2026-04-01,2.1
EMP0029,BR03,2026-04-01,2.1
EMP0030,BR03,2026-04-01,2.1
EMP0018,BR03,2026-04-02,2.1
EMP0019,BR03,2026-04-02,2.1
EMP0020,BR03,2026-04-02,2.1
EMP0021,BR03,2026-04-02,2.0
EMP0022,BR03,2026-04-02,2.1
EMP0023,BR03,2026-04-02,2.1
EMP0024,BR03,2026-04-02,2.1
EMP0025,BR03,2026-04-02,2.0
EMP0026,BR03,2026-04-02,2.1
EMP0027,BR03,2026-04-02,2.1
EMP0028,BR03,2026-04-02,2.0
EMP0029,BR03,2026-04-02,2.1
EMP0030,BR03,2026-04-02,2.1
EMP0018,BR03,2026-04-03,2.1
EMP0019,BR03,2026-04-03,2.1
EMP0020,BR03,2026-04-03,2.1
EMP0021,BR03,2026-04-03,2.1
EMP0022,BR03,2026-04-03,2.1
EMP0023,BR03,2026-04-03,2.0
EMP0024,BR03,2026-04-03,2.1
EMP0025,BR03,2026-04-03,2.1
EMP0026,BR03,2026-04-03,2.1
EMP0027,BR03,2026-04-03,2.1
EMP0028,BR03,2026-04-03,2.1
EMP0029,BR03,2026-04-03,2.1
EMP0030,BR03,2026-04-03,2.1
EMP0018,BR03,2026-04-04,1.9
EMP0019,BR03,2026-04-04,1.9
EMP0020,BR03,2026-04-04,2.1
EMP0021,BR03,2026-04-04,2.1
EMP0022,BR03,2026-04-04,2.1
EMP0023,BR03,2026-04-04,2.1
EMP0024,BR03,2026-04-04,2.1
EMP0025,BR03,2026-04-04,2.1
EMP0026,BR03,2026-04-04,2.1
EMP0027,BR03,2026-04-04,2.1
EMP0028,BR03,2026-04-04,2.1
EMP0029,BR03,2026-04-04,2.1
EMP0030,BR03,2026-04-04,2.1
EMP0018,BR03,2026-04-05,2.1
EMP0019,BR03,2026-04-05,2.1
EMP0020,BR03,2026-04-05,2.1
EMP0021,BR03,2026-04-05,2.1
EMP0022,BR03,2026-04-05,2.0
EMP0023,BR03,2026-04-05,2.1
EMP0024,BR03,2026-04-05,1.8
EMP0025,BR03,2026-04-05,2.1
EMP0026,BR03,2026-04-05,2.1
EMP0027,BR03,2026-04-05,2.1
EMP0028,BR03,2026-04-05,2.1
EMP0029,BR03,2026-04-05,2.1
EMP0030,BR03,2026-04-05,2.0
EMP0018,BR03,2026-04-06,2.1
EMP0019,BR03,2026-04-06,2.1
EMP0020,BR03,2026-04-06,2.0
EMP0021,BR03,2026-04-06,2.1
EMP0022,BR03,2026-04-06,2.1
EMP0023,BR03,2026-04-06,2.1
EMP0024,BR03,2026-04-06,2.1
EMP0025,BR03,2026-04-06,2.1
EMP0026,BR03,2026-04-06,2.0
EMP0027,BR03,2026-04-06,2.1
EMP0028,BR03,2026-04-06,2.0
EMP0029,BR03,2026-04-06,2.1
EMP0030,BR03,2026-04-06,2.1
EMP0018,BR03,2026-04-07,2.1
EMP0019,BR03,2026-04-07,2.0
EMP0020,BR03,2026-04-07,2.1
EMP0021,BR03,2026-04-07,2.1
EMP0022,BR03,2026-04-07,2.1
EMP0023,BR03,2026-04-07,2.1
EMP0024,BR03,2026-04-07,2.1
EMP0025,BR03,2026-04-07,2.1
EMP0026,BR03,2026-04-07,2.1
EMP0027,BR03,2026-04-07,2.1
EMP0028,BR03,2026-04-07,2.1
EMP0029,BR03,2026-04-07,2.1
EMP0030,BR03,2026-04-07,2.1
EMP0018,BR03,2026-04-08,1.9
EMP0019,BR03,2026-04-08,2.1
EMP0022,BR03,2026-04-08,2.1
EMP0023,BR03,2026-04-08,2.1
EMP0024,BR03,2026-04-08,2.1
EMP0025,BR03,2026-04-08,2.1
EMP0026,BR03,2026-04-08,2.1
EMP0027,BR03,2026-04-08,2.1
EMP0028,BR03,2026-04-08,2.1
EMP0029,BR03,2026-04-08,2.1
EMP0030,BR03,2026-04-08,2.1
EMP0018,BR03,2026-04-09,2.1
EMP0019,BR03,2026-04-09,2.1
EMP0020,BR03,2026-04-09,2.1
EMP0021,BR03,2026-04-09,2.0
EMP0023,BR03,2026-04-09,2.1
EMP0024,BR03,2026-04-09,2.1
EMP0025,BR03,2026-04-09,2.1
EMP0026,BR03,2026-04-09,2.1
EMP0027,BR03,2026-04-09,2.1
EMP0028,BR03,2026-04-09,2.1
EMP0029,BR03,2026-04-09,2.1
EMP0030,BR03,2026-04-09,2.1
EMP0018,BR03,2026-04-10,2.0
EMP0019,BR03,2026-04-10,2.1
EMP0020,BR03,2026-04-10,2.1
EMP0021,BR03,2026-04-10,2.1
EMP0022,BR03,2026-04-10,2.1
EMP0023,BR03,2026-04-10,2.1
EMP0024,BR03,2026-04-10,2.1
EMP0025,BR03,2026-04-10,2.1
EMP0026,BR03,2026-04-10,2.0
EMP0027,BR03,2026-04-10,2.1
EMP0028,BR03,2026-04-10,2.1
EMP0029,BR03,2026-04-10,2.1
EMP0030,BR03,2026-04-10,2.1
EMP0018,BR03,2026-04-11,2.0
EMP0019,BR03,2026-04-11,2.0
EMP0020,BR03,2026-04-11,2.1
EMP0021,BR03,2026-04-11,2.1
EMP0022,BR03,2026-04-11,2.0
EMP0023,BR03,2026-04-11,2.1
EMP0024,BR03,2026-04-11,2.1
EMP0025,BR03,2026-04-11,2.0
EMP0026,BR03,2026-04-11,2.1
EMP0027,BR03,2026-04-11,1.9
EMP0028,BR03,2026-04-11,2.1
EMP0029,BR03,2026-04-11,2.1
EMP0030,BR03,2026-04-11,1.9
EMP0018,BR03,2026-04-12,2.1
EMP0019,BR03,2026-04-12,2.1
EMP0020,BR03,2026-04-12,2.1
EMP0021,BR03,2026-04-12,2.1
EMP0022,BR03,2026-04-12,1.9
EMP0023,BR03,2026-04-12,1.9
EMP0024,BR03,2026-04-12,2.0
EMP0025,BR03,2026-04-12,2.1
EMP0026,BR03,2026-04-12,1.9
EMP0027,BR03,2026-04-12,1.9
EMP0028,BR03,2026-04-12,2.1
EMP0029,BR03,2026-04-12,2.1
EMP0030,BR03,2026-04-12,2.0
EMP0018,BR03,2026-04-13,1.9
EMP0019,BR03,2026-04-13,1.9
EMP0020,BR03,2026-04-13,2.1
EMP0021,BR03,2026-04-13,2.1
EMP0022,BR03,2026-04-13,2.1
EMP0023,BR03,2026-04-13,1.9
EMP0024,BR03,2026-04-13,2.1
EMP0025,BR03,2026-04-13,2.1
EMP0026,BR03,2026-04-13,2.1
EMP0027,BR03,2026-04-13,2.1
EMP0028,BR03,2026-04-13,2.1
EMP0029,BR03,2026-04-13,2.1
EMP0030,BR03,2026-04-13,2.0
EMP0019,BR03,2026-04-14,2.0
EMP0020,BR03,2026-04-14,2.1
EMP0021,BR03,2026-04-14,2.1
EMP0022,BR03,2026-04-14,2.1
EMP0023,BR03,2026-04-14,2.1
EMP0024,BR03,2026-04-14,2.1
EMP0025,BR03,2026-04-14,2.1
EMP0026,BR03,2026-04-14,2.0
EMP0027,BR03,2026-04-14,2.1
EMP0028,BR03,2026-04-14,1.9
EMP0029,BR03,2026-04-14,2.1
EMP0030,BR03,2026-04-14,2.1
EMP0018,BR03,2026-04-15,2.1
EMP0019,BR03,2026-04-15,2.0
EMP0020,BR03,2026-04-15,2.1
EMP0021,BR03,2026-04-15,2.0
EMP0022,BR03,2026-04-15,2.1
EMP0024,BR03,2026-04-15,1.8
EMP0025,BR03,2026-04-15,2.1
EMP0026,BR03,2026-04-15,2.1
EMP0027,BR03,2026-04-15,1.9
EMP0028,BR03,2026-04-15,2.1
EMP0030,BR03,2026-04-15,2.1
EMP0018,BR03,2026-04-16,2.1
EMP0019,BR03,2026-04-16,1.9
EMP0020,BR03,2026-04-16,2.1
EMP0021,BR03,2026-04-16,2.1
EMP0022,BR03,2026-04-16,2.1
EMP0023,BR03,2026-04-16,1.8
EMP0024,BR03,2026-04-16,1.9
EMP0025,BR03,2026-04-16,2.0
EMP0027,BR03,2026-04-16,2.1
EMP0028,BR03,2026-04-16,2.1
EMP0029,BR03,2026-04-16,1.9
EMP0030,BR03,2026-04-16,2.1
EMP0018,BR03,2026-04-17,2.1
EMP0019,BR03,2026-04-17,2.1
EMP0020,BR03,2026-04-17,2.1
EMP0021,BR03,2026-04-17,1.9
EMP0022,BR03,2026-04-17,1.8
EMP0023,BR03,2026-04-17,2.1
EMP0024,BR03,2026-04-17,2.1
EMP0025,BR03,2026-04-17,2.0
EMP0026,BR03,2026-04-17,2.1
EMP0027,BR03,2026-04-17,2.1
EMP0028,BR03,2026-04-17,2.1
EMP0029,BR03,2026-04-17,2.1
EMP0030,BR03,2026-04-17,2.0
EMP0018,BR03,2026-04-18,2.0
EMP0019,BR03,2026-04-18,2.1
EMP0020,BR03,2026-04-18,1.9
EMP0021,BR03,2026-04-18,1.9
EMP0022,BR03,2026-04-18,2.0
EMP0023,BR03,2026-04-18,2.1
EMP0024,BR03,2026-04-18,2.0
EMP0025,BR03,2026-04-18,2.1
EMP0026,BR03,2026-04-18,2.1
EMP0027,BR03,2026-04-18,1.8
EMP0028,BR03,2026-04-18,2.1
EMP0029,BR03,2026-04-18,2.1
EMP0030,BR03,2026-04-18,2.1
EMP0018,BR03,2026-04-19,2.1
EMP0019,BR03,2026-04-19,2.1
EMP0020,BR03,2026-04-19,2.1
EMP0021,BR03,2026-04-19,1.9
EMP0022,BR03,2026-04-19,2.1
EMP0023,BR03,2026-04-19,1.9
EMP0024,BR03,2026-04-19,2.1
EMP0025,BR03,2026-04-19,2.1
EMP0026,BR03,2026-04-19,2.1
EMP0027,BR03,2026-04-19,2.0
EMP0028,BR03,2026-04-19,1.9
EMP0029,BR03,2026-04-19,2.1
EMP0030,BR03,2026-04-19,1.9
EMP0018,BR03,2026-04-20,2.1
EMP0019,BR03,2026-04-20,2.1
EMP0020,BR03,2026-04-20,2.1
EMP0021,BR03,2026-04-20,2.1
EMP0022,BR03,2026-04-20,2.1
EMP0023,BR03,2026-04-20,2.1
EMP0024,BR03,2026-04-20,2.1
EMP0025,BR03,2026-04-20,2.1
EMP0026,BR03,2026-04-20,2.1
EMP0027,BR03,2026-04-20,2.1
EMP0028,BR03,2026-04-20,2.1
EMP0029,BR03,2026-04-20,1.8
EMP0030,BR03,2026-04-20,2.1
EMP0018,BR03,2026-04-21,2.1
EMP0019,BR03,2026-04-21,2.1
EMP0020,BR03,2026-04-21,2.1
EMP0021,BR03,2026-04-21,1.9
EMP0022,BR03,2026-04-21,2.0
EMP0023,BR03,2026-04-21,2.1
EMP0024,BR03,2026-04-21,1.8
EMP0025,BR03,2026-04-21,2.1
EMP0026,BR03,2026-04-21,2.1
EMP0027,BR03,2026-04-21,2.1
EMP0028,BR03,2026-04-21,2.1
EMP0029,BR03,2026-04-21,2.0
EMP0030,BR03,2026-04-21,2.0
EMP0018,BR03,2026-04-22,2.1
EMP0019,BR03,2026-04-22,1.9
EMP0020,BR03,2026-04-22,2.0
EMP0021,BR03,2026-04-22,2.1
EMP0022,BR03,2026-04-22,2.1
EMP0023,BR03,2026-04-22,2.1
EMP0024,BR03,2026-04-22,2.1
EMP0025,BR03,2026-04-22,2.1
EMP0026,BR03,2026-04-22,2.1
EMP0027,BR03,2026-04-22,1.9
EMP0028,BR03,2026-04-22,2.1
EMP0029,BR03,2026-04-22,1.9
EMP0030,BR03,2026-04-22,2.1
EMP0018,BR03,2026-04-23,2.0
EMP0019,BR03,2026-04-23,1.8
EMP0020,BR03,2026-04-23,2.1
EMP0021,BR03,2026-04-23,2.1
EMP0022,BR03,2026-04-23,2.1
EMP0023,BR03,2026-04-23,2.1
EMP0024,BR03,2026-04-23,2.0
EMP0025,BR03,2026-04-23,2.1
EMP0026,BR03,2026-04-23,1.9
EMP0027,BR03,2026-04-23,2.1
EMP0028,BR03,2026-04-23,2.1
EMP0029,BR03,2026-04-23,2.1
EMP0030,BR03,2026-04-23,2.1
EMP0018,BR03,2026-04-24,2.1
EMP0019,BR03,2026-04-24,2.0
EMP0020,BR03,2026-04-24,1.9
EMP0021,BR03,2026-04-24,2.1
EMP0022,BR03,2026-04-24,1.8
EMP0023,BR03,2026-04-24,2.1
EMP0024,BR03,2026-04-24,2.0
EMP0025,BR03,2026-04-24,2.1
EMP0026,BR03,2026-04-24,2.0
EMP0027,BR03,2026-04-24,2.1
EMP0028,BR03,2026-04-24,1.9
EMP0029,BR03,2026-04-24,2.1
EMP0018,BR03,2026-04-25,2.0
EMP0019,BR03,2026-04-25,1.8
EMP0020,BR03,2026-04-25,2.0
EMP0021,BR03,2026-04-25,2.1
EMP0022,BR03,2026-04-25,2.1
EMP0023,BR03,2026-04-25,2.1
EMP0024,BR03,2026-04-25,2.1
EMP0025,BR03,2026-04-25,2.1
EMP0026,BR03,2026-04-25,2.0
EMP0027,BR03,2026-04-25,2.0
EMP0028,BR03,2026-04-25,1.9
EMP0029,BR03,2026-04-25,2.1
EMP0030,BR03,2026-04-25,2.1
EMP0018,BR03,2026-04-26,2.1
EMP0019,BR03,2026-04-26,2.1
EMP0020,BR03,2026-04-26,2.1
EMP0021,BR03,2026-04-26,2.1
EMP0022,BR03,2026-04-26,2.1
EMP0023,BR03,2026-04-26,2.1
EMP0024,BR03,2026-04-26,2.0
EMP0025,BR03,2026-04-26,2.1
EMP0026,BR03,2026-04-26,2.1
EMP0027,BR03,2026-04-26,2.1
EMP0028,BR03,2026-04-26,2.1
EMP0029,BR03,2026-04-26,2.1
EMP0030,BR03,2026-04-26,2.1
EMP0018,BR03,2026-04-27,2.1
EMP0019,BR03,2026-04-27,2.1
EMP0020,BR03,2026-04-27,2.1
EMP0021,BR03,2026-04-27,2.0
EMP0022,BR03,2026-04-27,2.1
EMP0023,BR03,2026-04-27,2.1
EMP0024,BR03,2026-04-27,2.1
EMP0025,BR03,2026-04-27,2.1
EMP0026,BR03,2026-04-27,2.1
EMP0027,BR03,2026-04-27,2.1
EMP0028,BR03,2026-04-27,2.0
EMP0029,BR03,2026-04-27,2.1
EMP0030,BR03,2026-04-27,2.1
EMP0019,BR03,2026-04-28,2.1
EMP0020,BR03,2026-04-28,2.1
EMP0021,BR03,2026-04-28,2.0
EMP0022,BR03,2026-04-28,2.1
EMP0023,BR03,2026-04-28,2.1
EMP0024,BR03,2026-04-28,2.0
EMP0025,BR03,2026-04-28,2.1
EMP0026,BR03,2026-04-28,2.1
EMP0027,BR03,2026-04-28,2.0
EMP0028,BR03,2026-04-28,2.1
EMP0029,BR03,2026-04-28,2.0
EMP0030,BR03,2026-04-28,2.1
EMP0018,BR03,2026-04-29,2.1
EMP0019,BR03,2026-04-29,2.1
EMP0020,BR03,2026-04-29,2.1
EMP0021,BR03,2026-04-29,2.1
EMP0022,BR03,2026-04-29,2.1
EMP0023,BR03,2026-04-29,2.1
EMP0024,BR03,2026-04-29,2.1
EMP0025,BR03,2026-04-29,2.1
EMP0026,BR03,2026-04-29,2.1
EMP0027,BR03,2026-04-29,2.1
EMP0028,BR03,2026-04-29,2.0
EMP0018,BR03,2026-04-30,2.1
EMP0019,BR03,2026-04-30,2.1
EMP0020,BR03,2026-04-30,2.0
EMP0021,BR03,2026-04-30,2.0
EMP0022,BR03,2026-04-30,1.9
EMP0023,BR03,2026-04-30,2.1
EMP0024,BR03,2026-04-30,2.1
EMP0025,BR03,2026-04-30,2.0
EMP0026,BR03,2026-04-30,1.9
EMP0027,BR03,2026-04-30,2.0
EMP0028,BR03,2026-04-30,2.1
EMP0029,BR03,2026-04-30,2.1
EMP0018,BR03,2026-05-01,2.1
EMP0019,BR03,2026-05-01,2.1
EMP0020,BR03,2026-05-01,2.0
EMP0021,BR03,2026-05-01,1.9
EMP0022,BR03,2026-05-01,2.1
EMP0024,BR03,2026-05-01,2.1
EMP0025,BR03,2026-05-01,2.1
EMP0026,BR03,2026-05-01,1.9
EMP0027,BR03,2026-05-01,2.0
EMP0028,BR03,2026-05-01,1.9
EMP0029,BR03,2026-05-01,2.1
EMP0030,BR03,2026-05-01,2.1
EMP0019,BR03,2026-05-02,2.1
EMP0020,BR03,2026-05-02,2.1
EMP0021,BR03,2026-05-02,1.7
EMP0022,BR03,2026-05-02,2.1
EMP0023,BR03,2026-05-02,1.9
EMP0024,BR03,2026-05-02,2.0
EMP0025,BR03,2026-05-02,2.1
EMP0026,BR03,2026-05-02,2.0
EMP0027,BR03,2026-05-02,2.1
EMP0028,BR03,2026-05-02,2.1
EMP0029,BR03,2026-05-02,2.1
EMP0018,BR03,2026-05-03,1.9
EMP0019,BR03,2026-05-03,2.0
EMP0020,BR03,2026-05-03,1.9
EMP0021,BR03,2026-05-03,2.1
EMP0022,BR03,2026-05-03,2.1
EMP0023,BR03,2026-05-03,2.1
EMP0024,BR03,2026-05-03,2.1
EMP0025,BR03,2026-05-03,2.1
EMP0026,BR03,2026-05-03,2.1
EMP0027,BR03,2026-05-03,2.0
EMP0028,BR03,2026-05-03,2.1
EMP0029,BR03,2026-05-03,1.9
EMP0030,BR03,2026-05-03,1.8
EMP0018,BR03,2026-05-04,2.0
EMP0019,BR03,2026-05-04,2.1
EMP0020,BR03,2026-05-04,2.1
EMP0021,BR03,2026-05-04,2.1
EMP0022,BR03,2026-05-04,2.0
EMP0023,BR03,2026-05-04,2.1
EMP0024,BR03,2026-05-04,2.1
EMP0025,BR03,2026-05-04,2.0
EMP0026,BR03,2026-05-04,1.9
EMP0027,BR03,2026-05-04,2.1
EMP0028,BR03,2026-05-04,2.0
EMP0029,BR03,2026-05-04,2.1
EMP0030,BR03,2026-05-04,2.1
EMP0018,BR03,2026-05-05,2.1
EMP0019,BR03,2026-05-05,2.1
EMP0020,BR03,2026-05-05,2.0
EMP0021,BR03,2026-05-05,1.8
EMP0022,BR03,2026-05-05,1.9
EMP0023,BR03,2026-05-05,2.0
EMP0024,BR03,2026-05-05,2.1
EMP0025,BR03,2026-05-05,2.0
EMP0026,BR03,2026-05-05,1.9
EMP0028,BR03,2026-05-05,2.1
EMP0029,BR03,2026-05-05,2.1
EMP0030,BR03,2026-05-05,2.1
EMP0018,BR03,2026-05-06,2.1
EMP0019,BR03,2026-05-06,2.1
EMP0020,BR03,2026-05-06,2.1
EMP0021,BR03,2026-05-06,2.1
EMP0022,BR03,2026-05-06,2.1
EMP0023,BR03,2026-05-06,1.9
EMP0024,BR03,2026-05-06,1.9
EMP0025,BR03,2026-05-06,2.1
EMP0026,BR03,2026-05-06,2.0
EMP0027,BR03,2026-05-06,2.1
EMP0028,BR03,2026-05-06,1.9
EMP0029,BR03,2026-05-06,2.1
EMP0030,BR03,2026-05-06,2.0
EMP0018,BR03,2026-05-07,1.9
EMP0019,BR03,2026-05-07,1.9
EMP0020,BR03,2026-05-07,2.1
EMP0021,BR03,2026-05-07,2.1
EMP0022,BR03,2026-05-07,2.1
EMP0023,BR03,2026-05-07,2.0
EMP0024,BR03,2026-05-07,1.9
EMP0025,BR03,2026-05-07,2.1
EMP0026,BR03,2026-05-07,2.1
EMP0027,BR03,2026-05-07,1.9
EMP0028,BR03,2026-05-07,2.1
EMP0029,BR03,2026-05-07,2.1
EMP0018,BR03,2026-05-08,2.1
EMP0019,BR03,2026-05-08,2.0
EMP0020,BR03,2026-05-08,2.0
EMP0021,BR03,2026-05-08,1.9
EMP0022,BR03,2026-05-08,2.1
EMP0023,BR03,2026-05-08,2.1
EMP0024,BR03,2026-05-08,2.1
EMP0025,BR03,2026-05-08,2.0
EMP0026,BR03,2026-05-08,2.1
EMP0027,BR03,2026-05-08,2.1
EMP0028,BR03,2026-05-08,2.1
EMP0029,BR03,2026-05-08,2.1
EMP0030,BR03,2026-05-08,2.1
EMP0018,BR03,2026-05-09,2.1
EMP0019,BR03,2026-05-09,1.9
EMP0020,BR03,2026-05-09,1.9
EMP0021,BR03,2026-05-09,2.0
EMP0022,BR03,2026-05-09,1.9
EMP0023,BR03,2026-05-09,2.1
EMP0024,BR03,2026-05-09,2.1
EMP0025,BR03,2026-05-09,2.1
EMP0026,BR03,2026-05-09,2.1
EMP0027,BR03,2026-05-09,2.1
EMP0028,BR03,2026-05-09,2.0
EMP0029,BR03,2026-05-09,1.9
EMP0030,BR03,2026-05-09,1.9
EMP0018,BR03,2026-05-10,2.1
EMP0019,BR03,2026-05-10,2.0
EMP0020,BR03,2026-05-10,2.1
EMP0021,BR03,2026-05-10,1.9
EMP0022,BR03,2026-05-10,2.1
EMP0023,BR03,2026-05-10,2.1
EMP0024,BR03,2026-05-10,2.0
EMP0025,BR03,2026-05-10,2.0
EMP0026,BR03,2026-05-10,2.1
EMP0027,BR03,2026-05-10,2.1
EMP0028,BR03,2026-05-10,1.8
EMP0029,BR03,2026-05-10,2.1
EMP0030,BR03,2026-05-10,2.1
EMP0018,BR03,2026-05-11,2.1
EMP0019,BR03,2026-05-11,2.1
EMP0020,BR03,2026-05-11,2.1
EMP0021,BR03,2026-05-11,2.1
EMP0022,BR03,2026-05-11,2.1
EMP0023,BR03,2026-05-11,1.9
EMP0025,BR03,2026-05-11,2.1
EMP0026,BR03,2026-05-11,1.9
EMP0027,BR03,2026-05-11,2.1
EMP0028,BR03,2026-05-11,2.1
EMP0029,BR03,2026-05-11,2.0
EMP0030,BR03,2026-05-11,2.1
EMP0018,BR03,2026-05-12,2.0
EMP0020,BR03,2026-05-12,2.0
EMP0021,BR03,2026-05-12,2.0
EMP0022,BR03,2026-05-12,2.1
EMP0023,BR03,2026-05-12,2.1
EMP0024,BR03,2026-05-12,2.1
EMP0025,BR03,2026-05-12,2.1
EMP0026,BR03,2026-05-12,2.0
EMP0027,BR03,2026-05-12,2.1
EMP0028,BR03,2026-05-12,1.9
EMP0029,BR03,2026-05-12,1.8
EMP0030,BR03,2026-05-12,2.1
EMP0018,BR03,2026-05-13,2.0
EMP0019,BR03,2026-05-13,2.0
EMP0020,BR03,2026-05-13,2.1
EMP0021,BR03,2026-05-13,2.1
EMP0022,BR03,2026-05-13,2.1
EMP0023,BR03,2026-05-13,2.1
EMP0024,BR03,2026-05-13,2.0
EMP0025,BR03,2026-05-13,2.1
EMP0026,BR03,2026-05-13,2.0
EMP0027,BR03,2026-05-13,1.9
EMP0029,BR03,2026-05-13,2.1
EMP0030,BR03,2026-05-13,2.1
EMP0018,BR03,2026-05-14,2.1
EMP0019,BR03,2026-05-14,2.1
EMP0020,BR03,2026-05-14,2.1
EMP0021,BR03,2026-05-14,2.1
EMP0022,BR03,2026-05-14,2.1
EMP0023,BR03,2026-05-14,2.1
EMP0024,BR03,2026-05-14,2.1
EMP0025,BR03,2026-05-14,1.9
EMP0026,BR03,2026-05-14,2.0
EMP0027,BR03,2026-05-14,2.1
EMP0028,BR03,2026-05-14,1.9
EMP0029,BR03,2026-05-14,2.0
EMP0030,BR03,2026-05-14,2.1
EMP0018,BR03,2026-05-15,2.1
EMP0019,BR03,2026-05-15,2.1
EMP0020,BR03,2026-05-15,2.1
EMP0021,BR03,2026-05-15,2.1
EMP0022,BR03,2026-05-15,2.0
EMP0023,BR03,2026-05-15,2.1
EMP0024,BR03,2026-05-15,1.8
EMP0025,BR03,2026-05-15,2.1
EMP0026,BR03,2026-05-15,2.1
EMP0027,BR03,2026-05-15,2.1
EMP0028,BR03,2026-05-15,1.9
EMP0029,BR03,2026-05-15,2.1
EMP0030,BR03,2026-05-15,1.9
EMP0018,BR03,2026-05-16,2.0
EMP0019,BR03,2026-05-16,2.1
EMP0020,BR03,2026-05-16,2.1
EMP0023,BR03,2026-05-16,2.1
EMP0024,BR03,2026-05-16,1.9
EMP0025,BR03,2026-05-16,2.0
EMP0026,BR03,2026-05-16,2.1
EMP0027,BR03,2026-05-16,2.1
EMP0028,BR03,2026-05-16,2.1
EMP0029,BR03,2026-05-16,1.7
EMP0030,BR03,2026-05-16,2.1
EMP0018,BR03,2026-05-17,1.8
EMP0019,BR03,2026-05-17,1.9
EMP0020,BR03,2026-05-17,2.1
EMP0021,BR03,2026-05-17,2.1
EMP0022,BR03,2026-05-17,2.1
EMP0023,BR03,2026-05-17,2.1
EMP0024,BR03,2026-05-17,2.0
EMP0025,BR03,2026-05-17,2.1
EMP0026,BR03,2026-05-17,2.1
EMP0027,BR03,2026-05-17,2.1
EMP0028,BR03,2026-05-17,2.1
EMP0029,BR03,2026-05-17,2.1
EMP0030,BR03,2026-05-17,2.1
EMP0018,BR03,2026-05-18,2.1
EMP0019,BR03,2026-05-18,2.1
EMP0020,BR03,2026-05-18,2.1
EMP0021,BR03,2026-05-18,2.1
EMP0022,BR03,2026-05-18,2.1
EMP0023,BR03,2026-05-18,2.1
EMP0024,BR03,2026-05-18,2.1
EMP0025,BR03,2026-05-18,2.1
EMP0026,BR03,2026-05-18,2.1
EMP0027,BR03,2026-05-18,2.1
EMP0028,BR03,2026-05-18,1.9
EMP0029,BR03,2026-05-18,2.1
EMP0030,BR03,2026-05-18,2.1
EMP0018,BR03,2026-05-19,2.0
EMP0019,BR03,2026-05-19,2.1
EMP0020,BR03,2026-05-19,1.8
EMP0021,BR03,2026-05-19,2.1
EMP0022,BR03,2026-05-19,2.1
EMP0024,BR03,2026-05-19,2.0
EMP0025,BR03,2026-05-19,2.0
EMP0026,BR03,2026-05-19,2.0
EMP0027,BR03,2026-05-19,2.0
EMP0028,BR03,2026-05-19,2.1
EMP0029,BR03,2026-05-19,1.9
EMP0030,BR03,2026-05-19,2.1
EMP0018,BR03,2026-05-20,2.0
EMP0019,BR03,2026-05-20,2.1
EMP0020,BR03,2026-05-20,2.0
EMP0021,BR03,2026-05-20,2.1
EMP0022,BR03,2026-05-20,2.1
EMP0023,BR03,2026-05-20,1.9
EMP0024,BR03,2026-05-20,2.1
EMP0025,BR03,2026-05-20,1.9
EMP0026,BR03,2026-05-20,2.1
EMP0027,BR03,2026-05-20,2.1
EMP0028,BR03,2026-05-20,1.9
EMP0029,BR03,2026-05-20,2.0
EMP0030,BR03,2026-05-20,2.0
EMP0018,BR03,2026-05-21,2.0
EMP0019,BR03,2026-05-21,2.1
EMP0020,BR03,2026-05-21,2.1
EMP0021,BR03,2026-05-21,2.1
EMP0022,BR03,2026-05-21,2.1
EMP0024,BR03,2026-05-21,2.1
EMP0025,BR03,2026-05-21,2.1
EMP0026,BR03,2026-05-21,2.1
EMP0027,BR03,2026-05-21,2.1
EMP0028,BR03,2026-05-21,2.1
EMP0029,BR03,2026-05-21,2.1
EMP0018,BR03,2026-05-22,2.1
EMP0019,BR03,2026-05-22,2.1
EMP0021,BR03,2026-05-22,2.1
EMP0022,BR03,2026-05-22,2.1
EMP0023,BR03,2026-05-22,2.0
EMP0024,BR03,2026-05-22,2.1
EMP0025,BR03,2026-05-22,1.8
EMP0026,BR03,2026-05-22,2.1
EMP0027,BR03,2026-05-22,1.9
EMP0028,BR03,2026-05-22,1.9
EMP0029,BR03,2026-05-22,2.0
EMP0030,BR03,2026-05-22,1.9
EMP0018,BR03,2026-05-23,2.1
EMP0019,BR03,2026-05-23,2.1
EMP0020,BR03,2026-05-23,2.1
EMP0021,BR03,2026-05-23,1.9
EMP0022,BR03,2026-05-23,1.9
EMP0023,BR03,2026-05-23,2.1
EMP0024,BR03,2026-05-23,1.9
EMP0025,BR03,2026-05-23,2.1
EMP0026,BR03,2026-05-23,1.9
EMP0027,BR03,2026-05-23,2.1
EMP0028,BR03,2026-05-23,2.1
EMP0029,BR03,2026-05-23,1.9
EMP0018,BR03,2026-05-24,2.1
EMP0019,BR03,2026-05-24,2.0
EMP0020,BR03,2026-05-24,2.1
EMP0021,BR03,2026-05-24,2.1
EMP0022,BR03,2026-05-24,2.1
EMP0023,BR03,2026-05-24,2.1
EMP0024,BR03,2026-05-24,2.1
EMP0025,BR03,2026-05-24,2.1
EMP0026,BR03,2026-05-24,2.1
EMP0027,BR03,2026-05-24,2.0
EMP0028,BR03,2026-05-24,1.8
EMP0029,BR03,2026-05-24,1.9
EMP0030,BR03,2026-05-24,2.0
EMP0018,BR03,2026-05-25,2.0
EMP0019,BR03,2026-05-25,2.0
EMP0020,BR03,2026-05-25,2.1
EMP0021,BR03,2026-05-25,2.1
EMP0022,BR03,2026-05-25,2.1
EMP0023,BR03,2026-05-25,2.1
EMP0024,BR03,2026-05-25,2.0
EMP0025,BR03,2026-05-25,2.0
EMP0026,BR03,2026-05-25,2.1
EMP0027,BR03,2026-05-25,2.0
EMP0028,BR03,2026-05-25,2.1
EMP0029,BR03,2026-05-25,2.1
EMP0030,BR03,2026-05-25,2.0
EMP0018,BR03,2026-05-26,2.1
EMP0019,BR03,2026-05-26,2.1
EMP0021,BR03,2026-05-26,2.1
EMP0022,BR03,2026-05-26,2.0
EMP0023,BR03,2026-05-26,2.0
EMP0024,BR03,2026-05-26,2.1
EMP0025,BR03,2026-05-26,2.1
EMP0026,BR03,2026-05-26,2.1
EMP0027,BR03,2026-05-26,2.0
EMP0028,BR03,2026-05-26,2.1
EMP0029,BR03,2026-05-26,2.1
EMP0030,BR03,2026-05-26,2.1
EMP0018,BR03,2026-05-27,2.0
EMP0019,BR03,2026-05-27,2.1
EMP0020,BR03,2026-05-27,2.1
EMP0021,BR03,2026-05-27,2.1
EMP0022,BR03,2026-05-27,2.1
EMP0023,BR03,2026-05-27,2.0
EMP0025,BR03,2026-05-27,2.1
EMP0026,BR03,2026-05-27,2.1
EMP0027,BR03,2026-05-27,1.8
EMP0028,BR03,2026-05-27,2.0
EMP0030,BR03,2026-05-27,2.1
EMP0018,BR03,2026-05-28,2.1
EMP0019,BR03,2026-05-28,2.1
EMP0020,BR03,2026-05-28,1.8
EMP0021,BR03,2026-05-28,2.1
EMP0022,BR03,2026-05-28,2.1
EMP0023,BR03,2026-05-28,2.1
EMP0024,BR03,2026-05-28,2.1
EMP0025,BR03,2026-05-28,2.1
EMP0027,BR03,2026-05-28,2.0
EMP0028,BR03,2026-05-28,2.1
EMP0029,BR03,2026-05-28,2.1
EMP0030,BR03,2026-05-28,2.0
EMP0018,BR03,2026-05-29,2.1
EMP0019,BR03,2026-05-29,1.9
EMP0020,BR03,2026-05-29,2.0
EMP0021,BR03,2026-05-29,2.1
EMP0022,BR03,2026-05-29,2.1
EMP0023,BR03,2026-05-29,2.1
EMP0024,BR03,2026-05-29,2.1
EMP0026,BR03,2026-05-29,2.1
EMP0027,BR03,2026-05-29,2.1
EMP0028,BR03,2026-05-29,1.9
EMP0029,BR03,2026-05-29,2.1
EMP0030,BR03,2026-05-29,2.1
EMP0018,BR03,2026-05-30,1.9
EMP0020,BR03,2026-05-30,1.8
EMP0021,BR03,2026-05-30,2.1
EMP0022,BR03,2026-05-30,2.0
EMP0023,BR03,2026-05-30,1.9
EMP0024,BR03,2026-05-30,1.9
EMP0025,BR03,2026-05-30,2.0
EMP0026,BR03,2026-05-30,2.1
EMP0027,BR03,2026-05-30,2.1
EMP0028,BR03,2026-05-30,2.1
EMP0029,BR03,2026-05-30,1.8
EMP0030,BR03,2026-05-30,2.1
EMP0018,BR03,2026-05-31,1.9
EMP0019,BR03,2026-05-31,1.9
EMP0020,BR03,2026-05-31,1.9
EMP0021,BR03,2026-05-31,2.1
EMP0022,BR03,2026-05-31,2.0
EMP0023,BR03,2026-05-31,2.1
EMP0024,BR03,2026-05-31,2.1
EMP0025,BR03,2026-05-31,2.1
EMP0026,BR03,2026-05-31,2.1
EMP0027,BR03,2026-05-31,2.0
EMP0028,BR03,2026-05-31,2.1
EMP0029,BR03,2026-05-31,2.1
EMP0030,BR03,2026-05-31,1.8
EMP0018,BR03,2026-06-01,2.0
EMP0019,BR03,2026-06-01,1.9
EMP0020,BR03,2026-06-01,1.9
EMP0021,BR03,2026-06-01,2.1
EMP0022,BR03,2026-06-01,2.1
EMP0023,BR03,2026-06-01,1.9
EMP0024,BR03,2026-06-01,2.1
EMP0025,BR03,2026-06-01,2.1
EMP0026,BR03,2026-06-01,2.1
EMP0027,BR03,2026-06-01,2.1
EMP0028,BR03,2026-06-01,2.0
EMP0029,BR03,2026-06-01,2.1
EMP0030,BR03,2026-06-01,1.9
EMP0018,BR03,2026-06-02,2.1
EMP0019,BR03,2026-06-02,2.1
EMP0020,BR03,2026-06-02,2.1
EMP0021,BR03,2026-06-02,2.0
EMP0022,BR03,2026-06-02,2.1
EMP0023,BR03,2026-06-02,2.1
EMP0024,BR03,2026-06-02,2.1
EMP0025,BR03,2026-06-02,2.1
EMP0027,BR03,2026-06-02,2.1
EMP0028,BR03,2026-06-02,2.1
EMP0029,BR03,2026-06-02,2.0
EMP0030,BR03,2026-06-02,1.9
EMP0018,BR03,2026-06-03,2.1
EMP0019,BR03,2026-06-03,1.9
EMP0020,BR03,2026-06-03,2.0
EMP0021,BR03,2026-06-03,2.1
EMP0022,BR03,2026-06-03,2.0
EMP0023,BR03,2026-06-03,2.1
EMP0024,BR03,2026-06-03,2.0
EMP0025,BR03,2026-06-03,2.0
EMP0026,BR03,2026-06-03,2.1
EMP0027,BR03,2026-06-03,2.1
EMP0028,BR03,2026-06-03,2.1
EMP0029,BR03,2026-06-03,2.1
EMP0030,BR03,2026-06-03,2.0
EMP0018,BR03,2026-06-04,2.1
EMP0019,BR03,2026-06-04,2.1
EMP0020,BR03,2026-06-04,2.1
EMP0021,BR03,2026-06-04,2.1
EMP0022,BR03,2026-06-04,2.1
EMP0023,BR03,2026-06-04,2.1
EMP0024,BR03,2026-06-04,2.1
EMP0025,BR03,2026-06-04,2.0
EMP0026,BR03,2026-06-04,2.1
EMP0027,BR03,2026-06-04,2.1
EMP0028,BR03,2026-06-04,1.9
EMP0029,BR03,2026-06-04,2.1
EMP0030,BR03,2026-06-04,2.0
EMP0018,BR03,2026-06-05,2.1
EMP0019,BR03,2026-06-05,2.1
EMP0020,BR03,2026-06-05,2.1
EMP0021,BR03,2026-06-05,2.1
EMP0022,BR03,2026-06-05,2.1
EMP0023,BR03,2026-06-05,2.1
EMP0024,BR03,2026-06-05,2.1
EMP0025,BR03,2026-06-05,2.1
EMP0026,BR03,2026-06-05,2.1
EMP0027,BR03,2026-06-05,2.1
EMP0028,BR03,2026-06-05,2.0
EMP0029,BR03,2026-06-05,2.1
EMP0030,BR03,2026-06-05,2.1
EMP0018,BR03,2026-06-06,2.1
EMP0019,BR03,2026-06-06,1.9
EMP0021,BR03,2026-06-06,2.1
EMP0022,BR03,2026-06-06,2.1
EMP0023,BR03,2026-06-06,2.1
EMP0024,BR03,2026-06-06,2.1
EMP0025,BR03,2026-06-06,2.1
EMP0026,BR03,2026-06-06,2.1
EMP0027,BR03,2026-06-06,2.1
EMP0028,BR03,2026-06-06,2.1
EMP0029,BR03,2026-06-06,2.1
EMP0030,BR03,2026-06-06,2.1
EMP0018,BR03,2026-06-07,1.7
EMP0019,BR03,2026-06-07,2.1
EMP0020,BR03,2026-06-07,2.0
EMP0021,BR03,2026-06-07,2.0
EMP0022,BR03,2026-06-07,2.0
EMP0023,BR03,2026-06-07,2.1
EMP0024,BR03,2026-06-07,2.1
EMP0025,BR03,2026-06-07,2.1
EMP0026,BR03,2026-06-07,2.0
EMP0027,BR03,2026-06-07,2.1
EMP0028,BR03,2026-06-07,2.1
EMP0029,BR03,2026-06-07,2.1
EMP0030,BR03,2026-06-07,2.1
EMP0018,BR03,2026-06-08,2.1
EMP0019,BR03,2026-06-08,2.1
EMP0020,BR03,2026-06-08,1.9
EMP0021,BR03,2026-06-08,2.1
EMP0022,BR03,2026-06-08,2.1
EMP0023,BR03,2026-06-08,2.1
EMP0024,BR03,2026-06-08,2.1
EMP0025,BR03,2026-06-08,2.1
EMP0026,BR03,2026-06-08,2.1
EMP0027,BR03,2026-06-08,2.1
EMP0028,BR03,2026-06-08,2.1
EMP0029,BR03,2026-06-08,2.1
EMP0030,BR03,2026-06-08,2.0
EMP0018,BR03,2026-06-09,1.8
EMP0019,BR03,2026-06-09,2.1
EMP0020,BR03,2026-06-09,2.0
EMP0021,BR03,2026-06-09,2.1
EMP0022,BR03,2026-06-09,1.9
EMP0023,BR03,2026-06-09,2.1
EMP0024,BR03,2026-06-09,2.1
EMP0025,BR03,2026-06-09,1.9
EMP0026,BR03,2026-06-09,2.1
EMP0027,BR03,2026-06-09,2.0
EMP0028,BR03,2026-06-09,2.1
EMP0029,BR03,2026-06-09,2.1
EMP0030,BR03,2026-06-09,2.0
EMP0018,BR03,2026-06-10,2.1
EMP0019,BR03,2026-06-10,2.0
EMP0020,BR03,2026-06-10,1.9
EMP0021,BR03,2026-06-10,2.1
EMP0022,BR03,2026-06-10,2.1
EMP0023,BR03,2026-06-10,2.0
EMP0024,BR03,2026-06-10,2.1
EMP0025,BR03,2026-06-10,2.1
EMP0026,BR03,2026-06-10,2.1
EMP0027,BR03,2026-06-10,2.1
EMP0028,BR03,2026-06-10,2.1
EMP0029,BR03,2026-06-10,2.0
EMP0030,BR03,2026-06-10,2.1
EMP0018,BR03,2026-06-11,2.1
EMP0019,BR03,2026-06-11,2.1
EMP0020,BR03,2026-06-11,2.1
EMP0021,BR03,2026-06-11,2.0
EMP0022,BR03,2026-06-11,2.1
EMP0023,BR03,2026-06-11,2.1
EMP0024,BR03,2026-06-11,2.0
EMP0025,BR03,2026-06-11,2.1
EMP0026,BR03,2026-06-11,2.1
EMP0027,BR03,2026-06-11,2.1
EMP0028,BR03,2026-06-11,2.1
EMP0029,BR03,2026-06-11,2.1
EMP0030,BR03,2026-06-11,2.1
EMP0018,BR03,2026-06-12,2.0
EMP0019,BR03,2026-06-12,2.1
EMP0020,BR03,2026-06-12,2.1
EMP0021,BR03,2026-06-12,2.1
EMP0022,BR03,2026-06-12,2.1
EMP0023,BR03,2026-06-12,2.0
EMP0024,BR03,2026-06-12,2.1
EMP0025,BR03,2026-06-12,2.1
EMP0026,BR03,2026-06-12,2.1
EMP0027,BR03,2026-06-12,2.1
EMP0028,BR03,2026-06-12,2.1
EMP0029,BR03,2026-06-12,2.1
EMP0030,BR03,2026-06-12,2.0
EMP0018,BR03,2026-06-13,2.0
EMP0019,BR03,2026-06-13,2.0
EMP0020,BR03,2026-06-13,1.9
EMP0021,BR03,2026-06-13,2.1
EMP0022,BR03,2026-06-13,2.1
EMP0023,BR03,2026-06-13,2.0
EMP0024,BR03,2026-06-13,2.1
EMP0025,BR03,2026-06-13,2.1
EMP0026,BR03,2026-06-13,1.9
EMP0027,BR03,2026-06-13,2.1
EMP0028,BR03,2026-06-13,2.1
EMP0029,BR03,2026-06-13,2.0
EMP0030,BR03,2026-06-13,2.1
EMP0018,BR03,2026-06-14,1.9
EMP0019,BR03,2026-06-14,2.1
EMP0020,BR03,2026-06-14,2.1
EMP0021,BR03,2026-06-14,2.1
EMP0022,BR03,2026-06-14,2.1
EMP0023,BR03,2026-06-14,2.1
EMP0024,BR03,2026-06-14,1.9
EMP0027,BR03,2026-06-14,2.1
EMP0028,BR03,2026-06-14,2.1
EMP0029,BR03,2026-06-14,1.9
EMP0030,BR03,2026-06-14,2.1
EMP0018,BR03,2026-06-15,2.1
EMP0019,BR03,2026-06-15,2.1
EMP0020,BR03,2026-06-15,2.1
EMP0021,BR03,2026-06-15,2.0
EMP0022,BR03,2026-06-15,2.1
EMP0023,BR03,2026-06-15,2.0
EMP0024,BR03,2026-06-15,2.1
EMP0026,BR03,2026-06-15,2.1
EMP0027,BR03,2026-06-15,2.0
EMP0028,BR03,2026-06-15,2.1
EMP0029,BR03,2026-06-15,2.1
EMP0030,BR03,2026-06-15,2.1
EMP0018,BR03,2026-06-16,1.9
EMP0019,BR03,2026-06-16,2.1
EMP0020,BR03,2026-06-16,2.1
EMP0021,BR03,2026-06-16,2.1
EMP0022,BR03,2026-06-16,2.1
EMP0023,BR03,2026-06-16,2.1
EMP0024,BR03,2026-06-16,2.1
EMP0025,BR03,2026-06-16,2.1
EMP0026,BR03,2026-06-16,1.9
EMP0027,BR03,2026-06-16,2.1
EMP0028,BR03,2026-06-16,2.1
EMP0029,BR03,2026-06-16,2.0
EMP0030,BR03,2026-06-16,2.1
EMP0018,BR03,2026-06-17,2.1
EMP0019,BR03,2026-06-17,1.9
EMP0020,BR03,2026-06-17,2.1
EMP0021,BR03,2026-06-17,2.1
EMP0022,BR03,2026-06-17,2.1
EMP0023,BR03,2026-06-17,1.9
EMP0024,BR03,2026-06-17,2.1
EMP0025,BR03,2026-06-17,2.0
EMP0026,BR03,2026-06-17,2.1
EMP0027,BR03,2026-06-17,2.1
EMP0028,BR03,2026-06-17,2.1
EMP0029,BR03,2026-06-17,2.0
EMP0030,BR03,2026-06-17,2.0
EMP0018,BR03,2026-06-18,2.1
EMP0019,BR03,2026-06-18,1.9
EMP0020,BR03,2026-06-18,2.1
EMP0021,BR03,2026-06-18,2.1
EMP0022,BR03,2026-06-18,2.1
EMP0023,BR03,2026-06-18,2.1
EMP0024,BR03,2026-06-18,2.1
EMP0025,BR03,2026-06-18,2.1
EMP0026,BR03,2026-06-18,2.1
EMP0027,BR03,2026-06-18,2.1
EMP0029,BR03,2026-06-18,2.1
EMP0030,BR03,2026-06-18,2.1
EMP0018,BR03,2026-06-19,2.1
EMP0019,BR03,2026-06-19,2.1
EMP0020,BR03,2026-06-19,2.1
EMP0021,BR03,2026-06-19,2.1
EMP0022,BR03,2026-06-19,2.1
EMP0023,BR03,2026-06-19,2.1
EMP0024,BR03,2026-06-19,2.0
EMP0025,BR03,2026-06-19,2.0
EMP0026,BR03,2026-06-19,1.8
EMP0027,BR03,2026-06-19,2.1
EMP0028,BR03,2026-06-19,2.1
EMP0029,BR03,2026-06-19,2.1
EMP0030,BR03,2026-06-19,2.1
EMP0018,BR03,2026-06-20,2.1
EMP0020,BR03,2026-06-20,2.0
EMP0021,BR03,2026-06-20,2.1
EMP0022,BR03,2026-06-20,2.1
EMP0023,BR03,2026-06-20,2.1
EMP0024,BR03,2026-06-20,2.1
EMP0025,BR03,2026-06-20,2.0
EMP0026,BR03,2026-06-20,2.0
EMP0027,BR03,2026-06-20,2.1
EMP0028,BR03,2026-06-20,2.1
EMP0029,BR03,2026-06-20,2.1
EMP0030,BR03,2026-06-20,2.1
EMP0018,BR03,2026-06-21,2.1
EMP0019,BR03,2026-06-21,2.1
EMP0020,BR03,2026-06-21,2.1
EMP0021,BR03,2026-06-21,2.1
EMP0022,BR03,2026-06-21,1.9
EMP0023,BR03,2026-06-21,2.1
EMP0024,BR03,2026-06-21,2.1
EMP0025,BR03,2026-06-21,2.0
EMP0026,BR03,2026-06-21,2.1
EMP0027,BR03,2026-06-21,2.0
EMP0028,BR03,2026-06-21,1.8
EMP0029,BR03,2026-06-21,2.1
EMP0030,BR03,2026-06-21,2.0
EMP0018,BR03,2026-06-22,1.7
EMP0019,BR03,2026-06-22,2.1
EMP0020,BR03,2026-06-22,2.1
EMP0021,BR03,2026-06-22,1.9
EMP0022,BR03,2026-06-22,2.1
EMP0023,BR03,2026-06-22,2.0
EMP0024,BR03,2026-06-22,1.9
EMP0026,BR03,2026-06-22,2.1
EMP0027,BR03,2026-06-22,2.1
EMP0028,BR03,2026-06-22,2.1
EMP0029,BR03,2026-06-22,2.1
EMP0030,BR03,2026-06-22,2.0
EMP0018,BR03,2026-06-23,2.1
EMP0019,BR03,2026-06-23,1.9
EMP0020,BR03,2026-06-23,2.1
EMP0021,BR03,2026-06-23,2.0
EMP0022,BR03,2026-06-23,2.0
EMP0023,BR03,2026-06-23,2.1
EMP0024,BR03,2026-06-23,2.1
EMP0025,BR03,2026-06-23,2.0
EMP0026,BR03,2026-06-23,2.1
EMP0027,BR03,2026-06-23,2.1
EMP0028,BR03,2026-06-23,2.1
EMP0029,BR03,2026-06-23,2.1
EMP0018,BR03,2026-06-24,2.1
EMP0019,BR03,2026-06-24,2.1
EMP0021,BR03,2026-06-24,2.1
EMP0022,BR03,2026-06-24,2.1
EMP0024,BR03,2026-06-24,2.1
EMP0025,BR03,2026-06-24,2.1
EMP0026,BR03,2026-06-24,2.1
EMP0027,BR03,2026-06-24,2.1
EMP0028,BR03,2026-06-24,2.1
EMP0029,BR03,2026-06-24,2.1
EMP0018,BR03,2026-06-25,2.1
EMP0019,BR03,2026-06-25,2.1
EMP0020,BR03,2026-06-25,2.1
EMP0021,BR03,2026-06-25,2.1
EMP0022,BR03,2026-06-25,2.1
EMP0023,BR03,2026-06-25,2.0
EMP0024,BR03,2026-06-25,2.1
EMP0025,BR03,2026-06-25,2.1
EMP0026,BR03,2026-06-25,2.0
EMP0027,BR03,2026-06-25,2.1
EMP0029,BR03,2026-06-25,1.9
EMP0030,BR03,2026-06-25,2.1
EMP0018,BR03,2026-06-26,2.1
EMP0019,BR03,2026-06-26,2.0
EMP0020,BR03,2026-06-26,2.0
EMP0021,BR03,2026-06-26,2.1
EMP0022,BR03,2026-06-26,2.1
EMP0023,BR03,2026-06-26,2.0
EMP0024,BR03,2026-06-26,2.1
EMP0025,BR03,2026-06-26,2.1
EMP0026,BR03,2026-06-26,2.1
EMP0027,BR03,2026-06-26,2.1
EMP0028,BR03,2026-06-26,1.9
EMP0029,BR03,2026-06-26,2.1
EMP0030,BR03,2026-06-26,2.1
EMP0018,BR03,2026-06-27,2.0
EMP0019,BR03,2026-06-27,2.0
EMP0020,BR03,2026-06-27,2.1
EMP0021,BR03,2026-06-27,2.1
EMP0022,BR03,2026-06-27,1.9
EMP0023,BR03,2026-06-27,2.0
EMP0024,BR03,2026-06-27,2.0
EMP0025,BR03,2026-06-27,2.1
EMP0026,BR03,2026-06-27,2.1
EMP0027,BR03,2026-06-27,2.0
EMP0028,BR03,2026-06-27,2.1
EMP0029,BR03,2026-06-27,2.0
EMP0030,BR03,2026-06-27,2.1
EMP0018,BR03,2026-06-28,2.0
EMP0019,BR03,2026-06-28,2.1
EMP0020,BR03,2026-06-28,2.0
EMP0021,BR03,2026-06-28,2.0
EMP0022,BR03,2026-06-28,2.0
EMP0023,BR03,2026-06-28,2.1
EMP0024,BR03,2026-06-28,2.1
EMP0025,BR03,2026-06-28,2.1
EMP0026,BR03,2026-06-28,2.1
EMP0027,BR03,2026-06-28,1.9
EMP0028,BR03,2026-06-28,2.1
EMP0029,BR03,2026-06-28,2.0
EMP0030,BR03,2026-06-28,1.9
EMP0018,BR03,2026-06-29,2.1
EMP0019,BR03,2026-06-29,2.1
EMP0020,BR03,2026-06-29,2.1
EMP0021,BR03,2026-06-29,2.1
EMP0022,BR03,2026-06-29,2.0
EMP0023,BR03,2026-06-29,2.1
EMP0024,BR03,2026-06-29,2.1
EMP0025,BR03,2026-06-29,2.1
EMP0027,BR03,2026-06-29,2.0
EMP0028,BR03,2026-06-29,2.1
EMP0029,BR03,2026-06-29,2.1
EMP0019,BR03,2026-06-30,2.1
EMP0020,BR03,2026-06-30,1.8
EMP0021,BR03,2026-06-30,1.9
EMP0022,BR03,2026-06-30,2.1
EMP0023,BR03,2026-06-30,2.1
EMP0024,BR03,2026-06-30,2.1
EMP0025,BR03,2026-06-30,2.1
EMP0026,BR03,2026-06-30,2.0
EMP0027,BR03,2026-06-30,2.1
EMP0028,BR03,2026-06-30,2.1
EMP0029,BR03,2026-06-30,2.1
EMP0030,BR03,2026-06-30,1.9
EMP0018,BR03,2026-07-01,2.1
EMP0019,BR03,2026-07-01,1.9
EMP0020,BR03,2026-07-01,2.1
EMP0021,BR03,2026-07-01,2.1
EMP0022,BR03,2026-07-01,2.0
EMP0023,BR03,2026-07-01,2.0
EMP0024,BR03,2026-07-01,2.0
EMP0025,BR03,2026-07-01,2.1
EMP0026,BR03,2026-07-01,2.0
EMP0027,BR03,2026-07-01,2.1
EMP0028,BR03,2026-07-01,2.1
EMP0029,BR03,2026-07-01,2.1
EMP0030,BR03,2026-07-01,2.0
EMP0018,BR03,2026-07-02,2.1
EMP0019,BR03,2026-07-02,2.1
EMP0020,BR03,2026-07-02,2.1
EMP0021,BR03,2026-07-02,2.1
EMP0023,BR03,2026-07-02,2.1
EMP0024,BR03,2026-07-02,2.0
EMP0025,BR03,2026-07-02,2.0
EMP0026,BR03,2026-07-02,2.1
EMP0027,BR03,2026-07-02,2.0
EMP0028,BR03,2026-07-02,2.0
EMP0029,BR03,2026-07-02,2.1
EMP0030,BR03,2026-07-02,2.0
EMP0018,BR03,2026-07-03,2.1
EMP0019,BR03,2026-07-03,2.1
EMP0020,BR03,2026-07-03,2.1
EMP0021,BR03,2026-07-03,2.1
EMP0022,BR03,2026-07-03,1.9
EMP0023,BR03,2026-07-03,2.0
EMP0024,BR03,2026-07-03,2.0
EMP0025,BR03,2026-07-03,2.0
EMP0026,BR03,2026-07-03,2.1
EMP0027,BR03,2026-07-03,2.1
EMP0028,BR03,2026-07-03,2.1
EMP0029,BR03,2026-07-03,2.0
EMP0030,BR03,2026-07-03,2.0
EMP0018,BR03,2026-07-04,2.1
EMP0019,BR03,2026-07-04,2.1
EMP0020,BR03,2026-07-04,2.1
EMP0021,BR03,2026-07-04,2.1
EMP0022,BR03,2026-07-04,2.1
EMP0023,BR03,2026-07-04,2.1
EMP0024,BR03,2026-07-04,2.0
EMP0026,BR03,2026-07-04,1.9
EMP0027,BR03,2026-07-04,2.1
EMP0028,BR03,2026-07-04,2.1
EMP0030,BR03,2026-07-04,2.0
EMP0018,BR03,2026-07-05,1.9
EMP0019,BR03,2026-07-05,1.9
EMP0020,BR03,2026-07-05,1.9
EMP0021,BR03,2026-07-05,2.1
EMP0022,BR03,2026-07-05,2.1
EMP0023,BR03,2026-07-05,2.0
EMP0024,BR03,2026-07-05,2.1
EMP0025,BR03,2026-07-05,2.0
EMP0027,BR03,2026-07-05,2.1
EMP0028,BR03,2026-07-05,2.1
EMP0030,BR03,2026-07-05,2.1
EMP0018,BR03,2026-07-06,2.0
EMP0019,BR03,2026-07-06,2.1
EMP0020,BR03,2026-07-06,2.0
EMP0021,BR03,2026-07-06,2.1
EMP0022,BR03,2026-07-06,2.1
EMP0023,BR03,2026-07-06,2.0
EMP0024,BR03,2026-07-06,2.1
EMP0025,BR03,2026-07-06,2.1
EMP0026,BR03,2026-07-06,1.7
EMP0027,BR03,2026-07-06,2.1
EMP0028,BR03,2026-07-06,1.9
EMP0029,BR03,2026-07-06,2.1
EMP0030,BR03,2026-07-06,2.1
EMP0018,BR03,2026-07-07,2.1
EMP0019,BR03,2026-07-07,2.1
EMP0020,BR03,2026-07-07,1.9
EMP0021,BR03,2026-07-07,2.1
EMP0022,BR03,2026-07-07,2.1
EMP0023,BR03,2026-07-07,2.0
EMP0024,BR03,2026-07-07,2.1
EMP0025,BR03,2026-07-07,2.1
EMP0026,BR03,2026-07-07,2.1
EMP0027,BR03,2026-07-07,2.0
EMP0028,BR03,2026-07-07,2.1
EMP0029,BR03,2026-07-07,2.1
EMP0030,BR03,2026-07-07,2.1
EMP0018,BR03,2026-07-08,2.0
EMP0019,BR03,2026-07-08,2.1
EMP0020,BR03,2026-07-08,2.1
EMP0021,BR03,2026-07-08,1.9
EMP0022,BR03,2026-07-08,2.1
EMP0023,BR03,2026-07-08,2.1
EMP0024,BR03,2026-07-08,2.1
EMP0025,BR03,2026-07-08,2.1
EMP0026,BR03,2026-07-08,2.1
EMP0027,BR03,2026-07-08,2.1
EMP0028,BR03,2026-07-08,2.1
EMP0030,BR03,2026-07-08,1.8
EMP0018,BR03,2026-07-09,1.9
EMP0019,BR03,2026-07-09,2.0
EMP0020,BR03,2026-07-09,2.1
EMP0021,BR03,2026-07-09,1.9
EMP0022,BR03,2026-07-09,2.1
EMP0023,BR03,2026-07-09,2.1
EMP0024,BR03,2026-07-09,1.8
EMP0025,BR03,2026-07-09,2.0
EMP0027,BR03,2026-07-09,1.9
EMP0028,BR03,2026-07-09,2.1
EMP0029,BR03,2026-07-09,2.1
EMP0030,BR03,2026-07-09,2.1
EMP0018,BR03,2026-07-10,2.1
EMP0019,BR03,2026-07-10,2.0
EMP0020,BR03,2026-07-10,2.1
EMP0021,BR03,2026-07-10,2.1
EMP0022,BR03,2026-07-10,2.0
EMP0023,BR03,2026-07-10,2.1
EMP0024,BR03,2026-07-10,2.1
EMP0025,BR03,2026-07-10,2.1
EMP0026,BR03,2026-07-10,2.0
EMP0027,BR03,2026-07-10,2.1
EMP0028,BR03,2026-07-10,2.1
EMP0029,BR03,2026-07-10,2.1
EMP0030,BR03,2026-07-10,2.0
EMP0018,BR03,2026-07-11,2.1
EMP0020,BR03,2026-07-11,2.1
EMP0021,BR03,2026-07-11,2.1
EMP0022,BR03,2026-07-11,2.0
EMP0023,BR03,2026-07-11,2.1
EMP0024,BR03,2026-07-11,2.0
EMP0025,BR03,2026-07-11,1.9
EMP0027,BR03,2026-07-11,2.1
EMP0028,BR03,2026-07-11,2.1
EMP0029,BR03,2026-07-11,2.0
EMP0030,BR03,2026-07-11,2.1
EMP0018,BR03,2026-07-12,2.1
EMP0019,BR03,2026-07-12,1.9
EMP0020,BR03,2026-07-12,2.1
EMP0021,BR03,2026-07-12,2.0
EMP0022,BR03,2026-07-12,2.1
EMP0023,BR03,2026-07-12,2.1
EMP0024,BR03,2026-07-12,2.1
EMP0025,BR03,2026-07-12,2.1
EMP0026,BR03,2026-07-12,2.1
EMP0027,BR03,2026-07-12,2.1
EMP0028,BR03,2026-07-12,1.8
EMP0029,BR03,2026-07-12,2.0
EMP0030,BR03,2026-07-12,2.1
EMP0018,BR03,2026-07-13,2.1
EMP0019,BR03,2026-07-13,2.1
EMP0020,BR03,2026-07-13,2.1
EMP0021,BR03,2026-07-13,2.1
EMP0022,BR03,2026-07-13,2.1
EMP0024,BR03,2026-07-13,2.1
EMP0025,BR03,2026-07-13,2.1
EMP0026,BR03,2026-07-13,2.0
EMP0027,BR03,2026-07-13,2.1
EMP0028,BR03,2026-07-13,2.1
EMP0030,BR03,2026-07-13,2.1
EMP0018,BR03,2026-07-14,2.1
EMP0019,BR03,2026-07-14,2.1
EMP0020,BR03,2026-07-14,2.1
EMP0021,BR03,2026-07-14,2.0
EMP0022,BR03,2026-07-14,2.1
EMP0023,BR03,2026-07-14,2.1
EMP0024,BR03,2026-07-14,2.1
EMP0025,BR03,2026-07-14,2.1
EMP0026,BR03,2026-07-14,2.1
EMP0027,BR03,2026-07-14,2.0
EMP0028,BR03,2026-07-14,2.1
EMP0029,BR03,2026-07-14,2.1
EMP0030,BR03,2026-07-14,2.1
EMP0018,BR03,2026-07-15,2.0
EMP0019,BR03,2026-07-15,2.1
EMP0020,BR03,2026-07-15,2.1
EMP0021,BR03,2026-07-15,2.1
EMP0022,BR03,2026-07-15,2.1
EMP0024,BR03,2026-07-15,2.1
EMP0025,BR03,2026-07-15,2.1
EMP0026,BR03,2026-07-15,2.1
EMP0027,BR03,2026-07-15,2.1
EMP0028,BR03,2026-07-15,2.1
EMP0029,BR03,2026-07-15,2.1
EMP0030,BR03,2026-07-15,2.1
EMP0018,BR03,2026-07-16,2.0
EMP0019,BR03,2026-07-16,2.1
EMP0020,BR03,2026-07-16,1.9
EMP0021,BR03,2026-07-16,2.1
EMP0022,BR03,2026-07-16,2.1
EMP0023,BR03,2026-07-16,2.1
EMP0024,BR03,2026-07-16,2.1
EMP0025,BR03,2026-07-16,2.0
EMP0026,BR03,2026-07-16,2.1
EMP0027,BR03,2026-07-16,2.1
EMP0028,BR03,2026-07-16,2.1
EMP0029,BR03,2026-07-16,2.1
EMP0030,BR03,2026-07-16,2.0
EMP0018,BR03,2026-07-17,2.1
EMP0019,BR03,2026-07-17,2.1
EMP0020,BR03,2026-07-17,2.0
EMP0021,BR03,2026-07-17,2.1
EMP0022,BR03,2026-07-17,1.9
EMP0023,BR03,2026-07-17,2.1
EMP0024,BR03,2026-07-17,2.1
EMP0025,BR03,2026-07-17,2.0
EMP0026,BR03,2026-07-17,2.0
EMP0027,BR03,2026-07-17,2.1
EMP0028,BR03,2026-07-17,2.1
EMP0029,BR03,2026-07-17,2.1
EMP0030,BR03,2026-07-17,1.8
EMP0018,BR03,2026-07-18,2.0
EMP0019,BR03,2026-07-18,2.1
EMP0020,BR03,2026-07-18,2.1
EMP0021,BR03,2026-07-18,2.1
EMP0022,BR03,2026-07-18,2.1
EMP0023,BR03,2026-07-18,2.1
EMP0024,BR03,2026-07-18,1.9
EMP0025,BR03,2026-07-18,2.0
EMP0026,BR03,2026-07-18,2.0
EMP0027,BR03,2026-07-18,2.0
EMP0028,BR03,2026-07-18,2.1
EMP0029,BR03,2026-07-18,2.0
EMP0030,BR03,2026-07-18,1.9
EMP0018,BR03,2026-07-19,2.0
EMP0019,BR03,2026-07-19,2.0
EMP0021,BR03,2026-07-19,2.1
EMP0022,BR03,2026-07-19,2.1
EMP0023,BR03,2026-07-19,2.1
EMP0024,BR03,2026-07-19,2.1
EMP0025,BR03,2026-07-19,2.1
EMP0026,BR03,2026-07-19,2.1
EMP0027,BR03,2026-07-19,2.1
EMP0028,BR03,2026-07-19,2.1
EMP0029,BR03,2026-07-19,2.1
EMP0030,BR03,2026-07-19,2.1
EMP0018,BR03,2026-07-20,1.8
EMP0019,BR03,2026-07-20,2.1
EMP0020,BR03,2026-07-20,2.1
EMP0021,BR03,2026-07-20,2.0
EMP0022,BR03,2026-07-20,2.1
EMP0023,BR03,2026-07-20,2.1
EMP0024,BR03,2026-07-20,2.1
EMP0026,BR03,2026-07-20,1.9
EMP0027,BR03,2026-07-20,2.1
EMP0028,BR03,2026-07-20,2.0
EMP0029,BR03,2026-07-20,2.1
EMP0030,BR03,2026-07-20,2.0
EMP0019,BR03,2026-07-21,2.1
EMP0020,BR03,2026-07-21,2.0
EMP0021,BR03,2026-07-21,2.1
EMP0022,BR03,2026-07-21,2.0
EMP0023,BR03,2026-07-21,2.0
EMP0024,BR03,2026-07-21,2.1
EMP0026,BR03,2026-07-21,2.1
EMP0027,BR03,2026-07-21,2.0
EMP0028,BR03,2026-07-21,2.0
EMP0029,BR03,2026-07-21,2.0
EMP0018,BR03,2026-07-22,2.1
EMP0019,BR03,2026-07-22,2.1
EMP0020,BR03,2026-07-22,2.1
EMP0021,BR03,2026-07-22,2.1
EMP0022,BR03,2026-07-22,2.1
EMP0023,BR03,2026-07-22,2.1
EMP0024,BR03,2026-07-22,2.1
EMP0025,BR03,2026-07-22,2.0
EMP0026,BR03,2026-07-22,2.1
EMP0027,BR03,2026-07-22,2.0
EMP0029,BR03,2026-07-22,2.1
EMP0030,BR03,2026-07-22,2.1
EMP0019,BR03,2026-07-23,2.1
EMP0020,BR03,2026-07-23,2.1
EMP0021,BR03,2026-07-23,2.1
EMP0022,BR03,2026-07-23,2.1
EMP0023,BR03,2026-07-23,1.9
EMP0024,BR03,2026-07-23,2.1
EMP0025,BR03,2026-07-23,2.1
EMP0026,BR03,2026-07-23,2.1
EMP0027,BR03,2026-07-23,1.9
EMP0028,BR03,2026-07-23,2.1
EMP0029,BR03,2026-07-23,2.0
EMP0030,BR03,2026-07-23,2.0
EMP0018,BR03,2026-07-24,2.1
EMP0019,BR03,2026-07-24,1.9
EMP0020,BR03,2026-07-24,2.1
EMP0022,BR03,2026-07-24,2.0
EMP0023,BR03,2026-07-24,2.1
EMP0024,BR03,2026-07-24,2.0
EMP0025,BR03,2026-07-24,2.1
EMP0026,BR03,2026-07-24,2.1
EMP0027,BR03,2026-07-24,2.0
EMP0028,BR03,2026-07-24,2.1
EMP0029,BR03,2026-07-24,2.1
EMP0030,BR03,2026-07-24,1.9
EMP0018,BR03,2026-07-25,2.1
EMP0019,BR03,2026-07-25,2.1
EMP0020,BR03,2026-07-25,2.0
EMP0021,BR03,2026-07-25,2.1
EMP0022,BR03,2026-07-25,2.1
EMP0023,BR03,2026-07-25,2.1
EMP0024,BR03,2026-07-25,2.0
EMP0025,BR03,2026-07-25,2.1
EMP0026,BR03,2026-07-25,2.1
EMP0027,BR03,2026-07-25,2.1
EMP0028,BR03,2026-07-25,2.1
EMP0029,BR03,2026-07-25,1.6
EMP0030,BR03,2026-07-25,2.1
EMP0018,BR03,2026-07-26,2.1
EMP0019,BR03,2026-07-26,2.1
EMP0020,BR03,2026-07-26,2.1
EMP0021,BR03,2026-07-26,2.1
EMP0023,BR03,2026-07-26,2.1
EMP0024,BR03,2026-07-26,2.1
EMP0025,BR03,2026-07-26,2.1
EMP0027,BR03,2026-07-26,2.1
EMP0028,BR03,2026-07-26,2.1
EMP0029,BR03,2026-07-26,2.1
EMP0030,BR03,2026-07-26,2.0
EMP0018,BR03,2026-07-27,2.0
EMP0019,BR03,2026-07-27,2.1
EMP0020,BR03,2026-07-27,2.1
EMP0021,BR03,2026-07-27,2.0
EMP0022,BR03,2026-07-27,2.1
EMP0023,BR03,2026-07-27,2.1
EMP0025,BR03,2026-07-27,2.1
EMP0026,BR03,2026-07-27,2.1
EMP0027,BR03,2026-07-27,1.8
EMP0028,BR03,2026-07-27,2.1
EMP0029,BR03,2026-07-27,2.1
EMP0030,BR03,2026-07-27,2.0
EMP0018,BR03,2026-07-28,2.1
EMP0019,BR03,2026-07-28,2.0
EMP0020,BR03,2026-07-28,2.1
EMP0021,BR03,2026-07-28,2.1
EMP0022,BR03,2026-07-28,2.0
EMP0023,BR03,2026-07-28,2.1
EMP0024,BR03,2026-07-28,2.1
EMP0025,BR03,2026-07-28,2.0
EMP0026,BR03,2026-07-28,1.8
EMP0027,BR03,2026-07-28,2.0
EMP0028,BR03,2026-07-28,2.0
EMP0029,BR03,2026-07-28,2.0
EMP0030,BR03,2026-07-28,2.1
EMP0018,BR03,2026-07-29,2.1
EMP0019,BR03,2026-07-29,2.1
EMP0020,BR03,2026-07-29,2.1
EMP0021,BR03,2026-07-29,2.1
EMP0022,BR03,2026-07-29,1.8
EMP0023,BR03,2026-07-29,2.0
EMP0024,BR03,2026-07-29,2.1
EMP0025,BR03,2026-07-29,2.0
EMP0026,BR03,2026-07-29,2.0
EMP0027,BR03,2026-07-29,2.1
EMP0028,BR03,2026-07-29,2.1
EMP0029,BR03,2026-07-29,2.1
EMP0030,BR03,2026-07-29,2.1
EMP0018,BR03,2026-07-30,2.1
EMP0019,BR03,2026-07-30,2.1
EMP0020,BR03,2026-07-30,2.1
EMP0022,BR03,2026-07-30,1.9
EMP0023,BR03,2026-07-30,2.1
EMP0024,BR03,2026-07-30,2.1
EMP0025,BR03,2026-07-30,2.1
EMP0026,BR03,2026-07-30,2.0
EMP0027,BR03,2026-07-30,2.1
EMP0028,BR03,2026-07-30,2.1
EMP0029,BR03,2026-07-30,2.1
EMP0030,BR03,2026-07-30,1.9
EMP0018,BR03,2026-07-31,2.1
EMP0019,BR03,2026-07-31,1.6
EMP0020,BR03,2026-07-31,2.1
EMP0021,BR03,2026-07-31,2.1
EMP0022,BR03,2026-07-31,2.0
EMP0023,BR03,2026-07-31,1.9
EMP0024,BR03,2026-07-31,2.1
EMP0025,BR03,2026-07-31,2.1
EMP0026,BR03,2026-07-31,2.1
EMP0027,BR03,2026-07-31,1.9
EMP0028,BR03,2026-07-31,2.1
EMP0029,BR03,2026-07-31,2.0
EMP0030,BR03,2026-07-31,2.1
EMP0018,BR03,2026-08-01,2.3
EMP0019,BR03,2026-08-01,2.3
EMP0020,BR03,2026-08-01,2.3
EMP0021,BR03,2026-08-01,2.2
EMP0022,BR03,2026-08-01,2.3
EMP0023,BR03,2026-08-01,2.2
EMP0024,BR03,2026-08-01,2.3
EMP0025,BR03,2026-08-01,2.3
EMP0026,BR03,2026-08-01,2.3
EMP0027,BR03,2026-08-01,2.2
EMP0028,BR03,2026-08-01,2.1
EMP0029,BR03,2026-08-01,2.3
EMP0030,BR03,2026-08-01,2.3
EMP0018,BR03,2026-08-02,2.3
EMP0019,BR03,2026-08-02,2.3
EMP0020,BR03,2026-08-02,2.2
EMP0021,BR03,2026-08-02,2.3
EMP0022,BR03,2026-08-02,2.1
EMP0023,BR03,2026-08-02,2.2
EMP0024,BR03,2026-08-02,2.1
EMP0025,BR03,2026-08-02,2.2
EMP0026,BR03,2026-08-02,2.2
EMP0027,BR03,2026-08-02,2.3
EMP0028,BR03,2026-08-02,2.1
EMP0029,BR03,2026-08-02,2.3
EMP0030,BR03,2026-08-02,2.1
EMP0018,BR03,2026-08-03,2.2
EMP0020,BR03,2026-08-03,2.3
EMP0021,BR03,2026-08-03,2.3
EMP0022,BR03,2026-08-03,2.1
EMP0024,BR03,2026-08-03,1.9
EMP0025,BR03,2026-08-03,2.3
EMP0026,BR03,2026-08-03,2.2
EMP0027,BR03,2026-08-03,2.0
EMP0028,BR03,2026-08-03,2.3
EMP0029,BR03,2026-08-03,2.0
EMP0030,BR03,2026-08-03,2.3
EMP0018,BR03,2026-08-04,2.1
EMP0019,BR03,2026-08-04,2.1
EMP0020,BR03,2026-08-04,2.1
EMP0021,BR03,2026-08-04,2.2
EMP0022,BR03,2026-08-04,2.3
EMP0023,BR03,2026-08-04,2.1
EMP0024,BR03,2026-08-04,2.3
EMP0025,BR03,2026-08-04,2.3
EMP0026,BR03,2026-08-04,2.3
EMP0027,BR03,2026-08-04,2.3
EMP0028,BR03,2026-08-04,2.3
EMP0029,BR03,2026-08-04,2.3
EMP0030,BR03,2026-08-04,2.3
EMP0018,BR03,2026-08-05,2.2
EMP0020,BR03,2026-08-05,2.1
EMP0021,BR03,2026-08-05,2.3
EMP0023,BR03,2026-08-05,2.2
EMP0024,BR03,2026-08-05,2.3
EMP0025,BR03,2026-08-05,2.3
EMP0026,BR03,2026-08-05,2.2
EMP0027,BR03,2026-08-05,2.2
EMP0028,BR03,2026-08-05,2.3
EMP0029,BR03,2026-08-05,2.3
EMP0030,BR03,2026-08-05,2.2
EMP0018,BR03,2026-08-06,2.1
EMP0019,BR03,2026-08-06,2.0
EMP0020,BR03,2026-08-06,2.3
EMP0021,BR03,2026-08-06,2.1
EMP0022,BR03,2026-08-06,2.0
EMP0023,BR03,2026-08-06,2.1
EMP0024,BR03,2026-08-06,2.3
EMP0025,BR03,2026-08-06,2.1
EMP0026,BR03,2026-08-06,2.3
EMP0027,BR03,2026-08-06,2.2
EMP0028,BR03,2026-08-06,2.3
EMP0029,BR03,2026-08-06,2.3
EMP0030,BR03,2026-08-06,2.3
EMP0018,BR03,2026-08-07,2.3
EMP0019,BR03,2026-08-07,2.3
EMP0020,BR03,2026-08-07,2.1
EMP0021,BR03,2026-08-07,2.3
EMP0022,BR03,2026-08-07,2.2
EMP0023,BR03,2026-08-07,1.9
EMP0024,BR03,2026-08-07,2.3
EMP0025,BR03,2026-08-07,2.3
EMP0026,BR03,2026-08-07,2.2
EMP0027,BR03,2026-08-07,2.1
EMP0028,BR03,2026-08-07,2.0
EMP0029,BR03,2026-08-07,2.2
EMP0030,BR03,2026-08-07,2.1
EMP0018,BR03,2026-08-08,2.3
EMP0019,BR03,2026-08-08,2.2
EMP0020,BR03,2026-08-08,2.2
EMP0021,BR03,2026-08-08,2.3
EMP0022,BR03,2026-08-08,1.9
EMP0023,BR03,2026-08-08,2.3
EMP0024,BR03,2026-08-08,2.0
EMP0025,BR03,2026-08-08,2.3
EMP0026,BR03,2026-08-08,2.0
EMP0027,BR03,2026-08-08,2.3
EMP0028,BR03,2026-08-08,2.3
EMP0029,BR03,2026-08-08,2.0
EMP0030,BR03,2026-08-08,2.3
EMP0018,BR03,2026-08-09,2.2
EMP0019,BR03,2026-08-09,2.3
EMP0020,BR03,2026-08-09,2.2
EMP0021,BR03,2026-08-09,2.3
EMP0022,BR03,2026-08-09,2.2
EMP0023,BR03,2026-08-09,2.3
EMP0024,BR03,2026-08-09,2.3
EMP0025,BR03,2026-08-09,2.2
EMP0026,BR03,2026-08-09,2.2
EMP0027,BR03,2026-08-09,2.3
EMP0028,BR03,2026-08-09,2.2
EMP0029,BR03,2026-08-09,2.2
EMP0030,BR03,2026-08-09,2.3
EMP0018,BR03,2026-08-10,2.3
EMP0019,BR03,2026-08-10,2.3
EMP0020,BR03,2026-08-10,2.2
EMP0021,BR03,2026-08-10,2.3
EMP0022,BR03,2026-08-10,2.2
EMP0023,BR03,2026-08-10,2.2
EMP0024,BR03,2026-08-10,2.0
EMP0025,BR03,2026-08-10,2.1
EMP0026,BR03,2026-08-10,1.8
EMP0027,BR03,2026-08-10,2.0
EMP0028,BR03,2026-08-10,2.3
EMP0029,BR03,2026-08-10,2.2
EMP0030,BR03,2026-08-10,2.3
EMP0018,BR03,2026-08-11,2.3
EMP0020,BR03,2026-08-11,2.2
EMP0021,BR03,2026-08-11,2.3
EMP0022,BR03,2026-08-11,2.2
EMP0023,BR03,2026-08-11,2.1
EMP0024,BR03,2026-08-11,2.3
EMP0025,BR03,2026-08-11,2.3
EMP0027,BR03,2026-08-11,2.2
EMP0028,BR03,2026-08-11,2.3
EMP0029,BR03,2026-08-11,2.1
EMP0030,BR03,2026-08-11,2.3
EMP0018,BR03,2026-08-12,2.2
EMP0019,BR03,2026-08-12,2.3
EMP0022,BR03,2026-08-12,2.2
EMP0024,BR03,2026-08-12,2.3
EMP0025,BR03,2026-08-12,2.3
EMP0026,BR03,2026-08-12,2.3
EMP0027,BR03,2026-08-12,2.3
EMP0028,BR03,2026-08-12,2.2
EMP0029,BR03,2026-08-12,2.1
EMP0030,BR03,2026-08-12,2.3
EMP0018,BR03,2026-08-13,2.1
EMP0019,BR03,2026-08-13,2.2
EMP0020,BR03,2026-08-13,2.1
EMP0022,BR03,2026-08-13,2.0
EMP0023,BR03,2026-08-13,2.2
EMP0024,BR03,2026-08-13,2.3
EMP0027,BR03,2026-08-13,1.9
EMP0028,BR03,2026-08-13,2.0
EMP0029,BR03,2026-08-13,2.2
EMP0030,BR03,2026-08-13,2.3
EMP0018,BR03,2026-08-14,2.2
EMP0019,BR03,2026-08-14,2.3
EMP0020,BR03,2026-08-14,2.1
EMP0021,BR03,2026-08-14,2.1
EMP0022,BR03,2026-08-14,2.3
EMP0023,BR03,2026-08-14,2.2
EMP0025,BR03,2026-08-14,2.2
EMP0026,BR03,2026-08-14,2.3
EMP0027,BR03,2026-08-14,2.3
EMP0028,BR03,2026-08-14,2.0
EMP0029,BR03,2026-08-14,2.3
EMP0030,BR03,2026-08-14,2.1
EMP0018,BR03,2026-08-15,2.1
EMP0019,BR03,2026-08-15,2.2
EMP0020,BR03,2026-08-15,2.1
EMP0021,BR03,2026-08-15,2.3
EMP0022,BR03,2026-08-15,2.3
EMP0023,BR03,2026-08-15,2.2
EMP0024,BR03,2026-08-15,2.0
EMP0025,BR03,2026-08-15,2.3
EMP0026,BR03,2026-08-15,2.2
EMP0028,BR03,2026-08-15,2.3
EMP0029,BR03,2026-08-15,2.3
EMP0030,BR03,2026-08-15,2.1
EMP0018,BR03,2026-08-16,2.3
EMP0019,BR03,2026-08-16,2.1
EMP0020,BR03,2026-08-16,2.2
EMP0021,BR03,2026-08-16,2.3
EMP0022,BR03,2026-08-16,2.1
EMP0023,BR03,2026-08-16,2.3
EMP0024,BR03,2026-08-16,2.3
EMP0025,BR03,2026-08-16,2.3
EMP0026,BR03,2026-08-16,2.2
EMP0027,BR03,2026-08-16,2.2
EMP0028,BR03,2026-08-16,2.1
EMP0029,BR03,2026-08-16,2.3
EMP0030,BR03,2026-08-16,2.0
EMP0018,BR03,2026-08-17,2.3
EMP0019,BR03,2026-08-17,2.3
EMP0020,BR03,2026-08-17,2.2
EMP0021,BR03,2026-08-17,2.3
EMP0022,BR03,2026-08-17,2.2
EMP0023,BR03,2026-08-17,2.2
EMP0024,BR03,2026-08-17,2.0
EMP0025,BR03,2026-08-17,2.2
EMP0026,BR03,2026-08-17,2.3
EMP0027,BR03,2026-08-17,2.3
EMP0028,BR03,2026-08-17,2.1
EMP0029,BR03,2026-08-17,2.3
EMP0030,BR03,2026-08-17,2.3
EMP0018,BR03,2026-08-18,2.2
EMP0019,BR03,2026-08-18,2.0
EMP0020,BR03,2026-08-18,2.3
EMP0021,BR03,2026-08-18,2.3
EMP0022,BR03,2026-08-18,2.3
EMP0023,BR03,2026-08-18,2.2
EMP0024,BR03,2026-08-18,2.2
EMP0025,BR03,2026-08-18,2.1
EMP0026,BR03,2026-08-18,2.3
EMP0027,BR03,2026-08-18,2.2
EMP0028,BR03,2026-08-18,2.3
EMP0029,BR03,2026-08-18,2.1
EMP0030,BR03,2026-08-18,2.3
EMP0018,BR03,2026-08-19,2.3
EMP0019,BR03,2026-08-19,2.3
EMP0020,BR03,2026-08-19,2.3
EMP0021,BR03,2026-08-19,2.2
EMP0022,BR03,2026-08-19,2.2
EMP0023,BR03,2026-08-19,2.2
EMP0024,BR03,2026-08-19,2.0
EMP0025,BR03,2026-08-19,2.3
EMP0026,BR03,2026-08-19,2.3
EMP0027,BR03,2026-08-19,2.3
EMP0028,BR03,2026-08-19,2.3
EMP0029,BR03,2026-08-19,2.2
EMP0030,BR03,2026-08-19,2.1
EMP0018,BR03,2026-08-20,1.9
EMP0019,BR03,2026-08-20,2.3
EMP0020,BR03,2026-08-20,2.1
EMP0021,BR03,2026-08-20,2.2
EMP0022,BR03,2026-08-20,2.1
EMP0023,BR03,2026-08-20,2.3
EMP0024,BR03,2026-08-20,2.1
EMP0025,BR03,2026-08-20,2.1
EMP0026,BR03,2026-08-20,2.3
EMP0027,BR03,2026-08-20,2.1
EMP0028,BR03,2026-08-20,2.2
EMP0029,BR03,2026-08-20,2.3
EMP0030,BR03,2026-08-20,2.3
EMP0018,BR03,2026-08-21,2.3
EMP0019,BR03,2026-08-21,2.3
EMP0020,BR03,2026-08-21,2.3
EMP0021,BR03,2026-08-21,2.3
EMP0022,BR03,2026-08-21,2.2
EMP0023,BR03,2026-08-21,2.1
EMP0024,BR03,2026-08-21,2.3
EMP0025,BR03,2026-08-21,2.3
EMP0026,BR03,2026-08-21,1.9
EMP0027,BR03,2026-08-21,2.1
EMP0028,BR03,2026-08-21,2.3
EMP0029,BR03,2026-08-21,2.2
EMP0030,BR03,2026-08-21,2.1
EMP0018,BR03,2026-08-22,2.3
EMP0019,BR03,2026-08-22,2.3
EMP0020,BR03,2026-08-22,2.0
EMP0021,BR03,2026-08-22,2.3
EMP0022,BR03,2026-08-22,2.3
EMP0023,BR03,2026-08-22,2.1
EMP0024,BR03,2026-08-22,2.3
EMP0025,BR03,2026-08-22,2.2
EMP0026,BR03,2026-08-22,2.2
EMP0027,BR03,2026-08-22,2.2
EMP0028,BR03,2026-08-22,2.3
EMP0029,BR03,2026-08-22,2.1
EMP0030,BR03,2026-08-22,2.3
EMP0018,BR03,2026-08-23,2.3
EMP0019,BR03,2026-08-23,2.3
EMP0020,BR03,2026-08-23,2.3
EMP0021,BR03,2026-08-23,2.3
EMP0022,BR03,2026-08-23,2.3
EMP0023,BR03,2026-08-23,2.3
EMP0024,BR03,2026-08-23,2.3
EMP0025,BR03,2026-08-23,2.3
EMP0026,BR03,2026-08-23,2.2
EMP0027,BR03,2026-08-23,2.3
EMP0028,BR03,2026-08-23,2.2
EMP0029,BR03,2026-08-23,2.1
EMP0030,BR03,2026-08-23,2.1
EMP0018,BR03,2026-08-24,2.3
EMP0019,BR03,2026-08-24,2.3
EMP0020,BR03,2026-08-24,2.3
EMP0021,BR03,2026-08-24,1.9
EMP0022,BR03,2026-08-24,2.3
EMP0023,BR03,2026-08-24,2.1
EMP0024,BR03,2026-08-24,2.3
EMP0025,BR03,2026-08-24,2.1
EMP0026,BR03,2026-08-24,2.0
EMP0027,BR03,2026-08-24,2.3
EMP0028,BR03,2026-08-24,2.2
EMP0029,BR03,2026-08-24,2.2
EMP0030,BR03,2026-08-24,2.1
EMP0018,BR03,2026-08-25,2.2
EMP0019,BR03,2026-08-25,2.3
EMP0020,BR03,2026-08-25,2.1
EMP0021,BR03,2026-08-25,2.2
EMP0022,BR03,2026-08-25,2.1
EMP0023,BR03,2026-08-25,2.3
EMP0024,BR03,2026-08-25,2.2
EMP0025,BR03,2026-08-25,2.3
EMP0026,BR03,2026-08-25,2.3
EMP0027,BR03,2026-08-25,2.3
EMP0028,BR03,2026-08-25,2.3
EMP0029,BR03,2026-08-25,2.2
EMP0030,BR03,2026-08-25,2.3
EMP0018,BR03,2026-08-26,2.2
EMP0019,BR03,2026-08-26,2.3
EMP0020,BR03,2026-08-26,2.3
EMP0021,BR03,2026-08-26,2.3
EMP0022,BR03,2026-08-26,2.3
EMP0023,BR03,2026-08-26,2.3
EMP0024,BR03,2026-08-26,2.2
EMP0025,BR03,2026-08-26,2.3
EMP0026,BR03,2026-08-26,2.3
EMP0027,BR03,2026-08-26,2.2
EMP0028,BR03,2026-08-26,2.2
EMP0029,BR03,2026-08-26,2.1
EMP0030,BR03,2026-08-26,2.0
EMP0018,BR03,2026-08-27,2.2
EMP0019,BR03,2026-08-27,2.3
EMP0020,BR03,2026-08-27,2.1
EMP0021,BR03,2026-08-27,2.3
EMP0022,BR03,2026-08-27,2.3
EMP0023,BR03,2026-08-27,2.3
EMP0024,BR03,2026-08-27,2.3
EMP0025,BR03,2026-08-27,2.2
EMP0026,BR03,2026-08-27,2.2
EMP0027,BR03,2026-08-27,2.3
EMP0028,BR03,2026-08-27,2.3
EMP0029,BR03,2026-08-27,2.2
EMP0030,BR03,2026-08-27,2.2
EMP0018,BR03,2026-08-28,2.3
EMP0019,BR03,2026-08-28,2.3
EMP0020,BR03,2026-08-28,2.3
EMP0021,BR03,2026-08-28,2.3
EMP0022,BR03,2026-08-28,2.3
EMP0023,BR03,2026-08-28,2.3
EMP0024,BR03,2026-08-28,2.3
EMP0025,BR03,2026-08-28,2.3
EMP0027,BR03,2026-08-28,2.3
EMP0028,BR03,2026-08-28,2.2
EMP0029,BR03,2026-08-28,2.3
EMP0030,BR03,2026-08-28,2.1
EMP0018,BR03,2026-08-29,2.2
EMP0019,BR03,2026-08-29,2.3
EMP0020,BR03,2026-08-29,2.2
EMP0021,BR03,2026-08-29,2.2
EMP0022,BR03,2026-08-29,2.3
EMP0023,BR03,2026-08-29,2.3
EMP0024,BR03,2026-08-29,2.3
EMP0025,BR03,2026-08-29,2.0
EMP0026,BR03,2026-08-29,2.3
EMP0027,BR03,2026-08-29,2.3
EMP0028,BR03,2026-08-29,2.3
EMP0029,BR03,2026-08-29,2.3
EMP0030,BR03,2026-08-29,2.3
EMP0018,BR03,2026-08-30,2.3
EMP0019,BR03,2026-08-30,2.3
EMP0020,BR03,2026-08-30,2.3
EMP0021,BR03,2026-08-30,2.3
EMP0023,BR03,2026-08-30,2.3
EMP0024,BR03,2026-08-30,2.3
EMP0025,BR03,2026-08-30,2.2
EMP0026,BR03,2026-08-30,2.2
EMP0027,BR03,2026-08-30,2.3
EMP0028,BR03,2026-08-30,1.9
EMP0029,BR03,2026-08-30,2.3
EMP0030,BR03,2026-08-30,2.2
EMP0018,BR03,2026-08-31,2.3
EMP0019,BR03,2026-08-31,2.0
EMP0020,BR03,2026-08-31,2.3
EMP0021,BR03,2026-08-31,2.1
EMP0022,BR03,2026-08-31,2.1
EMP0023,BR03,2026-08-31,2.2
EMP0024,BR03,2026-08-31,2.3
EMP0025,BR03,2026-08-31,2.2
EMP0026,BR03,2026-08-31,2.1
EMP0027,BR03,2026-08-31,2.3
EMP0028,BR03,2026-08-31,2.3
EMP0029,BR03,2026-08-31,2.2
EMP0030,BR03,2026-08-31,2.3
EMP0018,BR03,2026-09-01,1.8
EMP0019,BR03,2026-09-01,1.9
EMP0020,BR03,2026-09-01,1.9
EMP0021,BR03,2026-09-01,1.9
EMP0022,BR03,2026-09-01,1.9
EMP0023,BR03,2026-09-01,1.8
EMP0024,BR03,2026-09-01,1.9
EMP0025,BR03,2026-09-01,1.9
EMP0026,BR03,2026-09-01,1.9
EMP0027,BR03,2026-09-01,1.8
EMP0028,BR03,2026-09-01,1.9
EMP0029,BR03,2026-09-01,1.9
EMP0030,BR03,2026-09-01,1.9
EMP0018,BR03,2026-09-02,1.8
EMP0019,BR03,2026-09-02,1.9
EMP0020,BR03,2026-09-02,1.9
EMP0021,BR03,2026-09-02,1.9
EMP0022,BR03,2026-09-02,1.9
EMP0023,BR03,2026-09-02,1.9
EMP0024,BR03,2026-09-02,1.9
EMP0025,BR03,2026-09-02,1.9
EMP0026,BR03,2026-09-02,1.9
EMP0027,BR03,2026-09-02,1.9
EMP0028,BR03,2026-09-02,1.9
EMP0029,BR03,2026-09-02,1.9
EMP0030,BR03,2026-09-02,1.9
EMP0018,BR03,2026-09-03,1.9
EMP0019,BR03,2026-09-03,1.9
EMP0020,BR03,2026-09-03,1.9
EMP0021,BR03,2026-09-03,1.9
EMP0023,BR03,2026-09-03,1.9
EMP0024,BR03,2026-09-03,1.9
EMP0025,BR03,2026-09-03,1.8
EMP0026,BR03,2026-09-03,1.9
EMP0027,BR03,2026-09-03,1.9
EMP0028,BR03,2026-09-03,1.7
EMP0029,BR03,2026-09-03,1.9
EMP0030,BR03,2026-09-03,1.8
EMP0018,BR03,2026-09-04,1.9
EMP0019,BR03,2026-09-04,1.9
EMP0020,BR03,2026-09-04,1.9
EMP0021,BR03,2026-09-04,1.8
EMP0022,BR03,2026-09-04,1.9
EMP0023,BR03,2026-09-04,1.9
EMP0024,BR03,2026-09-04,1.9
EMP0025,BR03,2026-09-04,1.9
EMP0026,BR03,2026-09-04,1.8
EMP0028,BR03,2026-09-04,1.9
EMP0029,BR03,2026-09-04,1.9
EMP0030,BR03,2026-09-04,1.9
EMP0018,BR03,2026-09-05,1.9
EMP0019,BR03,2026-09-05,1.9
EMP0020,BR03,2026-09-05,1.9
EMP0021,BR03,2026-09-05,1.6
EMP0022,BR03,2026-09-05,1.8
EMP0023,BR03,2026-09-05,1.9
EMP0024,BR03,2026-09-05,1.9
EMP0025,BR03,2026-09-05,1.9
EMP0026,BR03,2026-09-05,1.8
EMP0027,BR03,2026-09-05,1.9
EMP0028,BR03,2026-09-05,1.9
EMP0029,BR03,2026-09-05,1.7
EMP0030,BR03,2026-09-05,1.9
EMP0018,BR03,2026-09-06,1.9
EMP0020,BR03,2026-09-06,1.9
EMP0021,BR03,2026-09-06,1.8
EMP0022,BR03,2026-09-06,1.9
EMP0023,BR03,2026-09-06,1.9
EMP0024,BR03,2026-09-06,1.9
EMP0025,BR03,2026-09-06,1.8
EMP0026,BR03,2026-09-06,1.9
EMP0027,BR03,2026-09-06,1.8
EMP0028,BR03,2026-09-06,1.9
EMP0029,BR03,2026-09-06,1.9
EMP0030,BR03,2026-09-06,1.8
EMP0018,BR03,2026-09-07,1.9
EMP0019,BR03,2026-09-07,1.9
EMP0020,BR03,2026-09-07,1.9
EMP0021,BR03,2026-09-07,1.9
EMP0022,BR03,2026-09-07,1.9
EMP0023,BR03,2026-09-07,1.9
EMP0024,BR03,2026-09-07,1.9
EMP0025,BR03,2026-09-07,1.9
EMP0026,BR03,2026-09-07,1.9
EMP0027,BR03,2026-09-07,1.9
EMP0028,BR03,2026-09-07,1.9
EMP0029,BR03,2026-09-07,1.9
EMP0030,BR03,2026-09-07,1.9
EMP0018,BR03,2026-09-08,1.9
EMP0019,BR03,2026-09-08,1.9
EMP0020,BR03,2026-09-08,1.7
EMP0021,BR03,2026-09-08,1.7
EMP0023,BR03,2026-09-08,1.9
EMP0024,BR03,2026-09-08,1.9
EMP0025,BR03,2026-09-08,1.8
EMP0026,BR03,2026-09-08,1.9
EMP0027,BR03,2026-09-08,1.9
EMP0028,BR03,2026-09-08,1.9
EMP0029,BR03,2026-09-08,1.9
EMP0030,BR03,2026-09-08,1.9
EMP0018,BR03,2026-09-09,1.9
EMP0019,BR03,2026-09-09,1.9
EMP0020,BR03,2026-09-09,1.9
EMP0021,BR03,2026-09-09,1.9
EMP0022,BR03,2026-09-09,1.8
EMP0023,BR03,2026-09-09,1.9
EMP0024,BR03,2026-09-09,1.8
EMP0025,BR03,2026-09-09,1.9
EMP0026,BR03,2026-09-09,1.9
EMP0027,BR03,2026-09-09,1.8
EMP0028,BR03,2026-09-09,1.9
EMP0029,BR03,2026-09-09,1.8
EMP0030,BR03,2026-09-09,1.9
EMP0018,BR03,2026-09-10,1.9
EMP0019,BR03,2026-09-10,1.9
EMP0020,BR03,2026-09-10,1.9
EMP0021,BR03,2026-09-10,1.9
EMP0022,BR03,2026-09-10,1.9
EMP0023,BR03,2026-09-10,1.9
EMP0024,BR03,2026-09-10,1.9
EMP0025,BR03,2026-09-10,1.9
EMP0026,BR03,2026-09-10,1.9
EMP0027,BR03,2026-09-10,1.8
EMP0028,BR03,2026-09-10,1.8
EMP0029,BR03,2026-09-10,1.9
EMP0030,BR03,2026-09-10,1.8
EMP0018,BR03,2026-09-11,1.7
EMP0019,BR03,2026-09-11,1.9
EMP0020,BR03,2026-09-11,1.9
EMP0021,BR03,2026-09-11,1.8
EMP0022,BR03,2026-09-11,1.8
EMP0023,BR03,2026-09-11,1.9
EMP0024,BR03,2026-09-11,1.8
EMP0025,BR03,2026-09-11,1.9
EMP0026,BR03,2026-09-11,1.9
EMP0027,BR03,2026-09-11,1.8
EMP0028,BR03,2026-09-11,1.9
EMP0029,BR03,2026-09-11,1.9
EMP0030,BR03,2026-09-11,1.8
EMP0018,BR03,2026-09-12,1.8
EMP0019,BR03,2026-09-12,1.8
EMP0020,BR03,2026-09-12,1.9
EMP0021,BR03,2026-09-12,1.7
EMP0022,BR03,2026-09-12,1.9
EMP0023,BR03,2026-09-12,1.9
EMP0024,BR03,2026-09-12,1.8
EMP0025,BR03,2026-09-12,1.7
EMP0026,BR03,2026-09-12,1.9
EMP0027,BR03,2026-09-12,1.9
EMP0028,BR03,2026-09-12,1.9
EMP0029,BR03,2026-09-12,1.9
EMP0030,BR03,2026-09-12,1.9
EMP0018,BR03,2026-09-13,1.9
EMP0019,BR03,2026-09-13,1.9
EMP0020,BR03,2026-09-13,1.9
EMP0021,BR03,2026-09-13,1.8
EMP0022,BR03,2026-09-13,1.9
EMP0023,BR03,2026-09-13,1.9
EMP0025,BR03,2026-09-13,1.9
EMP0026,BR03,2026-09-13,1.9
EMP0027,BR03,2026-09-13,1.8
EMP0028,BR03,2026-09-13,1.8
EMP0029,BR03,2026-09-13,1.9
EMP0030,BR03,2026-09-13,1.9
EMP0018,BR03,2026-09-14,1.9
EMP0019,BR03,2026-09-14,1.9
EMP0020,BR03,2026-09-14,1.8
EMP0021,BR03,2026-09-14,1.9
EMP0022,BR03,2026-09-14,1.9
EMP0023,BR03,2026-09-14,1.9
EMP0024,BR03,2026-09-14,1.9
EMP0025,BR03,2026-09-14,1.7
EMP0026,BR03,2026-09-14,1.7
EMP0027,BR03,2026-09-14,1.9
EMP0028,BR03,2026-09-14,1.9
EMP0029,BR03,2026-09-14,1.9
EMP0030,BR03,2026-09-14,1.9
EMP0018,BR03,2026-09-15,1.7
EMP0019,BR03,2026-09-15,1.9
EMP0020,BR03,2026-09-15,1.9
EMP0021,BR03,2026-09-15,1.9
EMP0022,BR03,2026-09-15,1.9
EMP0023,BR03,2026-09-15,1.9
EMP0024,BR03,2026-09-15,1.9
EMP0025,BR03,2026-09-15,1.9
EMP0026,BR03,2026-09-15,1.8
EMP0027,BR03,2026-09-15,1.8
EMP0028,BR03,2026-09-15,1.8
EMP0029,BR03,2026-09-15,1.9
EMP0030,BR03,2026-09-15,1.9
EMP0018,BR03,2026-09-16,1.9
EMP0019,BR03,2026-09-16,1.9
EMP0020,BR03,2026-09-16,1.9
EMP0021,BR03,2026-09-16,1.9
EMP0022,BR03,2026-09-16,1.9
EMP0023,BR03,2026-09-16,1.7
EMP0024,BR03,2026-09-16,1.8
EMP0025,BR03,2026-09-16,1.9
EMP0026,BR03,2026-09-16,1.9
EMP0027,BR03,2026-09-16,1.9
EMP0028,BR03,2026-09-16,1.8
EMP0029,BR03,2026-09-16,1.9
EMP0030,BR03,2026-09-16,1.8
EMP0018,BR03,2026-09-17,1.9
EMP0019,BR03,2026-09-17,1.9
EMP0020,BR03,2026-09-17,1.9
EMP0021,BR03,2026-09-17,1.9
EMP0022,BR03,2026-09-17,1.9
EMP0023,BR03,2026-09-17,1.8
EMP0024,BR03,2026-09-17,1.9
EMP0025,BR03,2026-09-17,1.9
EMP0026,BR03,2026-09-17,1.6
EMP0027,BR03,2026-09-17,1.9
EMP0028,BR03,2026-09-17,1.9
EMP0029,BR03,2026-09-17,1.9
EMP0030,BR03,2026-09-17,1.9
EMP0018,BR03,2026-09-18,1.9
EMP0019,BR03,2026-09-18,1.9
EMP0020,BR03,2026-09-18,1.8
EMP0021,BR03,2026-09-18,1.8
EMP0022,BR03,2026-09-18,1.9
EMP0023,BR03,2026-09-18,1.9
EMP0024,BR03,2026-09-18,1.9
EMP0025,BR03,2026-09-18,1.9
EMP0027,BR03,2026-09-18,1.9
EMP0028,BR03,2026-09-18,1.8
EMP0029,BR03,2026-09-18,1.8
EMP0030,BR03,2026-09-18,1.9
EMP0018,BR03,2026-09-19,1.9
EMP0019,BR03,2026-09-19,1.9
EMP0020,BR03,2026-09-19,1.9
EMP0021,BR03,2026-09-19,1.9
EMP0022,BR03,2026-09-19,1.9
EMP0023,BR03,2026-09-19,1.8
EMP0024,BR03,2026-09-19,1.9
EMP0025,BR03,2026-09-19,1.9
EMP0026,BR03,2026-09-19,1.9
EMP0027,BR03,2026-09-19,1.9
EMP0028,BR03,2026-09-19,1.9
EMP0029,BR03,2026-09-19,1.8
EMP0030,BR03,2026-09-19,1.9
EMP0018,BR03,2026-09-20,1.7
EMP0019,BR03,2026-09-20,1.9
EMP0020,BR03,2026-09-20,1.9
EMP0021,BR03,2026-09-20,1.9
EMP0022,BR03,2026-09-20,1.6
EMP0023,BR03,2026-09-20,1.9
EMP0025,BR03,2026-09-20,1.9
EMP0026,BR03,2026-09-20,1.9
EMP0027,BR03,2026-09-20,1.9
EMP0028,BR03,2026-09-20,1.9
EMP0029,BR03,2026-09-20,1.9
EMP0030,BR03,2026-09-20,1.9
EMP0031,BR04,2026-04-01,2.0
EMP0032,BR04,2026-04-01,2.1
EMP0033,BR04,2026-04-01,2.2
EMP0034,BR04,2026-04-01,2.1
EMP0035,BR04,2026-04-01,2.1
EMP0036,BR04,2026-04-01,2.6
EMP0037,BR04,2026-04-01,2.1
EMP0038,BR04,2026-04-01,2.5
EMP0039,BR04,2026-04-01,2.2
EMP0040,BR04,2026-04-01,1.9
EMP0031,BR04,2026-04-02,2.2
EMP0032,BR04,2026-04-02,2.2
EMP0033,BR04,2026-04-02,2.2
EMP0034,BR04,2026-04-02,2.0
EMP0035,BR04,2026-04-02,2.1
EMP0036,BR04,2026-04-02,2.2
EMP0037,BR04,2026-04-02,2.1
EMP0039,BR04,2026-04-02,2.4
EMP0040,BR04,2026-04-02,2.1
EMP0031,BR04,2026-04-03,2.1
EMP0032,BR04,2026-04-03,2.2
EMP0033,BR04,2026-04-03,2.4
EMP0034,BR04,2026-04-03,2.0
EMP0035,BR04,2026-04-03,2.2
EMP0036,BR04,2026-04-03,2.1
EMP0038,BR04,2026-04-03,2.2
EMP0039,BR04,2026-04-03,2.4
EMP0040,BR04,2026-04-03,2.1
EMP0031,BR04,2026-04-04,2.0
EMP0032,BR04,2026-04-04,2.1
EMP0034,BR04,2026-04-04,2.1
EMP0035,BR04,2026-04-04,2.4
EMP0036,BR04,2026-04-04,1.9
EMP0037,BR04,2026-04-04,2.5
EMP0038,BR04,2026-04-04,2.3
EMP0039,BR04,2026-04-04,1.7
EMP0040,BR04,2026-04-04,2.2
EMP0031,BR04,2026-04-05,2.0
EMP0032,BR04,2026-04-05,2.1
EMP0033,BR04,2026-04-05,2.0
EMP0034,BR04,2026-04-05,2.4
EMP0036,BR04,2026-04-05,2.4
EMP0038,BR04,2026-04-05,2.1
EMP0039,BR04,2026-04-05,2.0
EMP0040,BR04,2026-04-05,2.0
EMP0031,BR04,2026-04-06,1.7
EMP0032,BR04,2026-04-06,2.1
EMP0033,BR04,2026-04-06,2.2
EMP0034,BR04,2026-04-06,2.1
EMP0035,BR04,2026-04-06,2.0
EMP0036,BR04,2026-04-06,2.1
EMP0038,BR04,2026-04-06,2.2
EMP0039,BR04,2026-04-06,2.1
EMP0031,BR04,2026-04-07,2.2
EMP0032,BR04,2026-04-07,1.9
EMP0033,BR04,2026-04-07,2.1
EMP0035,BR04,2026-04-07,2.4
EMP0036,BR04,2026-04-07,2.4
EMP0037,BR04,2026-04-07,2.3
EMP0038,BR04,2026-04-07,2.1
EMP0040,BR04,2026-04-07,2.2
EMP0031,BR04,2026-04-08,2.5
EMP0032,BR04,2026-04-08,1.8
EMP0034,BR04,2026-04-08,1.9
EMP0036,BR04,2026-04-08,1.9
EMP0037,BR04,2026-04-08,2.0
EMP0038,BR04,2026-04-08,2.0
EMP0039,BR04,2026-04-08,1.9
EMP0031,BR04,2026-04-09,2.1
EMP0032,BR04,2026-04-09,2.0
EMP0034,BR04,2026-04-09,2.5
EMP0036,BR04,2026-04-09,1.9
EMP0037,BR04,2026-04-09,2.1
EMP0038,BR04,2026-04-09,2.4
EMP0039,BR04,2026-04-09,2.3
EMP0040,BR04,2026-04-09,2.2
EMP0031,BR04,2026-04-10,2.1
EMP0032,BR04,2026-04-10,2.3
EMP0033,BR04,2026-04-10,2.0
EMP0034,BR04,2026-04-10,2.2
EMP0035,BR04,2026-04-10,2.0
EMP0037,BR04,2026-04-10,2.1
EMP0038,BR04,2026-04-10,2.2
EMP0039,BR04,2026-04-10,2.4
EMP0040,BR04,2026-04-10,2.2
EMP0032,BR04,2026-04-11,2.3
EMP0033,BR04,2026-04-11,2.3
EMP0035,BR04,2026-04-11,2.5
EMP0036,BR04,2026-04-11,2.1
EMP0037,BR04,2026-04-11,2.1
EMP0038,BR04,2026-04-11,2.4
EMP0039,BR04,2026-04-11,2.2
EMP0031,BR04,2026-04-12,2.3
EMP0032,BR04,2026-04-12,1.9
EMP0035,BR04,2026-04-12,2.2
EMP0036,BR04,2026-04-12,2.0
EMP0037,BR04,2026-04-12,2.1
EMP0039,BR04,2026-04-12,1.9
EMP0040,BR04,2026-04-12,2.4
EMP0031,BR04,2026-04-13,2.0
EMP0033,BR04,2026-04-13,2.0
EMP0034,BR04,2026-04-13,2.2
EMP0035,BR04,2026-04-13,1.9
EMP0037,BR04,2026-04-13,2.2
EMP0038,BR04,2026-04-13,2.2
EMP0039,BR04,2026-04-13,2.3
EMP0040,BR04,2026-04-13,2.2
EMP0031,BR04,2026-04-14,2.3
EMP0032,BR04,2026-04-14,1.9
EMP0033,BR04,2026-04-14,2.1
EMP0034,BR04,2026-04-14,2.0
EMP0035,BR04,2026-04-14,2.4
EMP0037,BR04,2026-04-14,2.2
EMP0038,BR04,2026-04-14,2.1
EMP0031,BR04,2026-04-15,2.2
EMP0032,BR04,2026-04-15,2.2
EMP0033,BR04,2026-04-15,2.0
EMP0034,BR04,2026-04-15,2.4
EMP0035,BR04,2026-04-15,1.8
EMP0037,BR04,2026-04-15,2.1
EMP0038,BR04,2026-04-15,2.1
EMP0031,BR04,2026-04-16,1.9
EMP0032,BR04,2026-04-16,1.9
EMP0033,BR04,2026-04-16,2.1
EMP0034,BR04,2026-04-16,2.0
EMP0035,BR04,2026-04-16,2.4
EMP0036,BR04,2026-04-16,2.3
EMP0037,BR04,2026-04-16,2.3
EMP0038,BR04,2026-04-16,1.8
EMP0039,BR04,2026-04-16,2.0
EMP0031,BR04,2026-04-17,2.2
EMP0033,BR04,2026-04-17,2.2
EMP0034,BR04,2026-04-17,2.2
EMP0035,BR04,2026-04-17,2.3
EMP0036,BR04,2026-04-17,2.3
EMP0038,BR04,2026-04-17,2.3
EMP0039,BR04,2026-04-17,2.4
EMP0040,BR04,2026-04-17,2.0
EMP0031,BR04,2026-04-18,2.1
EMP0033,BR04,2026-04-18,2.4
EMP0034,BR04,2026-04-18,1.8
EMP0035,BR04,2026-04-18,2.0
EMP0039,BR04,2026-04-18,2.0
EMP0040,BR04,2026-04-18,2.1
EMP0031,BR04,2026-04-19,2.4
EMP0032,BR04,2026-04-19,2.2
EMP0033,BR04,2026-04-19,2.2
EMP0034,BR04,2026-04-19,2.4
EMP0035,BR04,2026-04-19,2.1
EMP0037,BR04,2026-04-19,2.0
EMP0038,BR04,2026-04-19,2.3
EMP0039,BR04,2026-04-19,1.8
EMP0031,BR04,2026-04-20,2.1
EMP0032,BR04,2026-04-20,2.1
EMP0033,BR04,2026-04-20,1.8
EMP0035,BR04,2026-04-20,2.1
EMP0037,BR04,2026-04-20,2.3
EMP0038,BR04,2026-04-20,2.2
EMP0039,BR04,2026-04-20,2.1
EMP0040,BR04,2026-04-20,1.9
EMP0031,BR04,2026-04-21,2.1
EMP0032,BR04,2026-04-21,1.9
EMP0033,BR04,2026-04-21,2.0
EMP0034,BR04,2026-04-21,2.0
EMP0035,BR04,2026-04-21,2.2
EMP0037,BR04,2026-04-21,2.0
EMP0038,BR04,2026-04-21,2.5
EMP0039,BR04,2026-04-21,2.4
EMP0040,BR04,2026-04-21,2.3
EMP0031,BR04,2026-04-22,2.4
EMP0032,BR04,2026-04-22,2.0
EMP0033,BR04,2026-04-22,2.0
EMP0034,BR04,2026-04-22,2.3
EMP0035,BR04,2026-04-22,2.1
EMP0036,BR04,2026-04-22,2.1
EMP0037,BR04,2026-04-22,1.9
EMP0038,BR04,2026-04-22,2.3
EMP0039,BR04,2026-04-22,2.2
EMP0040,BR04,2026-04-22,2.1
EMP0031,BR04,2026-04-23,2.0
EMP0032,BR04,2026-04-23,2.4
EMP0033,BR04,2026-04-23,2.0
EMP0034,BR04,2026-04-23,1.9
EMP0035,BR04,2026-04-23,2.4
EMP0037,BR04,2026-04-23,2.0
EMP0038,BR04,2026-04-23,2.0
EMP0039,BR04,2026-04-23,2.5
EMP0031,BR04,2026-04-24,2.4
EMP0032,BR04,2026-04-24,2.3
EMP0033,BR04,2026-04-24,2.3
EMP0034,BR04,2026-04-24,1.9
EMP0035,BR04,2026-04-24,2.2
EMP0036,BR04,2026-04-24,2.3
EMP0037,BR04,2026-04-24,2.4
EMP0038,BR04,2026-04-24,2.4
EMP0040,BR04,2026-04-24,1.8
EMP0032,BR04,2026-04-25,2.5
EMP0033,BR04,2026-04-25,2.0
EMP0035,BR04,2026-04-25,2.3
EMP0036,BR04,2026-04-25,2.5
EMP0037,BR04,2026-04-25,2.3
EMP0038,BR04,2026-04-25,1.9
EMP0040,BR04,2026-04-25,2.3
EMP0031,BR04,2026-04-26,2.3
EMP0032,BR04,2026-04-26,2.1
EMP0033,BR04,2026-04-26,2.2
EMP0034,BR04,2026-04-26,2.3
EMP0035,BR04,2026-04-26,2.2
EMP0036,BR04,2026-04-26,2.2
EMP0039,BR04,2026-04-26,2.2
EMP0040,BR04,2026-04-26,2.1
EMP0031,BR04,2026-04-27,1.9
EMP0032,BR04,2026-04-27,2.0
EMP0034,BR04,2026-04-27,2.3
EMP0035,BR04,2026-04-27,2.0
EMP0036,BR04,2026-04-27,2.1
EMP0037,BR04,2026-04-27,2.5
EMP0038,BR04,2026-04-27,2.0
EMP0039,BR04,2026-04-27,2.4
EMP0040,BR04,2026-04-27,2.4
EMP0031,BR04,2026-04-28,2.2
EMP0032,BR04,2026-04-28,2.5
EMP0033,BR04,2026-04-28,2.0
EMP0034,BR04,2026-04-28,2.1
EMP0035,BR04,2026-04-28,2.2
EMP0036,BR04,2026-04-28,1.9
EMP0037,BR04,2026-04-28,2.2
EMP0039,BR04,2026-04-28,2.1
EMP0040,BR04,2026-04-28,2.4
EMP0031,BR04,2026-04-29,2.0
EMP0032,BR04,2026-04-29,2.5
EMP0033,BR04,2026-04-29,2.1
EMP0034,BR04,2026-04-29,2.3
EMP0038,BR04,2026-04-29,2.2
EMP0040,BR04,2026-04-29,2.0
EMP0031,BR04,2026-04-30,1.8
EMP0033,BR04,2026-04-30,2.1
EMP0035,BR04,2026-04-30,2.1
EMP0036,BR04,2026-04-30,2.3
EMP0038,BR04,2026-04-30,2.1
EMP0039,BR04,2026-04-30,2.0
EMP0031,BR04,2026-05-01,2.4
EMP0032,BR04,2026-05-01,2.6
EMP0034,BR04,2026-05-01,2.4
EMP0036,BR04,2026-05-01,2.4
EMP0037,BR04,2026-05-01,2.0
EMP0038,BR04,2026-05-01,2.0
EMP0039,BR04,2026-05-01,2.1
EMP0040,BR04,2026-05-01,2.5
EMP0031,BR04,2026-05-02,2.5
EMP0032,BR04,2026-05-02,2.7
EMP0033,BR04,2026-05-02,2.1
EMP0034,BR04,2026-05-02,2.2
EMP0037,BR04,2026-05-02,2.0
EMP0038,BR04,2026-05-02,2.2
EMP0039,BR04,2026-05-02,2.1
EMP0040,BR04,2026-05-02,2.1
EMP0031,BR04,2026-05-03,2.1
EMP0032,BR04,2026-05-03,2.6
EMP0033,BR04,2026-05-03,2.5
EMP0035,BR04,2026-05-03,2.4
EMP0036,BR04,2026-05-03,2.2
EMP0039,BR04,2026-05-03,2.0
EMP0040,BR04,2026-05-03,2.4
EMP0031,BR04,2026-05-04,2.5
EMP0032,BR04,2026-05-04,2.1
EMP0033,BR04,2026-05-04,2.1
EMP0034,BR04,2026-05-04,1.9
EMP0035,BR04,2026-05-04,2.6
EMP0036,BR04,2026-05-04,2.5
EMP0037,BR04,2026-05-04,1.9
EMP0038,BR04,2026-05-04,2.1
EMP0039,BR04,2026-05-04,2.4
EMP0040,BR04,2026-05-04,2.0
EMP0031,BR04,2026-05-05,2.1
EMP0032,BR04,2026-05-05,2.3
EMP0033,BR04,2026-05-05,1.9
EMP0034,BR04,2026-05-05,2.0
EMP0035,BR04,2026-05-05,2.5
EMP0036,BR04,2026-05-05,2.3
EMP0037,BR04,2026-05-05,2.3
EMP0038,BR04,2026-05-05,2.4
EMP0039,BR04,2026-05-05,2.3
EMP0031,BR04,2026-05-06,2.4
EMP0034,BR04,2026-05-06,2.4
EMP0035,BR04,2026-05-06,2.0
EMP0036,BR04,2026-05-06,2.4
EMP0038,BR04,2026-05-06,2.0
EMP0039,BR04,2026-05-06,1.7
EMP0031,BR04,2026-05-07,2.3
EMP0033,BR04,2026-05-07,2.3
EMP0034,BR04,2026-05-07,2.3
EMP0035,BR04,2026-05-07,2.3
EMP0037,BR04,2026-05-07,2.0
EMP0038,BR04,2026-05-07,2.5
EMP0039,BR04,2026-05-07,2.3
EMP0040,BR04,2026-05-07,1.9
EMP0033,BR04,2026-05-08,2.3
EMP0035,BR04,2026-05-08,2.5
EMP0036,BR04,2026-05-08,2.2
EMP0037,BR04,2026-05-08,2.4
EMP0031,BR04,2026-05-09,2.4
EMP0032,BR04,2026-05-09,2.3
EMP0033,BR04,2026-05-09,2.0
EMP0034,BR04,2026-05-09,2.5
EMP0037,BR04,2026-05-09,2.1
EMP0038,BR04,2026-05-09,2.1
EMP0039,BR04,2026-05-09,2.2
EMP0040,BR04,2026-05-09,2.3
EMP0031,BR04,2026-05-10,2.4
EMP0032,BR04,2026-05-10,2.3
EMP0033,BR04,2026-05-10,2.4
EMP0034,BR04,2026-05-10,2.2
EMP0035,BR04,2026-05-10,2.3
EMP0036,BR04,2026-05-10,2.5
EMP0037,BR04,2026-05-10,2.4
EMP0039,BR04,2026-05-10,2.2
EMP0040,BR04,2026-05-10,2.4
EMP0032,BR04,2026-05-11,2.3
EMP0035,BR04,2026-05-11,1.8
EMP0036,BR04,2026-05-11,2.6
EMP0037,BR04,2026-05-11,2.1
EMP0038,BR04,2026-05-11,2.2
EMP0039,BR04,2026-05-11,2.8
EMP0040,BR04,2026-05-11,2.0
EMP0031,BR04,2026-05-12,2.2
EMP0032,BR04,2026-05-12,2.5
EMP0033,BR04,2026-05-12,2.6
EMP0035,BR04,2026-05-12,2.5
EMP0036,BR04,2026-05-12,2.5
EMP0038,BR04,2026-05-12,1.8
EMP0039,BR04,2026-05-12,2.5
EMP0040,BR04,2026-05-12,2.3
EMP0031,BR04,2026-05-13,2.2
EMP0032,BR04,2026-05-13,2.2
EMP0034,BR04,2026-05-13,2.3
EMP0035,BR04,2026-05-13,2.2
EMP0037,BR04,2026-05-13,2.4
EMP0038,BR04,2026-05-13,2.0
EMP0039,BR04,2026-05-13,2.2
EMP0040,BR04,2026-05-13,2.0
EMP0032,BR04,2026-05-14,2.2
EMP0033,BR04,2026-05-14,2.2
EMP0034,BR04,2026-05-14,2.3
EMP0035,BR04,2026-05-14,2.5
EMP0036,BR04,2026-05-14,2.3
EMP0037,BR04,2026-05-14,2.3
EMP0039,BR04,2026-05-14,2.4
EMP0040,BR04,2026-05-14,2.0
EMP0032,BR04,2026-05-15,2.6
EMP0033,BR04,2026-05-15,2.5
EMP0034,BR04,2026-05-15,2.5
EMP0035,BR04,2026-05-15,2.2
EMP0036,BR04,2026-05-15,2.4
EMP0038,BR04,2026-05-15,2.0
EMP0039,BR04,2026-05-15,2.2
EMP0040,BR04,2026-05-15,1.9
EMP0031,BR04,2026-05-16,2.0
EMP0033,BR04,2026-05-16,2.3
EMP0034,BR04,2026-05-16,1.9
EMP0035,BR04,2026-05-16,2.4
EMP0036,BR04,2026-05-16,2.3
EMP0037,BR04,2026-05-16,2.2
EMP0038,BR04,2026-05-16,2.2
EMP0040,BR04,2026-05-16,2.2
EMP0031,BR04,2026-05-17,2.5
EMP0032,BR04,2026-05-17,2.3
EMP0034,BR04,2026-05-17,2.6
EMP0035,BR04,2026-05-17,2.5
EMP0036,BR04,2026-05-17,2.3
EMP0037,BR04,2026-05-17,2.3
EMP0038,BR04,2026-05-17,2.3
EMP0039,BR04,2026-05-17,2.5
EMP0031,BR04,2026-05-18,1.9
EMP0032,BR04,2026-05-18,2.1
EMP0033,BR04,2026-05-18,2.3
EMP0034,BR04,2026-05-18,2.2
EMP0035,BR04,2026-05-18,2.4
EMP0036,BR04,2026-05-18,2.2
EMP0037,BR04,2026-05-18,2.6
EMP0038,BR04,2026-05-18,2.2
EMP0039,BR04,2026-05-18,1.8
EMP0040,BR04,2026-05-18,2.2
EMP0031,BR04,2026-05-19,1.9
EMP0032,BR04,2026-05-19,2.3
EMP0034,BR04,2026-05-19,2.3
EMP0036,BR04,2026-05-19,2.4
EMP0037,BR04,2026-05-19,2.3
EMP0038,BR04,2026-05-19,2.5
EMP0039,BR04,2026-05-19,2.3
EMP0040,BR04,2026-05-19,2.2
EMP0031,BR04,2026-05-20,2.0
EMP0032,BR04,2026-05-20,2.3
EMP0034,BR04,2026-05-20,2.1
EMP0035,BR04,2026-05-20,2.2
EMP0037,BR04,2026-05-20,2.5
EMP0040,BR04,2026-05-20,2.5
EMP0031,BR04,2026-05-21,2.3
EMP0032,BR04,2026-05-21,2.2
EMP0033,BR04,2026-05-21,2.2
EMP0034,BR04,2026-05-21,2.3
EMP0035,BR04,2026-05-21,2.3
EMP0037,BR04,2026-05-21,2.6
EMP0038,BR04,2026-05-21,2.3
EMP0039,BR04,2026-05-21,2.5
EMP0040,BR04,2026-05-21,2.3
EMP0031,BR04,2026-05-22,2.4
EMP0032,BR04,2026-05-22,2.4
EMP0033,BR04,2026-05-22,2.2
EMP0034,BR04,2026-05-22,1.9
EMP0035,BR04,2026-05-22,2.5
EMP0036,BR04,2026-05-22,1.8
EMP0037,BR04,2026-05-22,2.5
EMP0038,BR04,2026-05-22,2.5
EMP0039,BR04,2026-05-22,2.0
EMP0040,BR04,2026-05-22,2.2
EMP0031,BR04,2026-05-23,2.0
EMP0032,BR04,2026-05-23,2.1
EMP0033,BR04,2026-05-23,2.5
EMP0035,BR04,2026-05-23,2.2
EMP0036,BR04,2026-05-23,2.2
EMP0037,BR04,2026-05-23,2.7
EMP0039,BR04,2026-05-23,2.0
EMP0032,BR04,2026-05-24,2.0
EMP0033,BR04,2026-05-24,2.5
EMP0034,BR04,2026-05-24,2.6
EMP0035,BR04,2026-05-24,2.3
EMP0038,BR04,2026-05-24,2.5
EMP0039,BR04,2026-05-24,2.3
EMP0040,BR04,2026-05-24,2.3
EMP0031,BR04,2026-05-25,2.4
EMP0032,BR04,2026-05-25,2.0
EMP0033,BR04,2026-05-25,2.2
EMP0034,BR04,2026-05-25,2.3
EMP0035,BR04,2026-05-25,2.3
EMP0036,BR04,2026-05-25,2.3
EMP0037,BR04,2026-05-25,2.4
EMP0038,BR04,2026-05-25,2.2
EMP0039,BR04,2026-05-25,1.9
EMP0040,BR04,2026-05-25,2.2
EMP0032,BR04,2026-05-26,2.4
EMP0034,BR04,2026-05-26,2.1
EMP0036,BR04,2026-05-26,2.3
EMP0038,BR04,2026-05-26,2.2
EMP0039,BR04,2026-05-26,2.3
EMP0040,BR04,2026-05-26,2.2
EMP0031,BR04,2026-05-27,2.4
EMP0032,BR04,2026-05-27,2.1
EMP0033,BR04,2026-05-27,2.3
EMP0034,BR04,2026-05-27,2.3
EMP0035,BR04,2026-05-27,2.4
EMP0036,BR04,2026-05-27,2.2
EMP0038,BR04,2026-05-27,2.2
EMP0039,BR04,2026-05-27,2.2
EMP0040,BR04,2026-05-27,2.5
EMP0031,BR04,2026-05-28,2.3
EMP0032,BR04,2026-05-28,2.2
EMP0033,BR04,2026-05-28,2.0
EMP0034,BR04,2026-05-28,2.2
EMP0035,BR04,2026-05-28,2.6
EMP0036,BR04,2026-05-28,2.1
EMP0037,BR04,2026-05-28,2.2
EMP0038,BR04,2026-05-28,2.2
EMP0039,BR04,2026-05-28,2.3
EMP0040,BR04,2026-05-28,2.4
EMP0033,BR04,2026-05-29,2.4
EMP0034,BR04,2026-05-29,2.0
EMP0035,BR04,2026-05-29,2.2
EMP0036,BR04,2026-05-29,2.0
EMP0037,BR04,2026-05-29,2.5
EMP0040,BR04,2026-05-29,2.3
EMP0032,BR04,2026-05-30,2.6
EMP0033,BR04,2026-05-30,2.4
EMP0034,BR04,2026-05-30,2.3
EMP0035,BR04,2026-05-30,2.1
EMP0037,BR04,2026-05-30,2.2
EMP0038,BR04,2026-05-30,2.5
EMP0039,BR04,2026-05-30,2.2
EMP0040,BR04,2026-05-30,2.3
EMP0033,BR04,2026-05-31,1.7
EMP0034,BR04,2026-05-31,2.2
EMP0036,BR04,2026-05-31,2.2
EMP0037,BR04,2026-05-31,2.2
EMP0038,BR04,2026-05-31,2.0
EMP0039,BR04,2026-05-31,2.4
EMP0040,BR04,2026-05-31,2.4
EMP0031,BR04,2026-06-01,2.0
EMP0032,BR04,2026-06-01,1.9
EMP0033,BR04,2026-06-01,2.1
EMP0034,BR04,2026-06-01,1.5
EMP0035,BR04,2026-06-01,1.9
EMP0036,BR04,2026-06-01,1.9
EMP0038,BR04,2026-06-01,2.2
EMP0039,BR04,2026-06-01,1.9
EMP0040,BR04,2026-06-01,1.9
EMP0031,BR04,2026-06-02,2.2
EMP0032,BR04,2026-06-02,2.2
EMP0033,BR04,2026-06-02,1.8
EMP0034,BR04,2026-06-02,2.0
EMP0035,BR04,2026-06-02,2.1
EMP0036,BR04,2026-06-02,2.0
EMP0037,BR04,2026-06-02,2.4
EMP0038,BR04,2026-06-02,2.0
EMP0039,BR04,2026-06-02,2.0
EMP0031,BR04,2026-06-03,1.8
EMP0032,BR04,2026-06-03,2.0
EMP0034,BR04,2026-06-03,2.1
EMP0035,BR04,2026-06-03,2.6
EMP0036,BR04,2026-06-03,1.8
EMP0037,BR04,2026-06-03,2.3
EMP0040,BR04,2026-06-03,1.9
EMP0032,BR04,2026-06-04,1.9
EMP0033,BR04,2026-06-04,1.7
EMP0035,BR04,2026-06-04,1.9
EMP0036,BR04,2026-06-04,1.9
EMP0037,BR04,2026-06-04,1.8
EMP0038,BR04,2026-06-04,1.8
EMP0039,BR04,2026-06-04,2.0
EMP0032,BR04,2026-06-05,2.1
EMP0033,BR04,2026-06-05,1.9
EMP0035,BR04,2026-06-05,2.0
EMP0036,BR04,2026-06-05,2.0
EMP0040,BR04,2026-06-05,2.2
EMP0032,BR04,2026-06-06,2.1
EMP0033,BR04,2026-06-06,1.8
EMP0034,BR04,2026-06-06,2.1
EMP0035,BR04,2026-06-06,1.9
EMP0036,BR04,2026-06-06,2.1
EMP0037,BR04,2026-06-06,2.1
EMP0038,BR04,2026-06-06,1.6
EMP0039,BR04,2026-06-06,2.1
EMP0040,BR04,2026-06-06,2.1
EMP0031,BR04,2026-06-07,1.8
EMP0032,BR04,2026-06-07,2.2
EMP0033,BR04,2026-06-07,2.2
EMP0034,BR04,2026-06-07,2.1
EMP0035,BR04,2026-06-07,1.8
EMP0036,BR04,2026-06-07,2.1
EMP0037,BR04,2026-06-07,2.1
EMP0038,BR04,2026-06-07,1.8
EMP0032,BR04,2026-06-08,2.2
EMP0033,BR04,2026-06-08,2.0
EMP0034,BR04,2026-06-08,1.9
EMP0035,BR04,2026-06-08,1.9
EMP0037,BR04,2026-06-08,1.9
EMP0038,BR04,2026-06-08,1.8
EMP0039,BR04,2026-06-08,2.0
EMP0040,BR04,2026-06-08,1.8
EMP0031,BR04,2026-06-09,1.9
EMP0032,BR04,2026-06-09,2.2
EMP0034,BR04,2026-06-09,2.0
EMP0035,BR04,2026-06-09,1.9
EMP0037,BR04,2026-06-09,1.9
EMP0038,BR04,2026-06-09,1.9
EMP0040,BR04,2026-06-09,2.0
EMP0031,BR04,2026-06-10,1.8
EMP0032,BR04,2026-06-10,2.1
EMP0033,BR04,2026-06-10,2.1
EMP0034,BR04,2026-06-10,2.1
EMP0035,BR04,2026-06-10,1.7
EMP0036,BR04,2026-06-10,1.9
EMP0038,BR04,2026-06-10,2.0
EMP0039,BR04,2026-06-10,1.9
EMP0031,BR04,2026-06-11,2.0
EMP0032,BR04,2026-06-11,1.9
EMP0033,BR04,2026-06-11,1.8
EMP0034,BR04,2026-06-11,2.2
EMP0036,BR04,2026-06-11,1.8
EMP0037,BR04,2026-06-11,2.1
EMP0038,BR04,2026-06-11,2.3
EMP0039,BR04,2026-06-11,2.2
EMP0040,BR04,2026-06-11,2.0
EMP0031,BR04,2026-06-12,2.0
EMP0032,BR04,2026-06-12,2.0
EMP0033,BR04,2026-06-12,1.9
EMP0034,BR04,2026-06-12,2.2
EMP0035,BR04,2026-06-12,1.8
EMP0036,BR04,2026-06-12,2.0
EMP0037,BR04,2026-06-12,1.7
EMP0039,BR04,2026-06-12,2.0
EMP0040,BR04,2026-06-12,2.0
EMP0032,BR04,2026-06-13,2.2
EMP0033,BR04,2026-06-13,2.0
EMP0034,BR04,2026-06-13,1.8
EMP0035,BR04,2026-06-13,2.3
EMP0036,BR04,2026-06-13,1.9
EMP0037,BR04,2026-06-13,1.8
EMP0038,BR04,2026-06-13,2.0
EMP0039,BR04,2026-06-13,1.8
EMP0040,BR04,2026-06-13,1.9
EMP0032,BR04,2026-06-14,2.4
EMP0035,BR04,2026-06-14,2.0
EMP0036,BR04,2026-06-14,1.9
EMP0037,BR04,2026-06-14,1.6
EMP0038,BR04,2026-06-14,2.1
EMP0039,BR04,2026-06-14,2.0
EMP0040,BR04,2026-06-14,2.3
EMP0031,BR04,2026-06-15,1.8
EMP0032,BR04,2026-06-15,1.7
EMP0037,BR04,2026-06-15,1.8
EMP0038,BR04,2026-06-15,2.3
EMP0032,BR04,2026-06-16,2.1
EMP0033,BR04,2026-06-16,2.3
EMP0034,BR04,2026-06-16,2.1
EMP0036,BR04,2026-06-16,1.8
EMP0038,BR04,2026-06-16,1.6
EMP0039,BR04,2026-06-16,2.0
EMP0040,BR04,2026-06-16,2.0
EMP0031,BR04,2026-06-17,2.0
EMP0033,BR04,2026-06-17,2.4
EMP0034,BR04,2026-06-17,2.1
EMP0035,BR04,2026-06-17,1.9
EMP0038,BR04,2026-06-17,2.1
EMP0039,BR04,2026-06-17,1.9
EMP0040,BR04,2026-06-17,1.8
EMP0031,BR04,2026-06-18,1.8
EMP0032,BR04,2026-06-18,1.9
EMP0033,BR04,2026-06-18,1.9
EMP0034,BR04,2026-06-18,2.1
EMP0035,BR04,2026-06-18,1.8
EMP0036,BR04,2026-06-18,1.8
EMP0037,BR04,2026-06-18,2.1
EMP0038,BR04,2026-06-18,2.0
EMP0040,BR04,2026-06-18,1.8
EMP0031,BR04,2026-06-19,1.8
EMP0032,BR04,2026-06-19,1.9
EMP0033,BR04,2026-06-19,2.0
EMP0035,BR04,2026-06-19,2.2
EMP0036,BR04,2026-06-19,2.0
EMP0037,BR04,2026-06-19,2.1
EMP0038,BR04,2026-06-19,1.6
EMP0039,BR04,2026-06-19,2.0
EMP0040,BR04,2026-06-19,2.3
EMP0032,BR04,2026-06-20,2.2
EMP0034,BR04,2026-06-20,2.2
EMP0035,BR04,2026-06-20,1.9
EMP0036,BR04,2026-06-20,2.0
EMP0038,BR04,2026-06-20,2.0
EMP0039,BR04,2026-06-20,1.8
EMP0040,BR04,2026-06-20,2.0
EMP0031,BR04,2026-06-21,1.9
EMP0033,BR04,2026-06-21,1.9
EMP0034,BR04,2026-06-21,1.9
EMP0035,BR04,2026-06-21,2.1
EMP0036,BR04,2026-06-21,1.9
EMP0037,BR04,2026-06-21,2.2
EMP0040,BR04,2026-06-21,2.2
EMP0032,BR04,2026-06-22,2.2
EMP0033,BR04,2026-06-22,2.0
EMP0034,BR04,2026-06-22,2.0
EMP0035,BR04,2026-06-22,2.0
EMP0036,BR04,2026-06-22,1.8
EMP0037,BR04,2026-06-22,2.1
EMP0038,BR04,2026-06-22,1.9
EMP0039,BR04,2026-06-22,1.8
EMP0040,BR04,2026-06-22,1.8
EMP0031,BR04,2026-06-23,1.9
EMP0032,BR04,2026-06-23,1.9
EMP0035,BR04,2026-06-23,2.3
EMP0036,BR04,2026-06-23,2.0
EMP0037,BR04,2026-06-23,2.2
EMP0039,BR04,2026-06-23,2.1
EMP0031,BR04,2026-06-24,2.3
EMP0032,BR04,2026-06-24,1.7
EMP0034,BR04,2026-06-24,2.1
EMP0037,BR04,2026-06-24,2.0
EMP0039,BR04,2026-06-24,1.9
EMP0040,BR04,2026-06-24,1.9
EMP0031,BR04,2026-06-25,1.8
EMP0032,BR04,2026-06-25,1.9
EMP0034,BR04,2026-06-25,2.1
EMP0036,BR04,2026-06-25,1.8
EMP0037,BR04,2026-06-25,2.3
EMP0039,BR04,2026-06-25,2.1
EMP0040,BR04,2026-06-25,2.1
EMP0031,BR04,2026-06-26,2.1
EMP0033,BR04,2026-06-26,1.8
EMP0034,BR04,2026-06-26,2.1
EMP0036,BR04,2026-06-26,2.2
EMP0037,BR04,2026-06-26,1.8
EMP0039,BR04,2026-06-26,2.1
EMP0040,BR04,2026-06-26,2.1
EMP0033,BR04,2026-06-27,2.2
EMP0034,BR04,2026-06-27,2.2
EMP0035,BR04,2026-06-27,2.0
EMP0036,BR04,2026-06-27,2.4
EMP0037,BR04,2026-06-27,2.2
EMP0040,BR04,2026-06-27,1.9
EMP0031,BR04,2026-06-28,2.1
EMP0032,BR04,2026-06-28,1.8
EMP0033,BR04,2026-06-28,2.2
EMP0034,BR04,2026-06-28,2.1
EMP0035,BR04,2026-06-28,1.8
EMP0036,BR04,2026-06-28,2.1
EMP0037,BR04,2026-06-28,1.7
EMP0038,BR04,2026-06-28,2.1
EMP0039,BR04,2026-06-28,1.7
EMP0040,BR04,2026-06-28,1.6
EMP0031,BR04,2026-06-29,1.7
EMP0032,BR04,2026-06-29,2.0
EMP0033,BR04,2026-06-29,2.2
EMP0035,BR04,2026-06-29,2.0
EMP0036,BR04,2026-06-29,1.9
EMP0037,BR04,2026-06-29,2.3
EMP0038,BR04,2026-06-29,2.1
EMP0039,BR04,2026-06-29,1.6
EMP0040,BR04,2026-06-29,2.1
EMP0032,BR04,2026-06-30,2.0
EMP0033,BR04,2026-06-30,1.8
EMP0036,BR04,2026-06-30,2.1
EMP0037,BR04,2026-06-30,2.0
EMP0039,BR04,2026-06-30,2.0
EMP0040,BR04,2026-06-30,1.8
EMP0031,BR04,2026-07-01,2.5
EMP0032,BR04,2026-07-01,2.1
EMP0033,BR04,2026-07-01,2.1
EMP0034,BR04,2026-07-01,2.1
EMP0035,BR04,2026-07-01,2.3
EMP0037,BR04,2026-07-01,2.3
EMP0040,BR04,2026-07-01,2.1
EMP0031,BR04,2026-07-02,1.9
EMP0032,BR04,2026-07-02,2.3
EMP0033,BR04,2026-07-02,1.9
EMP0034,BR04,2026-07-02,2.4
EMP0035,BR04,2026-07-02,2.4
EMP0036,BR04,2026-07-02,2.3
EMP0037,BR04,2026-07-02,2.2
EMP0039,BR04,2026-07-02,2.5
EMP0031,BR04,2026-07-03,2.3
EMP0032,BR04,2026-07-03,2.5
EMP0033,BR04,2026-07-03,2.4
EMP0034,BR04,2026-07-03,2.0
EMP0035,BR04,2026-07-03,2.4
EMP0036,BR04,2026-07-03,2.4
EMP0037,BR04,2026-07-03,2.1
EMP0038,BR04,2026-07-03,2.2
EMP0039,BR04,2026-07-03,2.1
EMP0040,BR04,2026-07-03,2.4
EMP0031,BR04,2026-07-04,2.0
EMP0032,BR04,2026-07-04,1.7
EMP0033,BR04,2026-07-04,2.3
EMP0036,BR04,2026-07-04,2.0
EMP0037,BR04,2026-07-04,1.9
EMP0038,BR04,2026-07-04,1.8
EMP0039,BR04,2026-07-04,2.2
EMP0040,BR04,2026-07-04,2.2
EMP0031,BR04,2026-07-05,2.3
EMP0032,BR04,2026-07-05,2.2
EMP0033,BR04,2026-07-05,2.1
EMP0034,BR04,2026-07-05,2.2
EMP0035,BR04,2026-07-05,2.3
EMP0038,BR04,2026-07-05,2.3
EMP0031,BR04,2026-07-06,2.3
EMP0032,BR04,2026-07-06,2.2
EMP0033,BR04,2026-07-06,2.1
EMP0034,BR04,2026-07-06,2.4
EMP0035,BR04,2026-07-06,2.5
EMP0036,BR04,2026-07-06,1.9
EMP0038,BR04,2026-07-06,2.1
EMP0039,BR04,2026-07-06,2.3
EMP0040,BR04,2026-07-06,2.3
EMP0031,BR04,2026-07-07,2.2
EMP0032,BR04,2026-07-07,2.4
EMP0034,BR04,2026-07-07,2.1
EMP0036,BR04,2026-07-07,2.2
EMP0037,BR04,2026-07-07,2.4
EMP0038,BR04,2026-07-07,2.5
EMP0039,BR04,2026-07-07,2.2
EMP0040,BR04,2026-07-07,2.3
EMP0031,BR04,2026-07-08,2.2
EMP0032,BR04,2026-07-08,2.2
EMP0033,BR04,2026-07-08,2.2
EMP0034,BR04,2026-07-08,2.4
EMP0035,BR04,2026-07-08,2.6
EMP0038,BR04,2026-07-08,2.4
EMP0039,BR04,2026-07-08,2.2
EMP0040,BR04,2026-07-08,2.2
EMP0031,BR04,2026-07-09,2.0
EMP0032,BR04,2026-07-09,2.4
EMP0033,BR04,2026-07-09,1.9
EMP0034,BR04,2026-07-09,2.0
EMP0035,BR04,2026-07-09,2.3
EMP0036,BR04,2026-07-09,2.5
EMP0037,BR04,2026-07-09,2.3
EMP0038,BR04,2026-07-09,2.0
EMP0039,BR04,2026-07-09,2.1
EMP0040,BR04,2026-07-09,1.9
EMP0031,BR04,2026-07-10,1.9
EMP0033,BR04,2026-07-10,2.5
EMP0034,BR04,2026-07-10,2.1
EMP0035,BR04,2026-07-10,2.2
EMP0036,BR04,2026-07-10,2.4
EMP0037,BR04,2026-07-10,2.5
EMP0039,BR04,2026-07-10,2.5
EMP0040,BR04,2026-07-10,2.2
EMP0031,BR04,2026-07-11,2.5
EMP0032,BR04,2026-07-11,1.9
EMP0033,BR04,2026-07-11,2.4
EMP0035,BR04,2026-07-11,2.3
EMP0036,BR04,2026-07-11,2.2
EMP0037,BR04,2026-07-11,2.1
EMP0038,BR04,2026-07-11,2.2
EMP0039,BR04,2026-07-11,2.2
EMP0040,BR04,2026-07-11,2.1
EMP0033,BR04,2026-07-12,2.1
EMP0034,BR04,2026-07-12,2.2
EMP0035,BR04,2026-07-12,2.3
EMP0036,BR04,2026-07-12,2.3
EMP0037,BR04,2026-07-12,1.9
EMP0038,BR04,2026-07-12,2.4
EMP0039,BR04,2026-07-12,2.1
EMP0040,BR04,2026-07-12,2.5
EMP0031,BR04,2026-07-13,2.3
EMP0032,BR04,2026-07-13,2.0
EMP0033,BR04,2026-07-13,2.3
EMP0034,BR04,2026-07-13,2.4
EMP0035,BR04,2026-07-13,2.1
EMP0037,BR04,2026-07-13,2.1
EMP0039,BR04,2026-07-13,1.9
EMP0040,BR04,2026-07-13,1.8
EMP0032,BR04,2026-07-14,2.1
EMP0033,BR04,2026-07-14,2.2
EMP0034,BR04,2026-07-14,2.1
EMP0035,BR04,2026-07-14,2.2
EMP0036,BR04,2026-07-14,2.1
EMP0037,BR04,2026-07-14,2.1
EMP0038,BR04,2026-07-14,2.1
EMP0039,BR04,2026-07-14,2.0
EMP0040,BR04,2026-07-14,2.0
EMP0031,BR04,2026-07-15,2.3
EMP0032,BR04,2026-07-15,2.1
EMP0033,BR04,2026-07-15,1.9
EMP0034,BR04,2026-07-15,2.2
EMP0035,BR04,2026-07-15,2.0
EMP0036,BR04,2026-07-15,1.7
EMP0037,BR04,2026-07-15,2.1
EMP0038,BR04,2026-07-15,2.2
EMP0039,BR04,2026-07-15,2.0
EMP0040,BR04,2026-07-15,2.5
EMP0031,BR04,2026-07-16,2.3
EMP0033,BR04,2026-07-16,2.3
EMP0034,BR04,2026-07-16,2.2
EMP0035,BR04,2026-07-16,1.9
EMP0036,BR04,2026-07-16,2.4
EMP0038,BR04,2026-07-16,2.4
EMP0039,BR04,2026-07-16,2.5
EMP0040,BR04,2026-07-16,2.1
EMP0031,BR04,2026-07-17,2.1
EMP0032,BR04,2026-07-17,1.8
EMP0033,BR04,2026-07-17,2.3
EMP0034,BR04,2026-07-17,2.1
EMP0036,BR04,2026-07-17,2.4
EMP0037,BR04,2026-07-17,2.1
EMP0038,BR04,2026-07-17,2.4
EMP0039,BR04,2026-07-17,2.1
EMP0040,BR04,2026-07-17,2.0
EMP0031,BR04,2026-07-18,2.1
EMP0033,BR04,2026-07-18,2.0
EMP0034,BR04,2026-07-18,2.0
EMP0035,BR04,2026-07-18,2.0
EMP0036,BR04,2026-07-18,2.1
EMP0037,BR04,2026-07-18,2.6
EMP0038,BR04,2026-07-18,2.3
EMP0039,BR04,2026-07-18,2.1
EMP0031,BR04,2026-07-19,2.2
EMP0032,BR04,2026-07-19,2.1
EMP0034,BR04,2026-07-19,2.4
EMP0035,BR04,2026-07-19,2.2
EMP0036,BR04,2026-07-19,2.3
EMP0037,BR04,2026-07-19,2.3
EMP0038,BR04,2026-07-19,2.6
EMP0039,BR04,2026-07-19,2.3
EMP0040,BR04,2026-07-19,2.6
EMP0031,BR04,2026-07-20,2.4
EMP0033,BR04,2026-07-20,2.2
EMP0034,BR04,2026-07-20,1.7
EMP0036,BR04,2026-07-20,2.4
EMP0037,BR04,2026-07-20,2.4
EMP0038,BR04,2026-07-20,1.7
EMP0039,BR04,2026-07-20,2.1
EMP0040,BR04,2026-07-20,2.3
EMP0032,BR04,2026-07-21,2.0
EMP0033,BR04,2026-07-21,1.8
EMP0034,BR04,2026-07-21,1.9
EMP0035,BR04,2026-07-21,2.2
EMP0037,BR04,2026-07-21,2.1
EMP0038,BR04,2026-07-21,2.1
EMP0039,BR04,2026-07-21,2.1
EMP0040,BR04,2026-07-21,2.3
EMP0031,BR04,2026-07-22,2.2
EMP0032,BR04,2026-07-22,2.2
EMP0033,BR04,2026-07-22,1.7
EMP0034,BR04,2026-07-22,2.3
EMP0035,BR04,2026-07-22,2.5
EMP0036,BR04,2026-07-22,2.2
EMP0039,BR04,2026-07-22,2.1
EMP0031,BR04,2026-07-23,2.2
EMP0033,BR04,2026-07-23,2.3
EMP0034,BR04,2026-07-23,2.3
EMP0036,BR04,2026-07-23,2.2
EMP0037,BR04,2026-07-23,2.1
EMP0038,BR04,2026-07-23,2.3
EMP0039,BR04,2026-07-23,2.0
EMP0040,BR04,2026-07-23,2.2
EMP0031,BR04,2026-07-24,2.1
EMP0032,BR04,2026-07-24,2.4
EMP0033,BR04,2026-07-24,1.8
EMP0034,BR04,2026-07-24,2.1
EMP0035,BR04,2026-07-24,2.4
EMP0036,BR04,2026-07-24,2.3
EMP0037,BR04,2026-07-24,1.9
EMP0038,BR04,2026-07-24,2.3
EMP0039,BR04,2026-07-24,2.0
EMP0040,BR04,2026-07-24,2.0
EMP0031,BR04,2026-07-25,2.3
EMP0032,BR04,2026-07-25,2.1
EMP0033,BR04,2026-07-25,1.9
EMP0035,BR04,2026-07-25,2.1
EMP0036,BR04,2026-07-25,2.3
EMP0037,BR04,2026-07-25,2.1
EMP0039,BR04,2026-07-25,2.3
EMP0040,BR04,2026-07-25,2.2
EMP0031,BR04,2026-07-26,2.1
EMP0033,BR04,2026-07-26,2.4
EMP0034,BR04,2026-07-26,2.4
EMP0035,BR04,2026-07-26,2.1
EMP0037,BR04,2026-07-26,2.1
EMP0039,BR04,2026-07-26,2.0
EMP0040,BR04,2026-07-26,2.3
EMP0031,BR04,2026-07-27,1.9
EMP0032,BR04,2026-07-27,2.0
EMP0033,BR04,2026-07-27,2.3
EMP0034,BR04,2026-07-27,2.6
EMP0035,BR04,2026-07-27,1.9
EMP0036,BR04,2026-07-27,2.4
EMP0037,BR04,2026-07-27,2.2
EMP0038,BR04,2026-07-27,2.2
EMP0039,BR04,2026-07-27,1.7
EMP0032,BR04,2026-07-28,2.1
EMP0033,BR04,2026-07-28,2.2
EMP0034,BR04,2026-07-28,2.3
EMP0036,BR04,2026-07-28,1.9
EMP0037,BR04,2026-07-28,2.1
EMP0038,BR04,2026-07-28,2.3
EMP0039,BR04,2026-07-28,2.2
EMP0040,BR04,2026-07-28,2.1
EMP0032,BR04,2026-07-29,2.2
EMP0033,BR04,2026-07-29,2.4
EMP0034,BR04,2026-07-29,2.0
EMP0035,BR04,2026-07-29,2.0
EMP0036,BR04,2026-07-29,2.4
EMP0038,BR04,2026-07-29,2.1
EMP0039,BR04,2026-07-29,2.2
EMP0031,BR04,2026-07-30,2.1
EMP0032,BR04,2026-07-30,2.1
EMP0033,BR04,2026-07-30,2.1
EMP0034,BR04,2026-07-30,2.2
EMP0035,BR04,2026-07-30,2.1
EMP0036,BR04,2026-07-30,2.3
EMP0037,BR04,2026-07-30,2.3
EMP0038,BR04,2026-07-30,1.7
EMP0039,BR04,2026-07-30,2.3
EMP0031,BR04,2026-07-31,2.0
EMP0032,BR04,2026-07-31,2.4
EMP0033,BR04,2026-07-31,2.1
EMP0035,BR04,2026-07-31,2.3
EMP0036,BR04,2026-07-31,2.4
EMP0037,BR04,2026-07-31,2.0
EMP0038,BR04,2026-07-31,2.0
EMP0039,BR04,2026-07-31,2.3
EMP0040,BR04,2026-07-31,2.3
EMP0032,BR04,2026-08-01,1.9
EMP0033,BR04,2026-08-01,2.5
EMP0034,BR04,2026-08-01,2.5
EMP0037,BR04,2026-08-01,2.6
EMP0039,BR04,2026-08-01,2.8
EMP0040,BR04,2026-08-01,2.5
EMP0031,BR04,2026-08-02,2.5
EMP0032,BR04,2026-08-02,2.3
EMP0034,BR04,2026-08-02,2.5
EMP0035,BR04,2026-08-02,2.2
EMP0036,BR04,2026-08-02,2.3
EMP0037,BR04,2026-08-02,2.3
EMP0038,BR04,2026-08-02,2.4
EMP0039,BR04,2026-08-02,2.5
EMP0040,BR04,2026-08-02,2.7
EMP0031,BR04,2026-08-03,2.8
EMP0032,BR04,2026-08-03,2.3
EMP0033,BR04,2026-08-03,2.4
EMP0034,BR04,2026-08-03,2.2
EMP0036,BR04,2026-08-03,2.1
EMP0037,BR04,2026-08-03,1.9
EMP0038,BR04,2026-08-03,2.7
EMP0039,BR04,2026-08-03,2.1
EMP0040,BR04,2026-08-03,2.7
EMP0031,BR04,2026-08-04,2.0
EMP0032,BR04,2026-08-04,2.4
EMP0034,BR04,2026-08-04,2.4
EMP0036,BR04,2026-08-04,2.5
EMP0037,BR04,2026-08-04,2.6
EMP0038,BR04,2026-08-04,2.3
EMP0040,BR04,2026-08-04,2.2
EMP0031,BR04,2026-08-05,2.2
EMP0032,BR04,2026-08-05,2.3
EMP0033,BR04,2026-08-05,2.9
EMP0034,BR04,2026-08-05,2.3
EMP0035,BR04,2026-08-05,2.4
EMP0036,BR04,2026-08-05,2.2
EMP0037,BR04,2026-08-05,2.5
EMP0039,BR04,2026-08-05,2.4
EMP0040,BR04,2026-08-05,2.3
EMP0031,BR04,2026-08-06,2.1
EMP0034,BR04,2026-08-06,2.3
EMP0035,BR04,2026-08-06,2.7
EMP0036,BR04,2026-08-06,2.5
EMP0037,BR04,2026-08-06,2.5
EMP0038,BR04,2026-08-06,2.4
EMP0039,BR04,2026-08-06,2.4
EMP0031,BR04,2026-08-07,2.8
EMP0032,BR04,2026-08-07,2.0
EMP0033,BR04,2026-08-07,2.5
EMP0034,BR04,2026-08-07,2.3
EMP0035,BR04,2026-08-07,2.0
EMP0036,BR04,2026-08-07,2.3
EMP0038,BR04,2026-08-07,2.2
EMP0039,BR04,2026-08-07,2.4
EMP0031,BR04,2026-08-08,2.4
EMP0032,BR04,2026-08-08,2.2
EMP0033,BR04,2026-08-08,2.7
EMP0034,BR04,2026-08-08,2.2
EMP0035,BR04,2026-08-08,2.3
EMP0036,BR04,2026-08-08,2.3
EMP0037,BR04,2026-08-08,2.4
EMP0038,BR04,2026-08-08,2.9
EMP0039,BR04,2026-08-08,2.7
EMP0040,BR04,2026-08-08,2.5
EMP0031,BR04,2026-08-09,2.4
EMP0033,BR04,2026-08-09,2.2
EMP0034,BR04,2026-08-09,2.6
EMP0035,BR04,2026-08-09,2.3
EMP0037,BR04,2026-08-09,2.8
EMP0038,BR04,2026-08-09,2.5
EMP0039,BR04,2026-08-09,2.3
EMP0040,BR04,2026-08-09,2.4
EMP0032,BR04,2026-08-10,2.5
EMP0033,BR04,2026-08-10,2.2
EMP0034,BR04,2026-08-10,2.4
EMP0038,BR04,2026-08-10,2.6
EMP0040,BR04,2026-08-10,2.1
EMP0031,BR04,2026-08-11,2.3
EMP0032,BR04,2026-08-11,2.3
EMP0033,BR04,2026-08-11,2.3
EMP0034,BR04,2026-08-11,2.1
EMP0036,BR04,2026-08-11,2.6
EMP0037,BR04,2026-08-11,2.5
EMP0038,BR04,2026-08-11,2.6
EMP0039,BR04,2026-08-11,2.7
EMP0031,BR04,2026-08-12,2.4
EMP0032,BR04,2026-08-12,2.8
EMP0033,BR04,2026-08-12,1.9
EMP0034,BR04,2026-08-12,2.5
EMP0035,BR04,2026-08-12,2.7
EMP0036,BR04,2026-08-12,2.5
EMP0038,BR04,2026-08-12,2.3
EMP0039,BR04,2026-08-12,2.7
EMP0031,BR04,2026-08-13,2.3
EMP0032,BR04,2026-08-13,2.3
EMP0034,BR04,2026-08-13,2.3
EMP0037,BR04,2026-08-13,2.5
EMP0038,BR04,2026-08-13,2.5
EMP0039,BR04,2026-08-13,2.6
EMP0040,BR04,2026-08-13,2.3
EMP0031,BR04,2026-08-14,2.4
EMP0032,BR04,2026-08-14,2.4
EMP0034,BR04,2026-08-14,2.6
EMP0036,BR04,2026-08-14,2.4
EMP0038,BR04,2026-08-14,2.5
EMP0039,BR04,2026-08-14,2.6
EMP0040,BR04,2026-08-14,2.0
EMP0031,BR04,2026-08-15,2.0
EMP0032,BR04,2026-08-15,2.6
EMP0033,BR04,2026-08-15,2.5
EMP0035,BR04,2026-08-15,2.4
EMP0037,BR04,2026-08-15,2.7
EMP0038,BR04,2026-08-15,2.5
EMP0039,BR04,2026-08-15,2.2
EMP0040,BR04,2026-08-15,2.6
EMP0032,BR04,2026-08-16,2.4
EMP0033,BR04,2026-08-16,2.6
EMP0034,BR04,2026-08-16,2.1
EMP0035,BR04,2026-08-16,2.5
EMP0037,BR04,2026-08-16,2.5
EMP0038,BR04,2026-08-16,2.5
EMP0039,BR04,2026-08-16,2.7
EMP0031,BR04,2026-08-17,2.1
EMP0032,BR04,2026-08-17,2.4
EMP0033,BR04,2026-08-17,2.3
EMP0034,BR04,2026-08-17,2.4
EMP0035,BR04,2026-08-17,2.3
EMP0036,BR04,2026-08-17,2.4
EMP0037,BR04,2026-08-17,2.3
EMP0038,BR04,2026-08-17,2.4
EMP0039,BR04,2026-08-17,2.5
EMP0040,BR04,2026-08-17,2.6
EMP0031,BR04,2026-08-18,2.7
EMP0032,BR04,2026-08-18,2.1
EMP0033,BR04,2026-08-18,2.6
EMP0034,BR04,2026-08-18,2.2
EMP0035,BR04,2026-08-18,2.4
EMP0036,BR04,2026-08-18,2.1
EMP0037,BR04,2026-08-18,2.0
EMP0038,BR04,2026-08-18,2.9
EMP0039,BR04,2026-08-18,2.4
EMP0040,BR04,2026-08-18,2.4
EMP0032,BR04,2026-08-19,2.2
EMP0033,BR04,2026-08-19,2.6
EMP0034,BR04,2026-08-19,2.7
EMP0035,BR04,2026-08-19,2.5
EMP0037,BR04,2026-08-19,2.2
EMP0038,BR04,2026-08-19,2.1
EMP0040,BR04,2026-08-19,2.2
EMP0031,BR04,2026-08-20,2.3
EMP0035,BR04,2026-08-20,2.4
EMP0036,BR04,2026-08-20,2.5
EMP0037,BR04,2026-08-20,2.2
EMP0038,BR04,2026-08-20,2.7
EMP0040,BR04,2026-08-20,2.3
EMP0031,BR04,2026-08-21,2.6
EMP0032,BR04,2026-08-21,2.3
EMP0033,BR04,2026-08-21,2.7
EMP0034,BR04,2026-08-21,2.2
EMP0035,BR04,2026-08-21,2.3
EMP0036,BR04,2026-08-21,2.6
EMP0038,BR04,2026-08-21,2.5
EMP0039,BR04,2026-08-21,2.0
EMP0032,BR04,2026-08-22,2.5
EMP0033,BR04,2026-08-22,2.5
EMP0034,BR04,2026-08-22,2.3
EMP0035,BR04,2026-08-22,2.5
EMP0036,BR04,2026-08-22,2.5
EMP0038,BR04,2026-08-22,2.2
EMP0039,BR04,2026-08-22,2.3
EMP0040,BR04,2026-08-22,2.3
EMP0031,BR04,2026-08-23,2.6
EMP0032,BR04,2026-08-23,2.6
EMP0033,BR04,2026-08-23,2.3
EMP0034,BR04,2026-08-23,2.3
EMP0035,BR04,2026-08-23,2.2
EMP0037,BR04,2026-08-23,2.5
EMP0038,BR04,2026-08-23,2.3
EMP0039,BR04,2026-08-23,2.0
EMP0032,BR04,2026-08-24,2.5
EMP0033,BR04,2026-08-24,2.8
EMP0034,BR04,2026-08-24,2.2
EMP0035,BR04,2026-08-24,2.5
EMP0036,BR04,2026-08-24,2.5
EMP0037,BR04,2026-08-24,1.9
EMP0038,BR04,2026-08-24,2.2
EMP0039,BR04,2026-08-24,2.1
EMP0040,BR04,2026-08-24,2.8
EMP0031,BR04,2026-08-25,1.9
EMP0032,BR04,2026-08-25,2.3
EMP0033,BR04,2026-08-25,2.5
EMP0034,BR04,2026-08-25,2.2
EMP0035,BR04,2026-08-25,1.9
EMP0036,BR04,2026-08-25,2.3
EMP0037,BR04,2026-08-25,2.2
EMP0039,BR04,2026-08-25,2.4
EMP0040,BR04,2026-08-25,2.2
EMP0031,BR04,2026-08-26,2.3
EMP0032,BR04,2026-08-26,1.9
EMP0033,BR04,2026-08-26,2.6
EMP0034,BR04,2026-08-26,2.5
EMP0035,BR04,2026-08-26,2.7
EMP0036,BR04,2026-08-26,2.2
EMP0037,BR04,2026-08-26,2.4
EMP0038,BR04,2026-08-26,2.5
EMP0039,BR04,2026-08-26,2.2
EMP0031,BR04,2026-08-27,2.4
EMP0032,BR04,2026-08-27,2.3
EMP0033,BR04,2026-08-27,2.7
EMP0034,BR04,2026-08-27,2.4
EMP0035,BR04,2026-08-27,2.2
EMP0037,BR04,2026-08-27,2.3
EMP0038,BR04,2026-08-27,2.1
EMP0040,BR04,2026-08-27,2.5
EMP0031,BR04,2026-08-28,2.0
EMP0033,BR04,2026-08-28,2.8
EMP0035,BR04,2026-08-28,2.2
EMP0037,BR04,2026-08-28,2.7
EMP0038,BR04,2026-08-28,2.2
EMP0039,BR04,2026-08-28,2.7
EMP0040,BR04,2026-08-28,2.0
EMP0031,BR04,2026-08-29,2.3
EMP0032,BR04,2026-08-29,2.4
EMP0033,BR04,2026-08-29,2.8
EMP0034,BR04,2026-08-29,2.5
EMP0035,BR04,2026-08-29,2.5
EMP0037,BR04,2026-08-29,2.4
EMP0039,BR04,2026-08-29,2.7
EMP0040,BR04,2026-08-29,2.0
EMP0031,BR04,2026-08-30,2.5
EMP0032,BR04,2026-08-30,2.5
EMP0033,BR04,2026-08-30,2.2
EMP0034,BR04,2026-08-30,2.7
EMP0036,BR04,2026-08-30,2.6
EMP0037,BR04,2026-08-30,2.5
EMP0039,BR04,2026-08-30,2.7
EMP0040,BR04,2026-08-30,2.1
EMP0031,BR04,2026-08-31,2.3
EMP0032,BR04,2026-08-31,2.5
EMP0033,BR04,2026-08-31,2.5
EMP0034,BR04,2026-08-31,2.5
EMP0035,BR04,2026-08-31,2.6
EMP0036,BR04,2026-08-31,2.5
EMP0037,BR04,2026-08-31,1.9
EMP0038,BR04,2026-08-31,2.8
EMP0039,BR04,2026-08-31,2.5
EMP0040,BR04,2026-08-31,2.3
EMP0031,BR04,2026-09-01,2.4
EMP0032,BR04,2026-09-01,2.2
EMP0033,BR04,2026-09-01,2.0
EMP0034,BR04,2026-09-01,2.3
EMP0035,BR04,2026-09-01,2.1
EMP0036,BR04,2026-09-01,2.0
EMP0037,BR04,2026-09-01,1.9
EMP0039,BR04,2026-09-01,2.2
EMP0040,BR04,2026-09-01,1.9
EMP0031,BR04,2026-09-02,2.1
EMP0033,BR04,2026-09-02,2.4
EMP0035,BR04,2026-09-02,2.2
EMP0037,BR04,2026-09-02,2.2
EMP0038,BR04,2026-09-02,1.9
EMP0040,BR04,2026-09-02,1.8
EMP0031,BR04,2026-09-03,2.5
EMP0032,BR04,2026-09-03,2.5
EMP0033,BR04,2026-09-03,2.7
EMP0034,BR04,2026-09-03,2.5
EMP0035,BR04,2026-09-03,2.1
EMP0036,BR04,2026-09-03,2.1
EMP0037,BR04,2026-09-03,2.3
EMP0038,BR04,2026-09-03,1.9
EMP0040,BR04,2026-09-03,2.0
EMP0031,BR04,2026-09-04,2.0
EMP0032,BR04,2026-09-04,2.1
EMP0034,BR04,2026-09-04,2.1
EMP0035,BR04,2026-09-04,1.9
EMP0036,BR04,2026-09-04,2.3
EMP0038,BR04,2026-09-04,1.8
EMP0040,BR04,2026-09-04,2.1
EMP0032,BR04,2026-09-05,2.0
EMP0033,BR04,2026-09-05,2.3
EMP0034,BR04,2026-09-05,1.9
EMP0035,BR04,2026-09-05,2.2
EMP0036,BR04,2026-09-05,2.1
EMP0038,BR04,2026-09-05,1.8
EMP0031,BR04,2026-09-06,2.0
EMP0033,BR04,2026-09-06,2.2
EMP0034,BR04,2026-09-06,2.2
EMP0035,BR04,2026-09-06,2.2
EMP0036,BR04,2026-09-06,2.1
EMP0037,BR04,2026-09-06,1.8
EMP0038,BR04,2026-09-06,1.9
EMP0039,BR04,2026-09-06,2.3
EMP0040,BR04,2026-09-06,2.1
EMP0031,BR04,2026-09-07,2.2
EMP0032,BR04,2026-09-07,2.2
EMP0033,BR04,2026-09-07,2.1
EMP0034,BR04,2026-09-07,2.0
EMP0035,BR04,2026-09-07,2.0
EMP0036,BR04,2026-09-07,1.8
EMP0037,BR04,2026-09-07,2.3
EMP0038,BR04,2026-09-07,2.2
EMP0040,BR04,2026-09-07,2.0
EMP0031,BR04,2026-09-08,2.2
EMP0032,BR04,2026-09-08,2.1
EMP0034,BR04,2026-09-08,2.4
EMP0035,BR04,2026-09-08,1.7
EMP0036,BR04,2026-09-08,2.0
EMP0037,BR04,2026-09-08,2.1
EMP0038,BR04,2026-09-08,2.1
EMP0040,BR04,2026-09-08,2.1
EMP0032,BR04,2026-09-09,2.1
EMP0033,BR04,2026-09-09,2.2
EMP0035,BR04,2026-09-09,2.2
EMP0036,BR04,2026-09-09,2.3
EMP0038,BR04,2026-09-09,2.2
EMP0039,BR04,2026-09-09,2.1
EMP0040,BR04,2026-09-09,2.1
EMP0031,BR04,2026-09-10,2.3
EMP0033,BR04,2026-09-10,2.5
EMP0034,BR04,2026-09-10,2.0
EMP0035,BR04,2026-09-10,2.2
EMP0036,BR04,2026-09-10,2.4
EMP0037,BR04,2026-09-10,2.4
EMP0038,BR04,2026-09-10,2.2
EMP0040,BR04,2026-09-10,2.1
EMP0032,BR04,2026-09-11,2.2
EMP0033,BR04,2026-09-11,2.3
EMP0034,BR04,2026-09-11,1.9
EMP0037,BR04,2026-09-11,2.4
EMP0038,BR04,2026-09-11,2.1
EMP0039,BR04,2026-09-11,2.4
EMP0040,BR04,2026-09-11,2.1
EMP0031,BR04,2026-09-12,2.4
EMP0032,BR04,2026-09-12,2.1
EMP0034,BR04,2026-09-12,2.1
EMP0035,BR04,2026-09-12,2.0
EMP0036,BR04,2026-09-12,2.2
EMP0037,BR04,2026-09-12,2.1
EMP0038,BR04,2026-09-12,2.2
EMP0039,BR04,2026-09-12,2.4
EMP0040,BR04,2026-09-12,1.9
EMP0032,BR04,2026-09-13,2.3
EMP0033,BR04,2026-09-13,2.2
EMP0034,BR04,2026-09-13,2.1
EMP0035,BR04,2026-09-13,2.0
EMP0036,BR04,2026-09-13,1.7
EMP0037,BR04,2026-09-13,2.3
EMP0038,BR04,2026-09-13,1.9
EMP0039,BR04,2026-09-13,2.0
EMP0031,BR04,2026-09-14,2.0
EMP0032,BR04,2026-09-14,2.6
EMP0033,BR04,2026-09-14,2.1
EMP0034,BR04,2026-09-14,1.9
EMP0036,BR04,2026-09-14,2.3
EMP0037,BR04,2026-09-14,2.1
EMP0038,BR04,2026-09-14,2.0
EMP0039,BR04,2026-09-14,1.8
EMP0040,BR04,2026-09-14,2.1
EMP0031,BR04,2026-09-15,1.9
EMP0032,BR04,2026-09-15,1.9
EMP0033,BR04,2026-09-15,2.4
EMP0034,BR04,2026-09-15,1.9
EMP0035,BR04,2026-09-15,1.8
EMP0036,BR04,2026-09-15,2.2
EMP0037,BR04,2026-09-15,2.2
EMP0039,BR04,2026-09-15,2.1
EMP0031,BR04,2026-09-16,2.0
EMP0032,BR04,2026-09-16,2.0
EMP0033,BR04,2026-09-16,2.2
EMP0034,BR04,2026-09-16,2.2
EMP0035,BR04,2026-09-16,2.0
EMP0036,BR04,2026-09-16,2.0
EMP0037,BR04,2026-09-16,2.2
EMP0039,BR04,2026-09-16,2.1
EMP0040,BR04,2026-09-16,2.0
EMP0031,BR04,2026-09-17,1.8
EMP0032,BR04,2026-09-17,2.0
EMP0033,BR04,2026-09-17,2.0
EMP0034,BR04,2026-09-17,1.9
EMP0035,BR04,2026-09-17,2.2
EMP0037,BR04,2026-09-17,2.2
EMP0039,BR04,2026-09-17,2.2
EMP0040,BR04,2026-09-17,2.4
EMP0031,BR04,2026-09-18,2.1
EMP0032,BR04,2026-09-18,2.0
EMP0033,BR04,2026-09-18,2.3
EMP0034,BR04,2026-09-18,2.1
EMP0035,BR04,2026-09-18,2.2
EMP0036,BR04,2026-09-18,1.9
EMP0037,BR04,2026-09-18,2.1
EMP0038,BR04,2026-09-18,2.0
EMP0039,BR04,2026-09-18,2.0
EMP0040,BR04,2026-09-18,2.3
EMP0032,BR04,2026-09-19,2.0
EMP0033,BR04,2026-09-19,2.0
EMP0034,BR04,2026-09-19,2.2
EMP0036,BR04,2026-09-19,2.4
EMP0037,BR04,2026-09-19,2.0
EMP0038,BR04,2026-09-19,2.1
EMP0039,BR04,2026-09-19,2.4
EMP0040,BR04,2026-09-19,2.1
EMP0031,BR04,2026-09-20,2.4
EMP0033,BR04,2026-09-20,2.2
EMP0034,BR04,2026-09-20,2.2
EMP0036,BR04,2026-09-20,2.2
EMP0038,BR04,2026-09-20,1.9
EMP0039,BR04,2026-09-20,1.9
EMP0040,BR04,2026-09-20,2.0
EMP0042,BR05,2026-04-01,2.9
EMP0044,BR05,2026-04-01,3.0
EMP0046,BR05,2026-04-01,2.5
EMP0047,BR05,2026-04-01,3.1
EMP0041,BR05,2026-04-02,2.3
EMP0042,BR05,2026-04-02,3.1
EMP0044,BR05,2026-04-02,2.2
EMP0045,BR05,2026-04-02,2.9
EMP0046,BR05,2026-04-02,2.7
EMP0047,BR05,2026-04-02,2.6
EMP0041,BR05,2026-04-03,2.4
EMP0042,BR05,2026-04-03,2.9
EMP0043,BR05,2026-04-03,2.9
EMP0047,BR05,2026-04-03,2.9
EMP0041,BR05,2026-04-04,2.4
EMP0042,BR05,2026-04-04,2.5
EMP0043,BR05,2026-04-04,2.6
EMP0044,BR05,2026-04-04,2.9
EMP0045,BR05,2026-04-04,2.4
EMP0046,BR05,2026-04-04,2.8
EMP0047,BR05,2026-04-04,2.8
EMP0042,BR05,2026-04-05,2.4
EMP0044,BR05,2026-04-05,2.4
EMP0045,BR05,2026-04-05,3.0
EMP0046,BR05,2026-04-05,2.2
EMP0047,BR05,2026-04-05,2.4
EMP0042,BR05,2026-04-06,3.0
EMP0043,BR05,2026-04-06,2.8
EMP0044,BR05,2026-04-06,2.7
EMP0045,BR05,2026-04-06,2.8
EMP0046,BR05,2026-04-06,2.4
EMP0047,BR05,2026-04-06,2.7
EMP0043,BR05,2026-04-07,2.8
EMP0046,BR05,2026-04-07,2.3
EMP0041,BR05,2026-04-08,2.7
EMP0043,BR05,2026-04-08,3.2
EMP0044,BR05,2026-04-08,3.0
EMP0045,BR05,2026-04-08,2.4
EMP0046,BR05,2026-04-08,2.7
EMP0042,BR05,2026-04-09,2.4
EMP0044,BR05,2026-04-09,2.6
EMP0045,BR05,2026-04-09,2.6
EMP0047,BR05,2026-04-09,2.5
EMP0041,BR05,2026-04-10,2.5
EMP0042,BR05,2026-04-10,2.9
EMP0045,BR05,2026-04-10,2.5
EMP0046,BR05,2026-04-10,2.6
EMP0042,BR05,2026-04-11,2.4
EMP0044,BR05,2026-04-11,2.9
EMP0046,BR05,2026-04-11,2.9
EMP0042,BR05,2026-04-12,2.6
EMP0044,BR05,2026-04-12,2.8
EMP0045,BR05,2026-04-12,2.7
EMP0047,BR05,2026-04-12,2.3
EMP0041,BR05,2026-04-13,2.9
EMP0042,BR05,2026-04-13,2.5
EMP0043,BR05,2026-04-13,2.9
EMP0044,BR05,2026-04-13,2.7
EMP0045,BR05,2026-04-13,2.9
EMP0047,BR05,2026-04-13,2.8
EMP0043,BR05,2026-04-14,2.9
EMP0045,BR05,2026-04-14,2.8
EMP0046,BR05,2026-04-14,3.1
EMP0042,BR05,2026-04-15,2.4
EMP0043,BR05,2026-04-15,2.6
EMP0045,BR05,2026-04-15,2.3
EMP0046,BR05,2026-04-15,2.9
EMP0047,BR05,2026-04-15,2.6
EMP0041,BR05,2026-04-16,2.4
EMP0045,BR05,2026-04-16,2.2
EMP0047,BR05,2026-04-16,2.8
EMP0042,BR05,2026-04-17,2.8
EMP0043,BR05,2026-04-17,3.0
EMP0044,BR05,2026-04-17,2.8
EMP0045,BR05,2026-04-17,2.7
EMP0046,BR05,2026-04-17,3.1
EMP0047,BR05,2026-04-17,2.4
EMP0044,BR05,2026-04-18,2.0
EMP0045,BR05,2026-04-18,1.9
EMP0046,BR05,2026-04-18,2.8
EMP0047,BR05,2026-04-18,2.5
EMP0041,BR05,2026-04-19,2.9
EMP0043,BR05,2026-04-19,2.8
EMP0046,BR05,2026-04-19,2.9
EMP0047,BR05,2026-04-19,2.7
EMP0042,BR05,2026-04-20,2.7
EMP0044,BR05,2026-04-20,2.8
EMP0045,BR05,2026-04-20,2.7
EMP0046,BR05,2026-04-20,2.2
EMP0042,BR05,2026-04-21,2.7
EMP0043,BR05,2026-04-21,2.4
EMP0044,BR05,2026-04-21,3.2
EMP0045,BR05,2026-04-21,2.5
EMP0046,BR05,2026-04-21,2.6
EMP0041,BR05,2026-04-22,2.4
EMP0042,BR05,2026-04-22,2.3
EMP0043,BR05,2026-04-22,2.7
EMP0045,BR05,2026-04-22,2.9
EMP0046,BR05,2026-04-22,2.7
EMP0047,BR05,2026-04-22,2.5
EMP0041,BR05,2026-04-23,2.0
EMP0043,BR05,2026-04-23,2.7
EMP0044,BR05,2026-04-23,2.3
EMP0045,BR05,2026-04-23,2.9
EMP0046,BR05,2026-04-23,2.2
EMP0041,BR05,2026-04-24,2.5
EMP0044,BR05,2026-04-24,2.7
EMP0046,BR05,2026-04-24,2.8
EMP0047,BR05,2026-04-24,2.6
EMP0041,BR05,2026-04-25,2.3
EMP0042,BR05,2026-04-25,2.9
EMP0043,BR05,2026-04-25,3.2
EMP0045,BR05,2026-04-25,2.4
EMP0046,BR05,2026-04-25,2.4
EMP0047,BR05,2026-04-25,2.9
EMP0041,BR05,2026-04-26,2.8
EMP0043,BR05,2026-04-26,2.7
EMP0047,BR05,2026-04-26,2.7
EMP0041,BR05,2026-04-27,2.5
EMP0042,BR05,2026-04-27,2.3
EMP0043,BR05,2026-04-27,2.5
EMP0045,BR05,2026-04-27,2.8
EMP0046,BR05,2026-04-27,2.4
EMP0047,BR05,2026-04-27,2.6
EMP0041,BR05,2026-04-28,2.6
EMP0042,BR05,2026-04-28,2.7
EMP0043,BR05,2026-04-28,3.1
EMP0044,BR05,2026-04-28,2.5
EMP0045,BR05,2026-04-28,2.9
EMP0046,BR05,2026-04-28,3.0
EMP0047,BR05,2026-04-28,2.9
EMP0041,BR05,2026-04-29,2.7
EMP0043,BR05,2026-04-29,2.4
EMP0047,BR05,2026-04-29,2.7
EMP0041,BR05,2026-04-30,3.1
EMP0042,BR05,2026-04-30,3.1
EMP0043,BR05,2026-04-30,2.3
EMP0045,BR05,2026-04-30,3.1
EMP0046,BR05,2026-04-30,2.1
EMP0047,BR05,2026-04-30,2.8
EMP0041,BR05,2026-05-01,3.5
EMP0042,BR05,2026-05-01,2.8
EMP0044,BR05,2026-05-01,2.7
EMP0045,BR05,2026-05-01,2.4
EMP0046,BR05,2026-05-01,3.1
EMP0047,BR05,2026-05-01,2.7
EMP0041,BR05,2026-05-02,2.8
EMP0042,BR05,2026-05-02,3.3
EMP0043,BR05,2026-05-02,3.1
EMP0045,BR05,2026-05-02,2.3
EMP0046,BR05,2026-05-02,2.9
EMP0047,BR05,2026-05-02,2.8
EMP0041,BR05,2026-05-03,2.8
EMP0042,BR05,2026-05-03,2.8
EMP0043,BR05,2026-05-03,2.6
EMP0044,BR05,2026-05-03,3.4
EMP0045,BR05,2026-05-03,3.0
EMP0047,BR05,2026-05-03,3.1
EMP0041,BR05,2026-05-04,3.1
EMP0042,BR05,2026-05-04,2.6
EMP0044,BR05,2026-05-04,3.5
EMP0041,BR05,2026-05-05,2.8
EMP0044,BR05,2026-05-05,2.8
EMP0042,BR05,2026-05-06,3.1
EMP0043,BR05,2026-05-06,3.3
EMP0044,BR05,2026-05-06,2.9
EMP0042,BR05,2026-05-07,2.6
EMP0043,BR05,2026-05-07,3.2
EMP0044,BR05,2026-05-07,3.4
EMP0046,BR05,2026-05-07,3.2
EMP0047,BR05,2026-05-07,2.8
EMP0042,BR05,2026-05-08,2.8
EMP0044,BR05,2026-05-08,3.5
EMP0045,BR05,2026-05-08,3.0
EMP0046,BR05,2026-05-08,3.5
EMP0047,BR05,2026-05-08,3.2
EMP0041,BR05,2026-05-09,3.0
EMP0045,BR05,2026-05-09,3.2
EMP0047,BR05,2026-05-09,3.1
EMP0043,BR05,2026-05-10,3.0
EMP0044,BR05,2026-05-10,2.4
EMP0045,BR05,2026-05-10,3.7
EMP0046,BR05,2026-05-10,3.3
EMP0047,BR05,2026-05-10,2.9
EMP0042,BR05,2026-05-11,3.2
EMP0043,BR05,2026-05-11,3.6
EMP0045,BR05,2026-05-11,3.5
EMP0046,BR05,2026-05-11,3.1
EMP0044,BR05,2026-05-12,2.5
EMP0045,BR05,2026-05-12,3.4
EMP0046,BR05,2026-05-12,3.3
EMP0047,BR05,2026-05-12,2.8
EMP0041,BR05,2026-05-13,2.6
EMP0042,BR05,2026-05-13,3.5
EMP0044,BR05,2026-05-13,3.1
EMP0046,BR05,2026-05-13,2.7
EMP0047,BR05,2026-05-13,3.1
EMP0041,BR05,2026-05-14,3.7
EMP0045,BR05,2026-05-14,2.3
EMP0046,BR05,2026-05-14,2.9
EMP0041,BR05,2026-05-15,2.8
EMP0042,BR05,2026-05-15,3.3
EMP0043,BR05,2026-05-15,3.3
EMP0044,BR05,2026-05-15,2.8
EMP0045,BR05,2026-05-15,3.2
EMP0046,BR05,2026-05-15,2.9
EMP0047,BR05,2026-05-15,3.1
EMP0041,BR05,2026-05-16,3.4
EMP0044,BR05,2026-05-16,2.9
EMP0045,BR05,2026-05-16,3.4
EMP0046,BR05,2026-05-16,3.7
EMP0047,BR05,2026-05-16,3.3
EMP0041,BR05,2026-05-17,3.1
EMP0042,BR05,2026-05-17,3.3
EMP0043,BR05,2026-05-17,2.8
EMP0044,BR05,2026-05-17,3.0
EMP0045,BR05,2026-05-17,2.5
EMP0041,BR05,2026-05-18,3.1
EMP0042,BR05,2026-05-18,3.1
EMP0044,BR05,2026-05-18,3.1
EMP0045,BR05,2026-05-18,2.9
EMP0046,BR05,2026-05-18,2.9
EMP0047,BR05,2026-05-18,3.0
EMP0046,BR05,2026-05-19,3.3
EMP0047,BR05,2026-05-19,3.0
EMP0042,BR05,2026-05-20,3.3
EMP0044,BR05,2026-05-20,3.2
EMP0045,BR05,2026-05-20,3.0
EMP0046,BR05,2026-05-20,3.5
EMP0047,BR05,2026-05-20,2.7
EMP0041,BR05,2026-05-21,2.7
EMP0042,BR05,2026-05-21,3.4
EMP0043,BR05,2026-05-21,3.1
EMP0044,BR05,2026-05-21,2.6
EMP0047,BR05,2026-05-21,2.7
EMP0041,BR05,2026-05-22,2.8
EMP0042,BR05,2026-05-22,3.1
EMP0046,BR05,2026-05-22,3.1
EMP0047,BR05,2026-05-22,2.5
EMP0041,BR05,2026-05-23,2.9
EMP0043,BR05,2026-05-23,3.3
EMP0045,BR05,2026-05-23,3.1
EMP0047,BR05,2026-05-23,2.4
EMP0041,BR05,2026-05-24,2.7
EMP0042,BR05,2026-05-24,2.7
EMP0043,BR05,2026-05-24,3.3
EMP0045,BR05,2026-05-24,2.4
EMP0046,BR05,2026-05-24,3.9
EMP0047,BR05,2026-05-24,3.1
EMP0042,BR05,2026-05-25,2.4
EMP0046,BR05,2026-05-25,3.8
EMP0047,BR05,2026-05-25,3.1
EMP0041,BR05,2026-05-26,3.2
EMP0042,BR05,2026-05-26,3.4
EMP0043,BR05,2026-05-26,2.6
EMP0044,BR05,2026-05-26,2.9
EMP0045,BR05,2026-05-26,3.2
EMP0046,BR05,2026-05-26,3.2
EMP0047,BR05,2026-05-26,3.0
EMP0041,BR05,2026-05-27,3.3
EMP0042,BR05,2026-05-27,2.7
EMP0043,BR05,2026-05-27,3.2
EMP0045,BR05,2026-05-27,3.1
EMP0041,BR05,2026-05-28,2.8
EMP0044,BR05,2026-05-28,3.0
EMP0047,BR05,2026-05-28,3.4
EMP0041,BR05,2026-05-29,3.0
EMP0043,BR05,2026-05-29,3.2
EMP0044,BR05,2026-05-29,2.8
EMP0042,BR05,2026-05-30,2.9
EMP0044,BR05,2026-05-30,3.0
EMP0046,BR05,2026-05-30,2.9
EMP0047,BR05,2026-05-30,3.1
EMP0043,BR05,2026-05-31,1.8
EMP0044,BR05,2026-05-31,2.8
EMP0045,BR05,2026-05-31,2.9
EMP0046,BR05,2026-05-31,3.1
EMP0047,BR05,2026-05-31,2.8
EMP0041,BR05,2026-06-01,2.3
EMP0045,BR05,2026-06-01,2.1
EMP0046,BR05,2026-06-01,2.2
EMP0041,BR05,2026-06-02,2.3
EMP0043,BR05,2026-06-02,2.6
EMP0045,BR05,2026-06-02,2.5
EMP0046,BR05,2026-06-02,1.8
EMP0047,BR05,2026-06-02,2.7
EMP0042,BR05,2026-06-03,2.3
EMP0044,BR05,2026-06-03,2.5
EMP0045,BR05,2026-06-03,2.7
EMP0047,BR05,2026-06-03,3.1
EMP0041,BR05,2026-06-04,2.4
EMP0042,BR05,2026-06-04,1.9
EMP0044,BR05,2026-06-04,2.6
EMP0046,BR05,2026-06-04,2.3
EMP0041,BR05,2026-06-05,2.1
EMP0042,BR05,2026-06-05,2.4
EMP0044,BR05,2026-06-05,2.2
EMP0046,BR05,2026-06-05,2.3
EMP0041,BR05,2026-06-06,2.5
EMP0044,BR05,2026-06-06,2.1
EMP0045,BR05,2026-06-06,2.6
EMP0046,BR05,2026-06-06,2.0
EMP0047,BR05,2026-06-06,2.5
EMP0042,BR05,2026-06-07,2.3
EMP0043,BR05,2026-06-07,2.4
EMP0045,BR05,2026-06-07,2.1
EMP0047,BR05,2026-06-07,2.4
EMP0043,BR05,2026-06-08,1.9
EMP0044,BR05,2026-06-08,2.3
EMP0045,BR05,2026-06-08,2.0
EMP0046,BR05,2026-06-08,2.7
EMP0043,BR05,2026-06-09,2.1
EMP0044,BR05,2026-06-09,2.2
EMP0047,BR05,2026-06-09,2.4
EMP0042,BR05,2026-06-10,2.2
EMP0043,BR05,2026-06-10,2.6
EMP0045,BR05,2026-06-10,2.1
EMP0046,BR05,2026-06-10,2.6
EMP0047,BR05,2026-06-10,2.3
EMP0043,BR05,2026-06-11,2.1
EMP0045,BR05,2026-06-11,1.9
EMP0046,BR05,2026-06-11,2.5
EMP0041,BR05,2026-06-12,2.1
EMP0046,BR05,2026-06-12,2.1
EMP0047,BR05,2026-06-12,2.5
EMP0041,BR05,2026-06-13,2.4
EMP0042,BR05,2026-06-13,2.0
EMP0043,BR05,2026-06-13,2.5
EMP0044,BR05,2026-06-13,2.2
EMP0045,BR05,2026-06-13,2.3
EMP0046,BR05,2026-06-13,2.5
EMP0047,BR05,2026-06-13,2.2
EMP0042,BR05,2026-06-14,2.2
EMP0043,BR05,2026-06-14,1.9
EMP0044,BR05,2026-06-14,2.5
EMP0045,BR05,2026-06-14,1.4
EMP0046,BR05,2026-06-14,2.0
EMP0041,BR05,2026-06-15,2.4
EMP0042,BR05,2026-06-15,2.7
EMP0044,BR05,2026-06-15,2.4
EMP0045,BR05,2026-06-15,2.2
EMP0046,BR05,2026-06-15,2.4
EMP0047,BR05,2026-06-15,2.3
EMP0042,BR05,2026-06-16,2.7
EMP0044,BR05,2026-06-16,1.9
EMP0046,BR05,2026-06-16,2.3
EMP0047,BR05,2026-06-16,1.9
EMP0042,BR05,2026-06-17,2.2
EMP0045,BR05,2026-06-17,2.1
EMP0043,BR05,2026-06-18,2.1
EMP0044,BR05,2026-06-18,2.0
EMP0045,BR05,2026-06-18,2.2
EMP0046,BR05,2026-06-18,2.1
EMP0041,BR05,2026-06-19,2.0
EMP0042,BR05,2026-06-19,2.4
EMP0043,BR05,2026-06-19,2.6
EMP0045,BR05,2026-06-19,2.1
EMP0047,BR05,2026-06-19,2.6
EMP0041,BR05,2026-06-20,2.4
EMP0043,BR05,2026-06-20,2.4
EMP0044,BR05,2026-06-20,2.5
EMP0046,BR05,2026-06-20,2.0
EMP0047,BR05,2026-06-20,2.3
EMP0041,BR05,2026-06-21,2.3
EMP0042,BR05,2026-06-21,1.9
EMP0043,BR05,2026-06-21,2.6
EMP0044,BR05,2026-06-21,2.5
EMP0045,BR05,2026-06-21,2.4
EMP0047,BR05,2026-06-21,2.1
EMP0041,BR05,2026-06-22,2.7
EMP0042,BR05,2026-06-22,2.0
EMP0043,BR05,2026-06-22,2.2
EMP0044,BR05,2026-06-22,2.2
EMP0046,BR05,2026-06-22,2.3
EMP0047,BR05,2026-06-22,2.0
EMP0041,BR05,2026-06-23,2.6
EMP0042,BR05,2026-06-23,2.0
EMP0044,BR05,2026-06-23,2.6
EMP0045,BR05,2026-06-23,2.5
EMP0046,BR05,2026-06-23,2.2
EMP0047,BR05,2026-06-23,2.3
EMP0041,BR05,2026-06-24,2.6
EMP0042,BR05,2026-06-24,2.3
EMP0046,BR05,2026-06-24,2.6
EMP0041,BR05,2026-06-25,2.3
EMP0042,BR05,2026-06-25,2.9
EMP0043,BR05,2026-06-25,2.5
EMP0044,BR05,2026-06-25,1.9
EMP0045,BR05,2026-06-25,2.0
EMP0046,BR05,2026-06-25,2.4
EMP0047,BR05,2026-06-25,2.1
EMP0041,BR05,2026-06-26,2.1
EMP0042,BR05,2026-06-26,2.4
EMP0043,BR05,2026-06-26,2.2
EMP0044,BR05,2026-06-26,2.0
EMP0045,BR05,2026-06-26,2.3
EMP0046,BR05,2026-06-26,2.6
EMP0047,BR05,2026-06-26,2.3
EMP0041,BR05,2026-06-27,2.4
EMP0042,BR05,2026-06-27,2.3
EMP0043,BR05,2026-06-27,2.3
EMP0044,BR05,2026-06-27,2.3
EMP0046,BR05,2026-06-27,2.4
EMP0047,BR05,2026-06-27,2.6
EMP0042,BR05,2026-06-28,2.2
EMP0043,BR05,2026-06-28,2.5
EMP0045,BR05,2026-06-28,2.1
EMP0046,BR05,2026-06-28,2.2
EMP0047,BR05,2026-06-28,2.3
EMP0041,BR05,2026-06-29,2.0
EMP0042,BR05,2026-06-29,2.1
EMP0043,BR05,2026-06-29,2.5
EMP0045,BR05,2026-06-29,2.3
EMP0046,BR05,2026-06-29,2.6
EMP0047,BR05,2026-06-29,2.4
EMP0042,BR05,2026-06-30,2.3
EMP0043,BR05,2026-06-30,2.4
EMP0044,BR05,2026-06-30,1.9
EMP0045,BR05,2026-06-30,2.6
EMP0046,BR05,2026-06-30,2.0
EMP0047,BR05,2026-06-30,2.2
EMP0041,BR05,2026-07-01,2.8
EMP0043,BR05,2026-07-01,2.9
EMP0044,BR05,2026-07-01,2.7
EMP0045,BR05,2026-07-01,2.8
EMP0046,BR05,2026-07-01,3.3
EMP0047,BR05,2026-07-01,2.7
EMP0042,BR05,2026-07-02,2.5
EMP0043,BR05,2026-07-02,2.6
EMP0046,BR05,2026-07-02,2.7
EMP0041,BR05,2026-07-03,2.3
EMP0043,BR05,2026-07-03,2.6
EMP0045,BR05,2026-07-03,2.3
EMP0042,BR05,2026-07-04,2.6
EMP0043,BR05,2026-07-04,2.5
EMP0046,BR05,2026-07-04,2.2
EMP0047,BR05,2026-07-04,2.7
EMP0041,BR05,2026-07-05,3.0
EMP0043,BR05,2026-07-05,3.1
EMP0044,BR05,2026-07-05,3.2
EMP0045,BR05,2026-07-05,2.9
EMP0042,BR05,2026-07-06,2.3
EMP0043,BR05,2026-07-06,2.5
EMP0046,BR05,2026-07-06,1.9
EMP0047,BR05,2026-07-06,2.5
EMP0041,BR05,2026-07-07,2.5
EMP0042,BR05,2026-07-07,2.5
EMP0043,BR05,2026-07-07,2.1
EMP0046,BR05,2026-07-07,2.5
EMP0047,BR05,2026-07-07,2.3
EMP0041,BR05,2026-07-08,2.6
EMP0042,BR05,2026-07-08,2.8
EMP0043,BR05,2026-07-08,2.8
EMP0044,BR05,2026-07-08,2.3
EMP0045,BR05,2026-07-08,2.7
EMP0041,BR05,2026-07-09,3.1
EMP0044,BR05,2026-07-09,2.7
EMP0045,BR05,2026-07-09,2.9
EMP0046,BR05,2026-07-09,2.2
EMP0047,BR05,2026-07-09,2.6
EMP0042,BR05,2026-07-10,2.8
EMP0044,BR05,2026-07-10,2.5
EMP0045,BR05,2026-07-10,1.8
EMP0047,BR05,2026-07-10,2.3
EMP0041,BR05,2026-07-11,2.4
EMP0042,BR05,2026-07-11,2.9
EMP0043,BR05,2026-07-11,2.2
EMP0045,BR05,2026-07-11,2.5
EMP0046,BR05,2026-07-11,2.2
EMP0047,BR05,2026-07-11,2.5
EMP0043,BR05,2026-07-12,2.7
EMP0044,BR05,2026-07-12,2.9
EMP0046,BR05,2026-07-12,2.8
EMP0047,BR05,2026-07-12,2.6
EMP0043,BR05,2026-07-13,2.4
EMP0044,BR05,2026-07-13,2.7
EMP0046,BR05,2026-07-13,2.8
EMP0042,BR05,2026-07-14,2.4
EMP0046,BR05,2026-07-14,2.2
EMP0047,BR05,2026-07-14,2.8
EMP0042,BR05,2026-07-15,3.1
EMP0044,BR05,2026-07-15,2.6
EMP0045,BR05,2026-07-15,2.5
EMP0047,BR05,2026-07-15,2.3
EMP0044,BR05,2026-07-16,2.8
EMP0046,BR05,2026-07-16,2.8
EMP0047,BR05,2026-07-16,2.3
EMP0041,BR05,2026-07-17,2.3
EMP0042,BR05,2026-07-17,2.6
EMP0043,BR05,2026-07-17,2.6
EMP0044,BR05,2026-07-17,2.2
EMP0045,BR05,2026-07-17,2.7
EMP0046,BR05,2026-07-17,2.3
EMP0047,BR05,2026-07-17,2.2
EMP0042,BR05,2026-07-18,2.2
EMP0044,BR05,2026-07-18,2.0
EMP0046,BR05,2026-07-18,2.0
EMP0047,BR05,2026-07-18,2.6
EMP0041,BR05,2026-07-19,2.6
EMP0043,BR05,2026-07-19,2.1
EMP0045,BR05,2026-07-19,2.5
EMP0046,BR05,2026-07-19,1.7
EMP0047,BR05,2026-07-19,2.7
EMP0042,BR05,2026-07-20,2.5
EMP0044,BR05,2026-07-20,2.4
EMP0046,BR05,2026-07-20,2.1
EMP0047,BR05,2026-07-20,2.3
EMP0041,BR05,2026-07-21,2.8
EMP0042,BR05,2026-07-21,2.5
EMP0043,BR05,2026-07-21,1.9
EMP0044,BR05,2026-07-21,2.4
EMP0045,BR05,2026-07-21,2.5
EMP0046,BR05,2026-07-21,2.5
EMP0047,BR05,2026-07-21,2.3
EMP0041,BR05,2026-07-22,3.0
EMP0042,BR05,2026-07-22,2.1
EMP0043,BR05,2026-07-22,2.7
EMP0044,BR05,2026-07-22,2.4
EMP0045,BR05,2026-07-22,2.3
EMP0046,BR05,2026-07-22,2.9
EMP0047,BR05,2026-07-22,2.5
EMP0042,BR05,2026-07-23,3.2
EMP0044,BR05,2026-07-23,2.6
EMP0045,BR05,2026-07-23,2.9
EMP0046,BR05,2026-07-23,2.2
EMP0041,BR05,2026-07-24,2.8
EMP0042,BR05,2026-07-24,2.3
EMP0043,BR05,2026-07-24,2.0
EMP0044,BR05,2026-07-24,2.5
EMP0045,BR05,2026-07-24,2.7
EMP0047,BR05,2026-07-24,2.4
EMP0041,BR05,2026-07-25,2.4
EMP0042,BR05,2026-07-25,2.7
EMP0043,BR05,2026-07-25,2.7
EMP0044,BR05,2026-07-25,2.6
EMP0046,BR05,2026-07-25,2.5
EMP0047,BR05,2026-07-25,2.8
EMP0042,BR05,2026-07-26,2.0
EMP0043,BR05,2026-07-26,2.9
EMP0045,BR05,2026-07-26,2.8
EMP0047,BR05,2026-07-26,2.7
EMP0043,BR05,2026-07-27,2.5
EMP0044,BR05,2026-07-27,2.2
EMP0045,BR05,2026-07-27,2.8
EMP0046,BR05,2026-07-27,3.3
EMP0047,BR05,2026-07-27,2.7
EMP0042,BR05,2026-07-28,2.7
EMP0046,BR05,2026-07-28,2.3
EMP0047,BR05,2026-07-28,2.1
EMP0041,BR05,2026-07-29,2.6
EMP0043,BR05,2026-07-29,2.0
EMP0044,BR05,2026-07-29,2.6
EMP0045,BR05,2026-07-29,2.9
EMP0046,BR05,2026-07-29,2.5
EMP0047,BR05,2026-07-29,2.6
EMP0042,BR05,2026-07-30,3.0
EMP0043,BR05,2026-07-30,2.3
EMP0044,BR05,2026-07-30,2.8
EMP0045,BR05,2026-07-30,2.6
EMP0043,BR05,2026-07-31,2.5
EMP0044,BR05,2026-07-31,3.0
EMP0045,BR05,2026-07-31,2.7
EMP0046,BR05,2026-07-31,2.6
EMP0047,BR05,2026-07-31,2.6
EMP0041,BR05,2026-08-01,3.3
EMP0042,BR05,2026-08-01,2.9
EMP0045,BR05,2026-08-01,2.8
EMP0046,BR05,2026-08-01,3.1
EMP0042,BR05,2026-08-02,3.4
EMP0043,BR05,2026-08-02,2.9
EMP0044,BR05,2026-08-02,3.2
EMP0045,BR05,2026-08-02,3.4
EMP0047,BR05,2026-08-02,2.6
EMP0042,BR05,2026-08-03,2.4
EMP0043,BR05,2026-08-03,2.4
EMP0044,BR05,2026-08-03,3.3
EMP0045,BR05,2026-08-03,2.7
EMP0046,BR05,2026-08-03,2.9
EMP0042,BR05,2026-08-04,2.8
EMP0044,BR05,2026-08-04,3.6
EMP0045,BR05,2026-08-04,3.2
EMP0047,BR05,2026-08-04,2.8
EMP0042,BR05,2026-08-05,2.7
EMP0046,BR05,2026-08-05,2.9
EMP0047,BR05,2026-08-05,3.4
EMP0045,BR05,2026-08-06,2.8
EMP0046,BR05,2026-08-06,3.2
EMP0047,BR05,2026-08-06,3.3
EMP0041,BR05,2026-08-07,3.4
EMP0042,BR05,2026-08-07,3.7
EMP0044,BR05,2026-08-07,3.4
EMP0045,BR05,2026-08-07,2.8
EMP0046,BR05,2026-08-07,3.4
EMP0047,BR05,2026-08-07,2.7
EMP0041,BR05,2026-08-08,3.2
EMP0042,BR05,2026-08-08,3.2
EMP0044,BR05,2026-08-08,3.1
EMP0045,BR05,2026-08-08,3.5
EMP0047,BR05,2026-08-08,3.6
EMP0043,BR05,2026-08-09,2.9
EMP0047,BR05,2026-08-09,2.9
EMP0041,BR05,2026-08-10,3.4
EMP0044,BR05,2026-08-10,2.6
EMP0046,BR05,2026-08-10,2.7
EMP0047,BR05,2026-08-10,2.8
EMP0042,BR05,2026-08-11,2.8
EMP0044,BR05,2026-08-11,3.0
EMP0045,BR05,2026-08-11,3.6
EMP0041,BR05,2026-08-12,3.1
EMP0042,BR05,2026-08-12,3.0
EMP0043,BR05,2026-08-12,3.2
EMP0044,BR05,2026-08-12,3.4
EMP0047,BR05,2026-08-12,2.8
EMP0042,BR05,2026-08-13,3.6
EMP0044,BR05,2026-08-13,3.1
EMP0045,BR05,2026-08-13,2.9
EMP0046,BR05,2026-08-13,2.9
EMP0047,BR05,2026-08-13,2.3
EMP0041,BR05,2026-08-14,2.6
EMP0042,BR05,2026-08-14,2.9
EMP0043,BR05,2026-08-14,2.9
EMP0044,BR05,2026-08-14,2.9
EMP0047,BR05,2026-08-14,3.2
EMP0042,BR05,2026-08-15,3.2
EMP0045,BR05,2026-08-15,2.4
EMP0046,BR05,2026-08-15,3.0
EMP0047,BR05,2026-08-15,3.0
EMP0041,BR05,2026-08-16,3.1
EMP0042,BR05,2026-08-16,2.8
EMP0043,BR05,2026-08-16,2.7
EMP0045,BR05,2026-08-16,3.3
EMP0047,BR05,2026-08-16,2.7
EMP0041,BR05,2026-08-17,2.8
EMP0043,BR05,2026-08-17,2.4
EMP0044,BR05,2026-08-17,2.9
EMP0045,BR05,2026-08-17,3.2
EMP0047,BR05,2026-08-17,2.7
EMP0041,BR05,2026-08-18,3.4
EMP0043,BR05,2026-08-18,3.2
EMP0045,BR05,2026-08-18,2.8
EMP0047,BR05,2026-08-18,3.2
EMP0041,BR05,2026-08-19,2.7
EMP0042,BR05,2026-08-19,2.8
EMP0043,BR05,2026-08-19,3.0
EMP0045,BR05,2026-08-19,3.3
EMP0046,BR05,2026-08-19,3.3
EMP0047,BR05,2026-08-19,2.8
EMP0041,BR05,2026-08-20,2.7
EMP0043,BR05,2026-08-20,3.0
EMP0044,BR05,2026-08-20,2.8
EMP0046,BR05,2026-08-20,3.8
EMP0042,BR05,2026-08-21,3.2
EMP0043,BR05,2026-08-21,3.1
EMP0044,BR05,2026-08-21,2.7
EMP0045,BR05,2026-08-21,2.4
EMP0046,BR05,2026-08-21,3.2
EMP0047,BR05,2026-08-21,3.4
EMP0042,BR05,2026-08-22,3.0
EMP0043,BR05,2026-08-22,2.7
EMP0045,BR05,2026-08-22,3.3
EMP0041,BR05,2026-08-23,2.8
EMP0042,BR05,2026-08-23,3.0
EMP0044,BR05,2026-08-23,2.8
EMP0045,BR05,2026-08-23,2.8
EMP0047,BR05,2026-08-23,3.0
EMP0041,BR05,2026-08-24,3.0
EMP0043,BR05,2026-08-24,3.0
EMP0046,BR05,2026-08-24,3.1
EMP0042,BR05,2026-08-25,3.2
EMP0043,BR05,2026-08-25,3.1
EMP0044,BR05,2026-08-25,3.2
EMP0046,BR05,2026-08-25,3.1
EMP0047,BR05,2026-08-25,2.7
EMP0041,BR05,2026-08-26,3.1
EMP0041,BR05,2026-08-27,2.5
EMP0042,BR05,2026-08-27,3.1
EMP0045,BR05,2026-08-27,3.2
EMP0046,BR05,2026-08-27,3.8
EMP0041,BR05,2026-08-28,2.9
EMP0045,BR05,2026-08-28,3.2
EMP0046,BR05,2026-08-28,3.5
EMP0047,BR05,2026-08-28,3.2
EMP0043,BR05,2026-08-29,2.7
EMP0044,BR05,2026-08-29,3.2
EMP0045,BR05,2026-08-29,2.4
EMP0047,BR05,2026-08-29,2.8
EMP0043,BR05,2026-08-30,2.9
EMP0045,BR05,2026-08-30,3.2
EMP0042,BR05,2026-08-31,3.2
EMP0044,BR05,2026-08-31,3.2
EMP0045,BR05,2026-08-31,3.4
EMP0046,BR05,2026-08-31,4.1
EMP0047,BR05,2026-08-31,3.1
EMP0045,BR05,2026-09-01,3.4
EMP0046,BR05,2026-09-01,2.5
EMP0042,BR05,2026-09-02,3.0
EMP0044,BR05,2026-09-02,2.7
EMP0045,BR05,2026-09-02,3.4
EMP0046,BR05,2026-09-02,3.2
EMP0047,BR05,2026-09-02,3.3
EMP0041,BR05,2026-09-03,3.2
EMP0042,BR05,2026-09-03,3.5
EMP0045,BR05,2026-09-03,3.4
EMP0046,BR05,2026-09-03,2.6
EMP0042,BR05,2026-09-04,2.9
EMP0043,BR05,2026-09-04,2.6
EMP0044,BR05,2026-09-04,3.0
EMP0045,BR05,2026-09-04,3.6
EMP0046,BR05,2026-09-04,3.3
EMP0042,BR05,2026-09-05,3.5
EMP0044,BR05,2026-09-05,2.6
EMP0045,BR05,2026-09-05,3.0
EMP0047,BR05,2026-09-05,2.5
EMP0041,BR05,2026-09-06,3.1
EMP0042,BR05,2026-09-06,3.1
EMP0043,BR05,2026-09-06,3.3
EMP0044,BR05,2026-09-06,3.0
EMP0045,BR05,2026-09-06,2.7
EMP0046,BR05,2026-09-06,3.4
EMP0041,BR05,2026-09-07,3.1
EMP0042,BR05,2026-09-07,3.2
EMP0043,BR05,2026-09-07,3.2
EMP0044,BR05,2026-09-07,2.8
EMP0046,BR05,2026-09-07,2.7
EMP0041,BR05,2026-09-08,3.1
EMP0042,BR05,2026-09-08,2.9
EMP0044,BR05,2026-09-08,3.0
EMP0045,BR05,2026-09-08,2.6
EMP0046,BR05,2026-09-08,2.9
EMP0047,BR05,2026-09-08,3.3
EMP0041,BR05,2026-09-09,2.2
EMP0042,BR05,2026-09-09,2.9
EMP0043,BR05,2026-09-09,2.4
EMP0044,BR05,2026-09-09,3.1
EMP0046,BR05,2026-09-09,3.3
EMP0047,BR05,2026-09-09,2.6
EMP0042,BR05,2026-09-10,3.1
EMP0043,BR05,2026-09-10,2.4
EMP0046,BR05,2026-09-10,2.8
EMP0047,BR05,2026-09-10,2.7
EMP0041,BR05,2026-09-11,2.6
EMP0042,BR05,2026-09-11,2.9
EMP0043,BR05,2026-09-11,2.7
EMP0045,BR05,2026-09-11,2.8
EMP0047,BR05,2026-09-11,3.4
EMP0042,BR05,2026-09-12,2.8
EMP0043,BR05,2026-09-12,2.0
EMP0045,BR05,2026-09-12,2.9
EMP0046,BR05,2026-09-12,2.9
EMP0047,BR05,2026-09-12,3.5
EMP0042,BR05,2026-09-13,2.5
EMP0043,BR05,2026-09-13,3.5
EMP0041,BR05,2026-09-14,3.0
EMP0043,BR05,2026-09-14,3.4
EMP0044,BR05,2026-09-14,3.0
EMP0045,BR05,2026-09-14,3.0
EMP0046,BR05,2026-09-14,2.5
EMP0047,BR05,2026-09-14,2.6
EMP0042,BR05,2026-09-15,2.8
EMP0043,BR05,2026-09-15,3.3
EMP0045,BR05,2026-09-15,2.5
EMP0046,BR05,2026-09-15,2.5
EMP0047,BR05,2026-09-15,3.2
EMP0042,BR05,2026-09-16,3.4
EMP0043,BR05,2026-09-16,2.9
EMP0041,BR05,2026-09-17,2.3
EMP0042,BR05,2026-09-17,2.5
EMP0043,BR05,2026-09-17,2.5
EMP0045,BR05,2026-09-17,3.3
EMP0046,BR05,2026-09-17,2.6
EMP0042,BR05,2026-09-18,2.6
EMP0045,BR05,2026-09-18,3.0
EMP0046,BR05,2026-09-18,2.7
EMP0047,BR05,2026-09-18,2.9
EMP0041,BR05,2026-09-19,3.1
EMP0042,BR05,2026-09-19,3.3
EMP0043,BR05,2026-09-19,2.7
EMP0044,BR05,2026-09-19,3.4
EMP0046,BR05,2026-09-19,3.0
EMP0041,BR05,2026-09-20,2.8
EMP0042,BR05,2026-09-20,3.4
EMP0044,BR05,2026-09-20,3.0
EMP0045,BR05,2026-09-20,2.5
EMP0046,BR05,2026-09-20,3.0
EMP0049,BR06,2026-04-01,2.6
EMP0050,BR06,2026-04-01,2.5
EMP0052,BR06,2026-04-01,3.0
EMP0053,BR06,2026-04-01,3.7
EMP0049,BR06,2026-04-02,3.7
EMP0051,BR06,2026-04-02,3.2
EMP0048,BR06,2026-04-03,3.3
EMP0049,BR06,2026-04-03,3.1
EMP0050,BR06,2026-04-03,3.4
EMP0051,BR06,2026-04-03,3.3
EMP0053,BR06,2026-04-03,2.8
EMP0048,BR06,2026-04-04,3.2
EMP0049,BR06,2026-04-04,2.6
EMP0050,BR06,2026-04-04,2.9
EMP0051,BR06,2026-04-04,3.1
EMP0052,BR06,2026-04-04,2.9
EMP0053,BR06,2026-04-04,2.8
EMP0048,BR06,2026-04-05,3.2
EMP0049,BR06,2026-04-05,2.9
EMP0052,BR06,2026-04-05,3.7
EMP0048,BR06,2026-04-06,2.7
EMP0049,BR06,2026-04-06,2.9
EMP0050,BR06,2026-04-06,3.0
EMP0051,BR06,2026-04-06,3.0
EMP0052,BR06,2026-04-06,3.0
EMP0053,BR06,2026-04-06,3.2
EMP0048,BR06,2026-04-07,2.5
EMP0049,BR06,2026-04-07,3.0
EMP0050,BR06,2026-04-07,3.2
EMP0053,BR06,2026-04-07,3.4
EMP0048,BR06,2026-04-08,3.7
EMP0049,BR06,2026-04-08,3.6
EMP0050,BR06,2026-04-08,3.4
EMP0052,BR06,2026-04-08,3.2
EMP0048,BR06,2026-04-09,3.1
EMP0049,BR06,2026-04-09,3.0
EMP0050,BR06,2026-04-09,3.4
EMP0051,BR06,2026-04-09,3.6
EMP0052,BR06,2026-04-09,3.0
EMP0053,BR06,2026-04-09,3.0
EMP0048,BR06,2026-04-10,3.2
EMP0049,BR06,2026-04-10,3.2
EMP0050,BR06,2026-04-10,2.9
EMP0051,BR06,2026-04-10,2.7
EMP0052,BR06,2026-04-10,3.3
EMP0053,BR06,2026-04-10,2.8
EMP0048,BR06,2026-04-11,3.1
EMP0049,BR06,2026-04-11,3.1
EMP0050,BR06,2026-04-11,2.9
EMP0051,BR06,2026-04-11,2.9
EMP0052,BR06,2026-04-11,3.6
EMP0053,BR06,2026-04-11,3.2
EMP0050,BR06,2026-04-12,3.4
EMP0052,BR06,2026-04-12,3.1
EMP0053,BR06,2026-04-12,3.8
EMP0048,BR06,2026-04-13,2.6
EMP0049,BR06,2026-04-13,3.5
EMP0050,BR06,2026-04-13,3.4
EMP0052,BR06,2026-04-13,3.6
EMP0053,BR06,2026-04-13,2.8
EMP0048,BR06,2026-04-14,3.3
EMP0049,BR06,2026-04-14,3.2
EMP0050,BR06,2026-04-14,2.9
EMP0051,BR06,2026-04-14,3.3
EMP0048,BR06,2026-04-15,3.3
EMP0049,BR06,2026-04-15,2.9
EMP0050,BR06,2026-04-15,3.3
EMP0051,BR06,2026-04-15,2.9
EMP0053,BR06,2026-04-15,3.3
EMP0048,BR06,2026-04-16,2.8
EMP0049,BR06,2026-04-16,3.5
EMP0050,BR06,2026-04-16,3.2
EMP0052,BR06,2026-04-16,2.9
EMP0053,BR06,2026-04-16,3.5
EMP0052,BR06,2026-04-17,3.1
EMP0053,BR06,2026-04-17,3.9
EMP0048,BR06,2026-04-18,3.2
EMP0050,BR06,2026-04-18,2.7
EMP0051,BR06,2026-04-18,3.2
EMP0052,BR06,2026-04-18,3.1
EMP0053,BR06,2026-04-18,3.0
EMP0048,BR06,2026-04-19,2.7
EMP0051,BR06,2026-04-19,3.3
EMP0053,BR06,2026-04-19,3.5
EMP0048,BR06,2026-04-20,3.2
EMP0049,BR06,2026-04-20,3.0
EMP0050,BR06,2026-04-20,2.8
EMP0051,BR06,2026-04-20,3.5
EMP0052,BR06,2026-04-20,2.9
EMP0053,BR06,2026-04-20,3.0
EMP0049,BR06,2026-04-21,3.6
EMP0050,BR06,2026-04-21,3.9
EMP0052,BR06,2026-04-21,3.8
EMP0053,BR06,2026-04-21,3.3
EMP0049,BR06,2026-04-22,2.6
EMP0050,BR06,2026-04-22,3.6
EMP0051,BR06,2026-04-22,3.7
EMP0052,BR06,2026-04-22,3.2
EMP0053,BR06,2026-04-22,3.6
EMP0049,BR06,2026-04-23,3.2
EMP0050,BR06,2026-04-23,3.2
EMP0048,BR06,2026-04-24,2.6
EMP0049,BR06,2026-04-24,3.0
EMP0051,BR06,2026-04-24,3.4
EMP0052,BR06,2026-04-24,3.4
EMP0053,BR06,2026-04-24,3.2
EMP0048,BR06,2026-04-25,3.0
EMP0050,BR06,2026-04-25,3.2
EMP0051,BR06,2026-04-25,2.7
EMP0053,BR06,2026-04-25,2.9
EMP0048,BR06,2026-04-26,2.5
EMP0049,BR06,2026-04-26,3.3
EMP0050,BR06,2026-04-26,3.3
EMP0051,BR06,2026-04-26,2.9
EMP0053,BR06,2026-04-26,3.1
EMP0048,BR06,2026-04-27,3.4
EMP0049,BR06,2026-04-27,3.2
EMP0050,BR06,2026-04-27,2.9
EMP0051,BR06,2026-04-27,3.3
EMP0053,BR06,2026-04-27,3.2
EMP0049,BR06,2026-04-28,3.2
EMP0050,BR06,2026-04-28,2.9
EMP0051,BR06,2026-04-28,3.5
EMP0053,BR06,2026-04-28,2.9
EMP0048,BR06,2026-04-29,3.7
EMP0049,BR06,2026-04-29,2.9
EMP0050,BR06,2026-04-29,3.0
EMP0051,BR06,2026-04-29,3.6
EMP0052,BR06,2026-04-29,2.7
EMP0053,BR06,2026-04-29,3.1
EMP0048,BR06,2026-04-30,3.3
EMP0049,BR06,2026-04-30,3.2
EMP0050,BR06,2026-04-30,2.7
EMP0052,BR06,2026-04-30,3.2
EMP0053,BR06,2026-04-30,3.0
EMP0048,BR06,2026-05-01,3.1
EMP0049,BR06,2026-05-01,3.0
EMP0050,BR06,2026-05-01,3.4
EMP0051,BR06,2026-05-01,3.5
EMP0052,BR06,2026-05-01,3.1
EMP0053,BR06,2026-05-01,3.2
EMP0049,BR06,2026-05-02,3.5
EMP0050,BR06,2026-05-02,3.4
EMP0052,BR06,2026-05-02,3.2
EMP0053,BR06,2026-05-02,2.9
EMP0048,BR06,2026-05-03,3.5
EMP0049,BR06,2026-05-03,3.4
EMP0050,BR06,2026-05-03,2.9
EMP0051,BR06,2026-05-03,3.0
EMP0052,BR06,2026-05-03,2.8
EMP0053,BR06,2026-05-03,3.3
EMP0048,BR06,2026-05-04,3.3
EMP0049,BR06,2026-05-04,3.0
EMP0050,BR06,2026-05-04,3.0
EMP0051,BR06,2026-05-04,3.0
EMP0048,BR06,2026-05-05,3.0
EMP0049,BR06,2026-05-05,3.0
EMP0051,BR06,2026-05-05,2.9
EMP0052,BR06,2026-05-05,3.1
EMP0053,BR06,2026-05-05,2.9
EMP0049,BR06,2026-05-06,3.5
EMP0050,BR06,2026-05-06,2.9
EMP0052,BR06,2026-05-06,3.2
EMP0053,BR06,2026-05-06,2.6
EMP0048,BR06,2026-05-07,3.4
EMP0049,BR06,2026-05-07,3.2
EMP0052,BR06,2026-05-07,3.0
EMP0053,BR06,2026-05-07,3.0
EMP0050,BR06,2026-05-08,2.9
EMP0051,BR06,2026-05-08,3.3
EMP0052,BR06,2026-05-08,3.0
EMP0053,BR06,2026-05-08,3.3
EMP0049,BR06,2026-05-09,3.0
EMP0050,BR06,2026-05-09,2.8
EMP0051,BR06,2026-05-09,3.1
EMP0052,BR06,2026-05-09,3.3
EMP0053,BR06,2026-05-09,2.8
EMP0048,BR06,2026-05-10,3.3
EMP0049,BR06,2026-05-10,3.2
EMP0050,BR06,2026-05-10,2.9
EMP0051,BR06,2026-05-10,2.7
EMP0052,BR06,2026-05-10,2.7
EMP0053,BR06,2026-05-10,3.0
EMP0049,BR06,2026-05-11,2.8
EMP0050,BR06,2026-05-11,2.6
EMP0051,BR06,2026-05-11,3.6
EMP0053,BR06,2026-05-11,3.1
EMP0048,BR06,2026-05-12,3.1
EMP0050,BR06,2026-05-12,2.8
EMP0051,BR06,2026-05-12,2.8
EMP0052,BR06,2026-05-12,2.6
EMP0053,BR06,2026-05-12,2.9
EMP0048,BR06,2026-05-13,3.1
EMP0049,BR06,2026-05-13,3.1
EMP0050,BR06,2026-05-13,2.5
EMP0052,BR06,2026-05-13,3.0
EMP0053,BR06,2026-05-13,3.0
EMP0048,BR06,2026-05-14,3.3
EMP0050,BR06,2026-05-14,3.1
EMP0051,BR06,2026-05-14,3.2
EMP0052,BR06,2026-05-14,3.1
EMP0053,BR06,2026-05-14,2.8
EMP0048,BR06,2026-05-15,2.5
EMP0049,BR06,2026-05-15,3.3
EMP0050,BR06,2026-05-15,3.2
EMP0052,BR06,2026-05-15,2.8
EMP0053,BR06,2026-05-15,3.1
EMP0048,BR06,2026-05-16,3.0
EMP0050,BR06,2026-05-16,3.0
EMP0052,BR06,2026-05-16,3.0
EMP0048,BR06,2026-05-17,3.5
EMP0049,BR06,2026-05-17,3.3
EMP0051,BR06,2026-05-17,2.9
EMP0052,BR06,2026-05-17,3.6
EMP0053,BR06,2026-05-17,3.7
EMP0048,BR06,2026-05-18,2.9
EMP0049,BR06,2026-05-18,3.4
EMP0050,BR06,2026-05-18,2.9
EMP0053,BR06,2026-05-18,3.0
EMP0049,BR06,2026-05-19,2.9
EMP0050,BR06,2026-05-19,2.8
EMP0051,BR06,2026-05-19,2.9
EMP0053,BR06,2026-05-19,3.0
EMP0048,BR06,2026-05-20,2.9
EMP0049,BR06,2026-05-20,3.0
EMP0050,BR06,2026-05-20,3.1
EMP0051,BR06,2026-05-20,3.1
EMP0052,BR06,2026-05-20,3.1
EMP0053,BR06,2026-05-20,3.0
EMP0048,BR06,2026-05-21,2.8
EMP0049,BR06,2026-05-21,3.7
EMP0050,BR06,2026-05-21,2.9
EMP0052,BR06,2026-05-21,2.9
EMP0048,BR06,2026-05-22,2.8
EMP0049,BR06,2026-05-22,3.3
EMP0052,BR06,2026-05-22,3.7
EMP0053,BR06,2026-05-22,3.5
EMP0048,BR06,2026-05-23,3.0
EMP0051,BR06,2026-05-23,3.2
EMP0052,BR06,2026-05-23,2.9
EMP0048,BR06,2026-05-24,3.1
EMP0049,BR06,2026-05-24,3.1
EMP0050,BR06,2026-05-24,3.6
EMP0049,BR06,2026-05-25,2.9
EMP0051,BR06,2026-05-25,2.9
EMP0052,BR06,2026-05-25,3.1
EMP0053,BR06,2026-05-25,3.3
EMP0048,BR06,2026-05-26,2.9
EMP0050,BR06,2026-05-26,2.7
EMP0051,BR06,2026-05-26,3.7
EMP0052,BR06,2026-05-26,3.3
EMP0053,BR06,2026-05-26,3.0
EMP0049,BR06,2026-05-27,2.8
EMP0050,BR06,2026-05-27,3.0
EMP0052,BR06,2026-05-27,3.0
EMP0053,BR06,2026-05-27,2.8
EMP0048,BR06,2026-05-28,2.8
EMP0049,BR06,2026-05-28,3.2
EMP0050,BR06,2026-05-28,3.3
EMP0052,BR06,2026-05-28,3.2
EMP0053,BR06,2026-05-28,3.3
EMP0048,BR06,2026-05-29,3.4
EMP0050,BR06,2026-05-29,3.7
EMP0051,BR06,2026-05-29,3.2
EMP0052,BR06,2026-05-29,3.1
EMP0048,BR06,2026-05-30,2.9
EMP0049,BR06,2026-05-30,3.2
EMP0050,BR06,2026-05-30,3.3
EMP0051,BR06,2026-05-30,3.0
EMP0052,BR06,2026-05-30,3.4
EMP0053,BR06,2026-05-30,3.1
EMP0048,BR06,2026-05-31,3.3
EMP0049,BR06,2026-05-31,3.0
EMP0050,BR06,2026-05-31,3.0
EMP0051,BR06,2026-05-31,3.2
EMP0053,BR06,2026-05-31,2.8
EMP0050,BR06,2026-06-01,2.8
EMP0052,BR06,2026-06-01,2.7
EMP0048,BR06,2026-06-02,3.1
EMP0050,BR06,2026-06-02,3.2
EMP0051,BR06,2026-06-02,3.2
EMP0052,BR06,2026-06-02,2.6
EMP0049,BR06,2026-06-03,2.5
EMP0051,BR06,2026-06-03,2.4
EMP0052,BR06,2026-06-03,2.6
EMP0053,BR06,2026-06-03,2.8
EMP0048,BR06,2026-06-04,2.4
EMP0049,BR06,2026-06-04,2.8
EMP0050,BR06,2026-06-04,2.8
EMP0051,BR06,2026-06-04,3.4
EMP0052,BR06,2026-06-04,2.5
EMP0048,BR06,2026-06-05,2.8
EMP0049,BR06,2026-06-05,3.4
EMP0050,BR06,2026-06-05,2.7
EMP0052,BR06,2026-06-05,3.1
EMP0053,BR06,2026-06-05,3.2
EMP0048,BR06,2026-06-06,2.9
EMP0049,BR06,2026-06-06,2.7
EMP0050,BR06,2026-06-06,2.5
EMP0051,BR06,2026-06-06,2.2
EMP0053,BR06,2026-06-06,2.8
EMP0048,BR06,2026-06-07,2.6
EMP0049,BR06,2026-06-07,3.0
EMP0050,BR06,2026-06-07,2.5
EMP0051,BR06,2026-06-07,3.0
EMP0053,BR06,2026-06-07,2.9
EMP0048,BR06,2026-06-08,2.9
EMP0049,BR06,2026-06-08,3.1
EMP0050,BR06,2026-06-08,2.7
EMP0051,BR06,2026-06-08,3.0
EMP0048,BR06,2026-06-09,3.2
EMP0049,BR06,2026-06-09,3.3
EMP0050,BR06,2026-06-09,2.9
EMP0051,BR06,2026-06-09,2.9
EMP0052,BR06,2026-06-09,2.8
EMP0053,BR06,2026-06-09,2.4
EMP0048,BR06,2026-06-10,2.9
EMP0049,BR06,2026-06-10,2.8
EMP0051,BR06,2026-06-10,2.9
EMP0052,BR06,2026-06-10,2.6
EMP0053,BR06,2026-06-10,2.9
EMP0048,BR06,2026-06-11,3.0
EMP0052,BR06,2026-06-11,2.4
EMP0048,BR06,2026-06-12,2.6
EMP0050,BR06,2026-06-12,2.5
EMP0052,BR06,2026-06-12,2.8
EMP0053,BR06,2026-06-12,2.9
EMP0048,BR06,2026-06-13,3.1
EMP0049,BR06,2026-06-13,3.2
EMP0050,BR06,2026-06-13,2.4
EMP0051,BR06,2026-06-13,2.8
EMP0052,BR06,2026-06-13,2.6
EMP0053,BR06,2026-06-13,3.3
EMP0048,BR06,2026-06-14,2.7
EMP0049,BR06,2026-06-14,2.3
EMP0050,BR06,2026-06-14,2.9
EMP0051,BR06,2026-06-14,2.7
EMP0052,BR06,2026-06-14,2.9
EMP0053,BR06,2026-06-14,3.1
EMP0048,BR06,2026-06-15,3.2
EMP0050,BR06,2026-06-15,3.1
EMP0051,BR06,2026-06-15,2.7
EMP0052,BR06,2026-06-15,2.8
EMP0053,BR06,2026-06-15,3.2
EMP0048,BR06,2026-06-16,2.8
EMP0049,BR06,2026-06-16,2.9
EMP0050,BR06,2026-06-16,2.9
EMP0051,BR06,2026-06-16,3.2
EMP0052,BR06,2026-06-16,2.6
EMP0053,BR06,2026-06-16,2.6
EMP0049,BR06,2026-06-17,3.2
EMP0050,BR06,2026-06-17,2.3
EMP0051,BR06,2026-06-17,2.9
EMP0052,BR06,2026-06-17,2.8
EMP0053,BR06,2026-06-17,2.8
EMP0048,BR06,2026-06-18,3.1
EMP0049,BR06,2026-06-18,2.8
EMP0050,BR06,2026-06-18,2.9
EMP0051,BR06,2026-06-18,2.9
EMP0053,BR06,2026-06-18,3.0
EMP0049,BR06,2026-06-19,3.1
EMP0050,BR06,2026-06-19,2.3
EMP0051,BR06,2026-06-19,3.0
EMP0052,BR06,2026-06-19,2.6
EMP0053,BR06,2026-06-19,2.7
EMP0048,BR06,2026-06-20,3.1
EMP0049,BR06,2026-06-20,2.6
EMP0051,BR06,2026-06-20,2.6
EMP0048,BR06,2026-06-21,3.0
EMP0050,BR06,2026-06-21,2.5
EMP0051,BR06,2026-06-21,2.8
EMP0053,BR06,2026-06-21,2.6
EMP0048,BR06,2026-06-22,3.1
EMP0049,BR06,2026-06-22,2.9
EMP0050,BR06,2026-06-22,2.8
EMP0051,BR06,2026-06-22,2.5
EMP0052,BR06,2026-06-22,3.2
EMP0053,BR06,2026-06-22,3.1
EMP0048,BR06,2026-06-23,2.4
EMP0051,BR06,2026-06-23,2.8
EMP0053,BR06,2026-06-23,2.9
EMP0048,BR06,2026-06-24,3.0
EMP0049,BR06,2026-06-24,2.6
EMP0050,BR06,2026-06-24,3.2
EMP0051,BR06,2026-06-24,2.4
EMP0052,BR06,2026-06-24,3.0
EMP0053,BR06,2026-06-24,3.1
EMP0048,BR06,2026-06-25,2.6
EMP0049,BR06,2026-06-25,3.1
EMP0050,BR06,2026-06-25,2.9
EMP0051,BR06,2026-06-25,3.1
EMP0053,BR06,2026-06-25,2.1
EMP0048,BR06,2026-06-26,2.9
EMP0050,BR06,2026-06-26,2.4
EMP0051,BR06,2026-06-26,2.6
EMP0052,BR06,2026-06-26,3.0
EMP0048,BR06,2026-06-27,2.9
EMP0049,BR06,2026-06-27,3.0
EMP0051,BR06,2026-06-27,3.2
EMP0052,BR06,2026-06-27,3.1
EMP0053,BR06,2026-06-27,3.0
EMP0048,BR06,2026-06-28,2.8
EMP0049,BR06,2026-06-28,2.8
EMP0050,BR06,2026-06-28,3.4
EMP0051,BR06,2026-06-28,2.0
EMP0052,BR06,2026-06-28,2.7
EMP0049,BR06,2026-06-29,2.5
EMP0050,BR06,2026-06-29,3.0
EMP0051,BR06,2026-06-29,3.0
EMP0052,BR06,2026-06-29,2.9
EMP0048,BR06,2026-06-30,3.0
EMP0050,BR06,2026-06-30,2.8
EMP0053,BR06,2026-06-30,2.8
EMP0048,BR06,2026-07-01,3.2
EMP0050,BR06,2026-07-01,3.5
EMP0051,BR06,2026-07-01,3.1
EMP0052,BR06,2026-07-01,3.1
EMP0048,BR06,2026-07-02,2.8
EMP0049,BR06,2026-07-02,3.2
EMP0050,BR06,2026-07-02,2.9
EMP0051,BR06,2026-07-02,3.2
EMP0052,BR06,2026-07-02,3.1
EMP0048,BR06,2026-07-03,3.0
EMP0049,BR06,2026-07-03,3.1
EMP0052,BR06,2026-07-03,3.2
EMP0048,BR06,2026-07-04,2.8
EMP0049,BR06,2026-07-04,3.1
EMP0050,BR06,2026-07-04,3.1
EMP0051,BR06,2026-07-04,2.9
EMP0053,BR06,2026-07-04,2.7
EMP0048,BR06,2026-07-05,2.9
EMP0049,BR06,2026-07-05,2.9
EMP0050,BR06,2026-07-05,3.0
EMP0051,BR06,2026-07-05,2.8
EMP0052,BR06,2026-07-05,3.1
EMP0053,BR06,2026-07-05,3.0
EMP0048,BR06,2026-07-06,3.2
EMP0050,BR06,2026-07-06,2.9
EMP0053,BR06,2026-07-06,2.5
EMP0048,BR06,2026-07-07,2.7
EMP0049,BR06,2026-07-07,3.3
EMP0051,BR06,2026-07-07,3.1
EMP0052,BR06,2026-07-07,3.2
EMP0053,BR06,2026-07-07,3.0
EMP0048,BR06,2026-07-08,2.4
EMP0049,BR06,2026-07-08,3.6
EMP0050,BR06,2026-07-08,3.0
EMP0051,BR06,2026-07-08,3.3
EMP0052,BR06,2026-07-08,3.2
EMP0053,BR06,2026-07-08,3.1
EMP0049,BR06,2026-07-09,2.9
EMP0050,BR06,2026-07-09,2.3
EMP0051,BR06,2026-07-09,2.7
EMP0052,BR06,2026-07-09,2.9
EMP0053,BR06,2026-07-09,3.3
EMP0048,BR06,2026-07-10,3.0
EMP0049,BR06,2026-07-10,3.2
EMP0050,BR06,2026-07-10,2.9
EMP0051,BR06,2026-07-10,3.1
EMP0052,BR06,2026-07-10,3.3
EMP0053,BR06,2026-07-10,3.4
EMP0048,BR06,2026-07-11,3.6
EMP0049,BR06,2026-07-11,3.1
EMP0050,BR06,2026-07-11,2.5
EMP0051,BR06,2026-07-11,3.2
EMP0052,BR06,2026-07-11,2.5
EMP0053,BR06,2026-07-11,3.2
EMP0048,BR06,2026-07-12,3.1
EMP0049,BR06,2026-07-12,3.3
EMP0052,BR06,2026-07-12,3.1
EMP0048,BR06,2026-07-13,3.4
EMP0049,BR06,2026-07-13,3.2
EMP0050,BR06,2026-07-13,2.9
EMP0052,BR06,2026-07-13,2.8
EMP0053,BR06,2026-07-13,3.1
EMP0049,BR06,2026-07-14,3.2
EMP0050,BR06,2026-07-14,2.9
EMP0051,BR06,2026-07-14,2.9
EMP0052,BR06,2026-07-14,3.3
EMP0053,BR06,2026-07-14,2.6
EMP0048,BR06,2026-07-15,3.3
EMP0049,BR06,2026-07-15,2.6
EMP0051,BR06,2026-07-15,2.9
EMP0053,BR06,2026-07-15,3.3
EMP0048,BR06,2026-07-16,2.9
EMP0051,BR06,2026-07-16,2.9
EMP0048,BR06,2026-07-17,2.7
EMP0049,BR06,2026-07-17,3.0
EMP0050,BR06,2026-07-17,3.5
EMP0051,BR06,2026-07-17,2.5
EMP0052,BR06,2026-07-17,3.1
EMP0053,BR06,2026-07-17,3.0
EMP0048,BR06,2026-07-18,3.1
EMP0049,BR06,2026-07-18,2.8
EMP0050,BR06,2026-07-18,3.1
EMP0051,BR06,2026-07-18,2.7
EMP0052,BR06,2026-07-18,3.0
EMP0049,BR06,2026-07-19,2.9
EMP0050,BR06,2026-07-19,2.8
EMP0051,BR06,2026-07-19,3.3
EMP0052,BR06,2026-07-19,2.9
EMP0053,BR06,2026-07-19,3.4
EMP0048,BR06,2026-07-20,3.1
EMP0049,BR06,2026-07-20,3.0
EMP0050,BR06,2026-07-20,2.9
EMP0051,BR06,2026-07-20,3.1
EMP0052,BR06,2026-07-20,2.9
EMP0053,BR06,2026-07-20,2.8
EMP0049,BR06,2026-07-21,2.6
EMP0051,BR06,2026-07-21,3.3
EMP0053,BR06,2026-07-21,2.8
EMP0048,BR06,2026-07-22,3.3
EMP0049,BR06,2026-07-22,3.1
EMP0050,BR06,2026-07-22,2.9
EMP0052,BR06,2026-07-22,2.9
EMP0053,BR06,2026-07-22,2.9
EMP0048,BR06,2026-07-23,2.8
EMP0049,BR06,2026-07-23,2.9
EMP0050,BR06,2026-07-23,3.0
EMP0051,BR06,2026-07-23,2.8
EMP0053,BR06,2026-07-23,2.8
EMP0048,BR06,2026-07-24,2.9
EMP0049,BR06,2026-07-24,3.3
EMP0050,BR06,2026-07-24,2.6
EMP0052,BR06,2026-07-24,3.2
EMP0053,BR06,2026-07-24,3.0
EMP0048,BR06,2026-07-25,2.6
EMP0049,BR06,2026-07-25,3.2
EMP0050,BR06,2026-07-25,3.1
EMP0052,BR06,2026-07-25,3.5
EMP0053,BR06,2026-07-25,3.0
EMP0048,BR06,2026-07-26,2.7
EMP0049,BR06,2026-07-26,3.4
EMP0050,BR06,2026-07-26,3.3
EMP0051,BR06,2026-07-26,2.7
EMP0053,BR06,2026-07-26,3.0
EMP0048,BR06,2026-07-27,2.7
EMP0049,BR06,2026-07-27,3.4
EMP0050,BR06,2026-07-27,3.1
EMP0051,BR06,2026-07-27,3.4
EMP0053,BR06,2026-07-27,2.9
EMP0048,BR06,2026-07-28,2.9
EMP0050,BR06,2026-07-28,3.2
EMP0051,BR06,2026-07-28,3.3
EMP0053,BR06,2026-07-28,3.1
EMP0048,BR06,2026-07-29,3.3
EMP0049,BR06,2026-07-29,3.0
EMP0050,BR06,2026-07-29,3.4
EMP0052,BR06,2026-07-29,2.8
EMP0053,BR06,2026-07-29,2.7
EMP0048,BR06,2026-07-30,3.0
EMP0050,BR06,2026-07-30,3.3
EMP0051,BR06,2026-07-30,2.3
EMP0048,BR06,2026-07-31,3.4
EMP0049,BR06,2026-07-31,2.8
EMP0050,BR06,2026-07-31,2.8
EMP0052,BR06,2026-07-31,3.1
EMP0053,BR06,2026-07-31,3.2
EMP0048,BR06,2026-08-01,3.7
EMP0049,BR06,2026-08-01,2.8
EMP0052,BR06,2026-08-01,3.6
EMP0053,BR06,2026-08-01,3.9
EMP0048,BR06,2026-08-02,3.7
EMP0049,BR06,2026-08-02,3.1
EMP0051,BR06,2026-08-02,3.0
EMP0053,BR06,2026-08-02,4.2
EMP0049,BR06,2026-08-03,3.5
EMP0050,BR06,2026-08-03,3.6
EMP0051,BR06,2026-08-03,3.0
EMP0053,BR06,2026-08-03,3.1
EMP0049,BR06,2026-08-04,3.1
EMP0050,BR06,2026-08-04,3.2
EMP0053,BR06,2026-08-04,3.5
EMP0048,BR06,2026-08-05,3.1
EMP0049,BR06,2026-08-05,3.2
EMP0051,BR06,2026-08-05,3.4
EMP0048,BR06,2026-08-06,3.6
EMP0049,BR06,2026-08-06,3.0
EMP0050,BR06,2026-08-06,3.6
EMP0051,BR06,2026-08-06,3.5
EMP0053,BR06,2026-08-06,3.7
EMP0050,BR06,2026-08-07,3.5
EMP0051,BR06,2026-08-07,3.7
EMP0052,BR06,2026-08-07,3.9
EMP0049,BR06,2026-08-08,3.2
EMP0050,BR06,2026-08-08,3.7
EMP0051,BR06,2026-08-08,2.8
EMP0052,BR06,2026-08-08,3.3
EMP0053,BR06,2026-08-08,3.5
EMP0050,BR06,2026-08-09,3.1
EMP0051,BR06,2026-08-09,3.1
EMP0052,BR06,2026-08-09,3.4
EMP0053,BR06,2026-08-09,3.7
EMP0049,BR06,2026-08-10,2.9
EMP0050,BR06,2026-08-10,3.8
EMP0051,BR06,2026-08-10,2.8
EMP0052,BR06,2026-08-10,3.5
EMP0053,BR06,2026-08-10,3.0
EMP0048,BR06,2026-08-11,3.5
EMP0049,BR06,2026-08-11,3.1
EMP0050,BR06,2026-08-11,3.1
EMP0052,BR06,2026-08-11,3.2
EMP0053,BR06,2026-08-11,3.4
EMP0048,BR06,2026-08-12,3.2
EMP0049,BR06,2026-08-12,3.0
EMP0050,BR06,2026-08-12,3.2
EMP0051,BR06,2026-08-12,3.5
EMP0052,BR06,2026-08-12,2.8
EMP0053,BR06,2026-08-12,3.2
EMP0048,BR06,2026-08-13,3.4
EMP0049,BR06,2026-08-13,3.0
EMP0050,BR06,2026-08-13,3.5
EMP0051,BR06,2026-08-13,3.3
EMP0052,BR06,2026-08-13,3.3
EMP0048,BR06,2026-08-14,3.4
EMP0049,BR06,2026-08-14,3.8
EMP0052,BR06,2026-08-14,3.3
EMP0053,BR06,2026-08-14,3.4
EMP0048,BR06,2026-08-15,3.2
EMP0049,BR06,2026-08-15,3.4
EMP0050,BR06,2026-08-15,2.8
EMP0051,BR06,2026-08-15,3.3
EMP0052,BR06,2026-08-15,3.5
EMP0048,BR06,2026-08-16,3.0
EMP0049,BR06,2026-08-16,3.5
EMP0050,BR06,2026-08-16,3.2
EMP0051,BR06,2026-08-16,3.5
EMP0052,BR06,2026-08-16,3.5
EMP0053,BR06,2026-08-16,3.2
EMP0049,BR06,2026-08-17,3.4
EMP0051,BR06,2026-08-17,3.0
EMP0052,BR06,2026-08-17,3.3
EMP0053,BR06,2026-08-17,3.4
EMP0048,BR06,2026-08-18,3.5
EMP0049,BR06,2026-08-18,3.2
EMP0050,BR06,2026-08-18,3.1
EMP0051,BR06,2026-08-18,3.2
EMP0052,BR06,2026-08-18,2.9
EMP0053,BR06,2026-08-18,3.7
EMP0049,BR06,2026-08-19,3.0
EMP0050,BR06,2026-08-19,2.8
EMP0051,BR06,2026-08-19,3.4
EMP0052,BR06,2026-08-19,3.9
EMP0053,BR06,2026-08-19,2.9
EMP0048,BR06,2026-08-20,3.2
EMP0049,BR06,2026-08-20,3.4
EMP0050,BR06,2026-08-20,3.3
EMP0051,BR06,2026-08-20,3.5
EMP0052,BR06,2026-08-20,3.8
EMP0053,BR06,2026-08-20,3.7
EMP0048,BR06,2026-08-21,3.2
EMP0049,BR06,2026-08-21,2.9
EMP0050,BR06,2026-08-21,3.7
EMP0051,BR06,2026-08-21,3.2
EMP0052,BR06,2026-08-21,3.3
EMP0053,BR06,2026-08-21,3.6
EMP0048,BR06,2026-08-22,3.7
EMP0049,BR06,2026-08-22,3.6
EMP0050,BR06,2026-08-22,3.8
EMP0051,BR06,2026-08-22,2.5
EMP0048,BR06,2026-08-23,3.1
EMP0050,BR06,2026-08-23,3.2
EMP0051,BR06,2026-08-23,3.2
EMP0052,BR06,2026-08-23,3.6
EMP0049,BR06,2026-08-24,3.4
EMP0051,BR06,2026-08-24,3.0
EMP0052,BR06,2026-08-24,3.6
EMP0048,BR06,2026-08-25,3.2
EMP0049,BR06,2026-08-25,2.9
EMP0050,BR06,2026-08-25,3.3
EMP0051,BR06,2026-08-25,2.5
EMP0053,BR06,2026-08-25,3.1
EMP0048,BR06,2026-08-26,3.0
EMP0049,BR06,2026-08-26,3.4
EMP0050,BR06,2026-08-26,3.2
EMP0051,BR06,2026-08-26,2.9
EMP0052,BR06,2026-08-26,2.8
EMP0053,BR06,2026-08-26,3.4
EMP0048,BR06,2026-08-27,2.9
EMP0049,BR06,2026-08-27,2.6
EMP0050,BR06,2026-08-27,3.7
EMP0052,BR06,2026-08-27,3.4
EMP0053,BR06,2026-08-27,3.2
EMP0050,BR06,2026-08-28,3.4
EMP0051,BR06,2026-08-28,3.7
EMP0052,BR06,2026-08-28,3.3
EMP0048,BR06,2026-08-29,3.1
EMP0049,BR06,2026-08-29,3.5
EMP0050,BR06,2026-08-29,3.5
EMP0051,BR06,2026-08-29,3.3
EMP0052,BR06,2026-08-29,3.3
EMP0053,BR06,2026-08-29,3.5
EMP0048,BR06,2026-08-30,3.3
EMP0049,BR06,2026-08-30,3.1
EMP0050,BR06,2026-08-30,2.9
EMP0051,BR06,2026-08-30,3.3
EMP0052,BR06,2026-08-30,2.9
EMP0048,BR06,2026-08-31,3.2
EMP0049,BR06,2026-08-31,3.1
EMP0051,BR06,2026-08-31,3.4
EMP0052,BR06,2026-08-31,3.5
EMP0053,BR06,2026-08-31,3.1
EMP0048,BR06,2026-09-01,3.0
EMP0049,BR06,2026-09-01,3.2
EMP0050,BR06,2026-09-01,3.1
EMP0051,BR06,2026-09-01,3.1
EMP0052,BR06,2026-09-01,2.8
EMP0053,BR06,2026-09-01,2.6
EMP0048,BR06,2026-09-02,2.8
EMP0051,BR06,2026-09-02,2.6
EMP0053,BR06,2026-09-02,3.3
EMP0048,BR06,2026-09-03,3.3
EMP0049,BR06,2026-09-03,3.0
EMP0050,BR06,2026-09-03,2.9
EMP0052,BR06,2026-09-03,3.0
EMP0053,BR06,2026-09-03,2.7
EMP0048,BR06,2026-09-04,3.4
EMP0050,BR06,2026-09-04,3.2
EMP0051,BR06,2026-09-04,3.6
EMP0052,BR06,2026-09-04,2.8
EMP0053,BR06,2026-09-04,2.9
EMP0049,BR06,2026-09-05,2.9
EMP0050,BR06,2026-09-05,3.2
EMP0051,BR06,2026-09-05,3.4
EMP0052,BR06,2026-09-05,2.8
EMP0053,BR06,2026-09-05,2.7
EMP0048,BR06,2026-09-06,3.6
EMP0049,BR06,2026-09-06,3.5
EMP0050,BR06,2026-09-06,3.1
EMP0051,BR06,2026-09-06,2.5
EMP0052,BR06,2026-09-06,3.2
EMP0053,BR06,2026-09-06,3.8
EMP0048,BR06,2026-09-07,3.3
EMP0050,BR06,2026-09-07,3.1
EMP0051,BR06,2026-09-07,3.4
EMP0052,BR06,2026-09-07,3.2
EMP0053,BR06,2026-09-07,3.3
EMP0048,BR06,2026-09-08,3.1
EMP0049,BR06,2026-09-08,3.0
EMP0050,BR06,2026-09-08,3.2
EMP0051,BR06,2026-09-08,3.1
EMP0053,BR06,2026-09-08,3.3
EMP0048,BR06,2026-09-09,3.2
EMP0049,BR06,2026-09-09,3.0
EMP0050,BR06,2026-09-09,3.1
EMP0051,BR06,2026-09-09,2.7
EMP0053,BR06,2026-09-09,3.3
EMP0048,BR06,2026-09-10,2.7
EMP0049,BR06,2026-09-10,3.3
EMP0050,BR06,2026-09-10,3.3
EMP0051,BR06,2026-09-10,3.0
EMP0052,BR06,2026-09-10,3.2
EMP0048,BR06,2026-09-11,3.2
EMP0049,BR06,2026-09-11,3.4
EMP0050,BR06,2026-09-11,3.3
EMP0051,BR06,2026-09-11,3.5
EMP0052,BR06,2026-09-11,2.6
EMP0053,BR06,2026-09-11,3.1
EMP0048,BR06,2026-09-12,2.7
EMP0049,BR06,2026-09-12,3.3
EMP0050,BR06,2026-09-12,3.0
EMP0051,BR06,2026-09-12,2.8
EMP0052,BR06,2026-09-12,3.4
EMP0053,BR06,2026-09-12,3.1
EMP0048,BR06,2026-09-13,3.2
EMP0050,BR06,2026-09-13,3.0
EMP0051,BR06,2026-09-13,3.0
EMP0053,BR06,2026-09-13,2.9
EMP0048,BR06,2026-09-14,3.0
EMP0049,BR06,2026-09-14,3.4
EMP0050,BR06,2026-09-14,3.3
EMP0052,BR06,2026-09-14,3.1
EMP0053,BR06,2026-09-14,3.2
EMP0048,BR06,2026-09-15,3.0
EMP0049,BR06,2026-09-15,3.1
EMP0051,BR06,2026-09-15,2.8
EMP0052,BR06,2026-09-15,2.8
EMP0053,BR06,2026-09-15,3.1
EMP0048,BR06,2026-09-16,2.9
EMP0049,BR06,2026-09-16,3.4
EMP0051,BR06,2026-09-16,3.7
EMP0052,BR06,2026-09-16,3.1
EMP0053,BR06,2026-09-16,3.2
EMP0048,BR06,2026-09-17,3.2
EMP0050,BR06,2026-09-17,2.8
EMP0051,BR06,2026-09-17,2.8
EMP0048,BR06,2026-09-18,3.0
EMP0050,BR06,2026-09-18,2.7
EMP0051,BR06,2026-09-18,3.3
EMP0052,BR06,2026-09-18,3.0
EMP0053,BR06,2026-09-18,3.0
EMP0048,BR06,2026-09-19,3.2
EMP0050,BR06,2026-09-19,3.0
EMP0052,BR06,2026-09-19,3.0
EMP0053,BR06,2026-09-19,3.1
EMP0048,BR06,2026-09-20,3.4
EMP0050,BR06,2026-09-20,2.5
EMP0051,BR06,2026-09-20,2.8
EMP0052,BR06,2026-09-20,3.8
EMP0053,BR06,2026-09-20,3.4
EMP0054,BR07,2026-04-01,2.6
EMP0055,BR07,2026-04-01,2.9
EMP0057,BR07,2026-04-01,3.2
EMP0058,BR07,2026-04-01,2.4
EMP0059,BR07,2026-04-01,2.7
EMP0060,BR07,2026-04-01,2.7
EMP0062,BR07,2026-04-01,2.8
EMP0064,BR07,2026-04-01,2.5
EMP0055,BR07,2026-04-02,2.1
EMP0056,BR07,2026-04-02,3.2
EMP0057,BR07,2026-04-02,3.2
EMP0058,BR07,2026-04-02,2.7
EMP0060,BR07,2026-04-02,2.7
EMP0061,BR07,2026-04-02,3.4
EMP0063,BR07,2026-04-02,2.7
EMP0064,BR07,2026-04-02,3.2
EMP0055,BR07,2026-04-03,3.2
EMP0056,BR07,2026-04-03,2.8
EMP0057,BR07,2026-04-03,3.2
EMP0058,BR07,2026-04-03,3.2
EMP0059,BR07,2026-04-03,2.9
EMP0060,BR07,2026-04-03,2.8
EMP0061,BR07,2026-04-03,3.5
EMP0063,BR07,2026-04-03,3.9
EMP0064,BR07,2026-04-03,3.1
EMP0055,BR07,2026-04-04,3.5
EMP0056,BR07,2026-04-04,3.4
EMP0060,BR07,2026-04-04,2.1
EMP0061,BR07,2026-04-04,2.9
EMP0062,BR07,2026-04-04,3.3
EMP0064,BR07,2026-04-04,2.9
EMP0054,BR07,2026-04-05,3.0
EMP0057,BR07,2026-04-05,2.9
EMP0058,BR07,2026-04-05,3.1
EMP0059,BR07,2026-04-05,2.9
EMP0060,BR07,2026-04-05,3.1
EMP0062,BR07,2026-04-05,3.1
EMP0063,BR07,2026-04-05,3.1
EMP0064,BR07,2026-04-05,3.0
EMP0055,BR07,2026-04-06,2.6
EMP0057,BR07,2026-04-06,3.6
EMP0059,BR07,2026-04-06,3.0
EMP0060,BR07,2026-04-06,2.5
EMP0061,BR07,2026-04-06,3.1
EMP0063,BR07,2026-04-06,3.1
EMP0064,BR07,2026-04-06,3.0
EMP0054,BR07,2026-04-07,2.9
EMP0055,BR07,2026-04-07,2.8
EMP0058,BR07,2026-04-07,3.4
EMP0059,BR07,2026-04-07,2.4
EMP0060,BR07,2026-04-07,2.7
EMP0062,BR07,2026-04-07,2.8
EMP0063,BR07,2026-04-07,2.8
EMP0064,BR07,2026-04-07,3.0
EMP0054,BR07,2026-04-08,2.8
EMP0058,BR07,2026-04-08,2.3
EMP0062,BR07,2026-04-08,2.7
EMP0063,BR07,2026-04-08,3.6
EMP0064,BR07,2026-04-08,2.9
EMP0054,BR07,2026-04-09,3.6
EMP0056,BR07,2026-04-09,3.1
EMP0058,BR07,2026-04-09,3.1
EMP0060,BR07,2026-04-09,2.9
EMP0062,BR07,2026-04-09,3.1
EMP0064,BR07,2026-04-09,3.1
EMP0055,BR07,2026-04-10,3.4
EMP0056,BR07,2026-04-10,2.9
EMP0059,BR07,2026-04-10,2.9
EMP0060,BR07,2026-04-10,3.2
EMP0061,BR07,2026-04-10,2.9
EMP0062,BR07,2026-04-10,2.4
EMP0054,BR07,2026-04-11,2.8
EMP0060,BR07,2026-04-11,2.8
EMP0061,BR07,2026-04-11,3.3
EMP0062,BR07,2026-04-11,3.4
EMP0064,BR07,2026-04-11,2.9
EMP0054,BR07,2026-04-12,2.2
EMP0055,BR07,2026-04-12,3.3
EMP0056,BR07,2026-04-12,3.2
EMP0059,BR07,2026-04-12,3.2
EMP0061,BR07,2026-04-12,3.1
EMP0062,BR07,2026-04-12,2.6
EMP0060,BR07,2026-04-13,2.4
EMP0061,BR07,2026-04-13,3.2
EMP0062,BR07,2026-04-13,2.7
EMP0063,BR07,2026-04-13,2.9
EMP0055,BR07,2026-04-14,3.4
EMP0058,BR07,2026-04-14,2.8
EMP0059,BR07,2026-04-14,3.7
EMP0064,BR07,2026-04-14,2.8
EMP0055,BR07,2026-04-15,3.4
EMP0056,BR07,2026-04-15,2.9
EMP0058,BR07,2026-04-15,3.5
EMP0060,BR07,2026-04-15,2.5
EMP0061,BR07,2026-04-15,3.1
EMP0062,BR07,2026-04-15,2.7
EMP0064,BR07,2026-04-15,3.6
EMP0054,BR07,2026-04-16,3.0
EMP0056,BR07,2026-04-16,2.7
EMP0057,BR07,2026-04-16,2.6
EMP0058,BR07,2026-04-16,2.4
EMP0059,BR07,2026-04-16,3.6
EMP0060,BR07,2026-04-16,3.2
EMP0061,BR07,2026-04-16,2.7
EMP0062,BR07,2026-04-16,3.2
EMP0063,BR07,2026-04-16,3.1
EMP0064,BR07,2026-04-16,3.3
EMP0054,BR07,2026-04-17,3.0
EMP0056,BR07,2026-04-17,3.2
EMP0057,BR07,2026-04-17,3.4
EMP0058,BR07,2026-04-17,3.1
EMP0059,BR07,2026-04-17,3.3
EMP0061,BR07,2026-04-17,3.7
EMP0062,BR07,2026-04-17,3.3
EMP0063,BR07,2026-04-17,3.2
EMP0064,BR07,2026-04-17,2.9
EMP0055,BR07,2026-04-18,2.8
EMP0056,BR07,2026-04-18,3.3
EMP0057,BR07,2026-04-18,3.4
EMP0058,BR07,2026-04-18,3.0
EMP0059,BR07,2026-04-18,3.3
EMP0060,BR07,2026-04-18,3.3
EMP0061,BR07,2026-04-18,2.9
EMP0062,BR07,2026-04-18,2.7
EMP0057,BR07,2026-04-19,2.7
EMP0059,BR07,2026-04-19,2.6
EMP0061,BR07,2026-04-19,2.8
EMP0062,BR07,2026-04-19,3.2
EMP0063,BR07,2026-04-19,2.8
EMP0064,BR07,2026-04-19,2.8
EMP0054,BR07,2026-04-20,2.7
EMP0055,BR07,2026-04-20,2.9
EMP0057,BR07,2026-04-20,3.2
EMP0059,BR07,2026-04-20,3.1
EMP0060,BR07,2026-04-20,3.2
EMP0064,BR07,2026-04-20,3.1
EMP0055,BR07,2026-04-21,3.3
EMP0056,BR07,2026-04-21,2.5
EMP0057,BR07,2026-04-21,3.1
EMP0059,BR07,2026-04-21,3.0
EMP0060,BR07,2026-04-21,3.4
EMP0061,BR07,2026-04-21,3.8
EMP0063,BR07,2026-04-21,3.1
EMP0064,BR07,2026-04-21,2.7
EMP0056,BR07,2026-04-22,2.7
EMP0058,BR07,2026-04-22,3.2
EMP0061,BR07,2026-04-22,3.5
EMP0062,BR07,2026-04-22,2.6
EMP0064,BR07,2026-04-22,2.9
EMP0054,BR07,2026-04-23,3.4
EMP0056,BR07,2026-04-23,2.8
EMP0057,BR07,2026-04-23,2.7
EMP0059,BR07,2026-04-23,2.4
EMP0061,BR07,2026-04-23,3.1
EMP0062,BR07,2026-04-23,2.7
EMP0054,BR07,2026-04-24,2.7
EMP0055,BR07,2026-04-24,2.7
EMP0056,BR07,2026-04-24,2.7
EMP0059,BR07,2026-04-24,3.0
EMP0061,BR07,2026-04-24,3.0
EMP0054,BR07,2026-04-25,3.3
EMP0055,BR07,2026-04-25,2.8
EMP0056,BR07,2026-04-25,3.4
EMP0057,BR07,2026-04-25,3.5
EMP0060,BR07,2026-04-25,2.9
EMP0061,BR07,2026-04-25,3.1
EMP0064,BR07,2026-04-25,2.9
EMP0054,BR07,2026-04-26,3.8
EMP0057,BR07,2026-04-26,2.6
EMP0058,BR07,2026-04-26,3.4
EMP0059,BR07,2026-04-26,3.3
EMP0060,BR07,2026-04-26,3.0
EMP0064,BR07,2026-04-26,2.9
EMP0054,BR07,2026-04-27,2.7
EMP0055,BR07,2026-04-27,3.1
EMP0058,BR07,2026-04-27,2.8
EMP0059,BR07,2026-04-27,3.1
EMP0063,BR07,2026-04-27,3.1
EMP0064,BR07,2026-04-27,2.7
EMP0054,BR07,2026-04-28,3.3
EMP0055,BR07,2026-04-28,2.5
EMP0057,BR07,2026-04-28,3.1
EMP0060,BR07,2026-04-28,3.4
EMP0061,BR07,2026-04-28,3.5
EMP0062,BR07,2026-04-28,2.3
EMP0054,BR07,2026-04-29,3.3
EMP0055,BR07,2026-04-29,3.1
EMP0056,BR07,2026-04-29,3.5
EMP0060,BR07,2026-04-29,3.4
EMP0062,BR07,2026-04-29,2.9
EMP0063,BR07,2026-04-29,3.3
EMP0064,BR07,2026-04-29,3.3
EMP0054,BR07,2026-04-30,3.0
EMP0057,BR07,2026-04-30,3.3
EMP0059,BR07,2026-04-30,3.0
EMP0062,BR07,2026-04-30,3.3
EMP0063,BR07,2026-04-30,2.8
EMP0064,BR07,2026-04-30,2.9
EMP0054,BR07,2026-05-01,3.1
EMP0055,BR07,2026-05-01,2.9
EMP0056,BR07,2026-05-01,3.0
EMP0057,BR07,2026-05-01,3.7
EMP0058,BR07,2026-05-01,2.7
EMP0060,BR07,2026-05-01,2.9
EMP0062,BR07,2026-05-01,3.7
EMP0054,BR07,2026-05-02,3.3
EMP0055,BR07,2026-05-02,2.7
EMP0057,BR07,2026-05-02,3.0
EMP0059,BR07,2026-05-02,2.8
EMP0060,BR07,2026-05-02,3.7
EMP0061,BR07,2026-05-02,4.0
EMP0062,BR07,2026-05-02,3.3
EMP0063,BR07,2026-05-02,3.4
EMP0054,BR07,2026-05-03,2.5
EMP0056,BR07,2026-05-03,2.8
EMP0058,BR07,2026-05-03,2.9
EMP0062,BR07,2026-05-03,2.4
EMP0063,BR07,2026-05-03,3.3
EMP0064,BR07,2026-05-03,2.8
EMP0054,BR07,2026-05-04,3.0
EMP0056,BR07,2026-05-04,2.0
EMP0058,BR07,2026-05-04,2.9
EMP0059,BR07,2026-05-04,2.5
EMP0060,BR07,2026-05-04,3.2
EMP0062,BR07,2026-05-04,3.4
EMP0054,BR07,2026-05-05,3.2
EMP0055,BR07,2026-05-05,3.5
EMP0060,BR07,2026-05-05,2.4
EMP0062,BR07,2026-05-05,3.3
EMP0054,BR07,2026-05-06,2.7
EMP0055,BR07,2026-05-06,3.5
EMP0056,BR07,2026-05-06,2.7
EMP0057,BR07,2026-05-06,3.5
EMP0058,BR07,2026-05-06,3.8
EMP0060,BR07,2026-05-06,3.2
EMP0062,BR07,2026-05-06,3.3
EMP0063,BR07,2026-05-06,2.6
EMP0064,BR07,2026-05-06,2.8
EMP0054,BR07,2026-05-07,2.8
EMP0055,BR07,2026-05-07,3.4
EMP0058,BR07,2026-05-07,2.7
EMP0062,BR07,2026-05-07,2.8
EMP0063,BR07,2026-05-07,3.1
EMP0054,BR07,2026-05-08,2.7
EMP0055,BR07,2026-05-08,2.9
EMP0056,BR07,2026-05-08,2.7
EMP0057,BR07,2026-05-08,2.8
EMP0059,BR07,2026-05-08,3.4
EMP0061,BR07,2026-05-08,3.0
EMP0062,BR07,2026-05-08,2.5
EMP0063,BR07,2026-05-08,3.4
EMP0064,BR07,2026-05-08,3.5
EMP0054,BR07,2026-05-09,3.2
EMP0055,BR07,2026-05-09,3.4
EMP0057,BR07,2026-05-09,3.3
EMP0059,BR07,2026-05-09,3.3
EMP0061,BR07,2026-05-09,2.8
EMP0062,BR07,2026-05-09,3.0
EMP0063,BR07,2026-05-09,3.1
EMP0064,BR07,2026-05-09,3.2
EMP0054,BR07,2026-05-10,3.0
EMP0055,BR07,2026-05-10,2.5
EMP0056,BR07,2026-05-10,2.9
EMP0058,BR07,2026-05-10,2.8
EMP0060,BR07,2026-05-10,3.2
EMP0061,BR07,2026-05-10,2.2
EMP0062,BR07,2026-05-10,3.0
EMP0054,BR07,2026-05-11,3.4
EMP0056,BR07,2026-05-11,2.9
EMP0057,BR07,2026-05-11,2.7
EMP0058,BR07,2026-05-11,3.6
EMP0060,BR07,2026-05-11,3.3
EMP0061,BR07,2026-05-11,3.5
EMP0062,BR07,2026-05-11,3.0
EMP0063,BR07,2026-05-11,3.1
EMP0064,BR07,2026-05-11,3.2
EMP0060,BR07,2026-05-12,3.2
EMP0061,BR07,2026-05-12,3.6
EMP0062,BR07,2026-05-12,2.7
EMP0063,BR07,2026-05-12,3.1
EMP0064,BR07,2026-05-12,2.4
EMP0054,BR07,2026-05-13,2.9
EMP0058,BR07,2026-05-13,3.1
EMP0060,BR07,2026-05-13,3.2
EMP0061,BR07,2026-05-13,2.8
EMP0063,BR07,2026-05-13,3.1
EMP0054,BR07,2026-05-14,3.2
EMP0055,BR07,2026-05-14,2.8
EMP0056,BR07,2026-05-14,3.0
EMP0057,BR07,2026-05-14,3.8
EMP0059,BR07,2026-05-14,3.2
EMP0060,BR07,2026-05-14,2.8
EMP0062,BR07,2026-05-14,3.9
EMP0054,BR07,2026-05-15,3.5
EMP0055,BR07,2026-05-15,3.0
EMP0056,BR07,2026-05-15,2.9
EMP0057,BR07,2026-05-15,2.7
EMP0059,BR07,2026-05-15,3.1
EMP0061,BR07,2026-05-15,2.6
EMP0062,BR07,2026-05-15,3.2
EMP0063,BR07,2026-05-15,2.3
EMP0054,BR07,2026-05-16,3.2
EMP0055,BR07,2026-05-16,2.9
EMP0056,BR07,2026-05-16,2.6
EMP0057,BR07,2026-05-16,2.9
EMP0058,BR07,2026-05-16,3.3
EMP0059,BR07,2026-05-16,2.5
EMP0060,BR07,2026-05-16,3.1
EMP0061,BR07,2026-05-16,3.2
EMP0062,BR07,2026-05-16,3.9
EMP0063,BR07,2026-05-16,2.5
EMP0064,BR07,2026-05-16,2.9
EMP0055,BR07,2026-05-17,2.8
EMP0056,BR07,2026-05-17,2.8
EMP0057,BR07,2026-05-17,2.9
EMP0058,BR07,2026-05-17,3.4
EMP0059,BR07,2026-05-17,2.5
EMP0060,BR07,2026-05-17,2.5
EMP0061,BR07,2026-05-17,3.6
EMP0063,BR07,2026-05-17,2.8
EMP0054,BR07,2026-05-18,3.5
EMP0055,BR07,2026-05-18,3.4
EMP0056,BR07,2026-05-18,2.6
EMP0057,BR07,2026-05-18,3.1
EMP0059,BR07,2026-05-18,3.3
EMP0060,BR07,2026-05-18,3.2
EMP0062,BR07,2026-05-18,2.5
EMP0064,BR07,2026-05-18,3.2
EMP0055,BR07,2026-05-19,3.2
EMP0056,BR07,2026-05-19,2.6
EMP0057,BR07,2026-05-19,2.5
EMP0058,BR07,2026-05-19,2.7
EMP0059,BR07,2026-05-19,3.0
EMP0063,BR07,2026-05-19,3.8
EMP0056,BR07,2026-05-20,3.3
EMP0057,BR07,2026-05-20,3.0
EMP0058,BR07,2026-05-20,3.1
EMP0059,BR07,2026-05-20,3.8
EMP0060,BR07,2026-05-20,3.2
EMP0061,BR07,2026-05-20,2.9
EMP0063,BR07,2026-05-20,2.5
EMP0064,BR07,2026-05-20,2.5
EMP0056,BR07,2026-05-21,3.0
EMP0059,BR07,2026-05-21,3.0
EMP0063,BR07,2026-05-21,3.1
EMP0056,BR07,2026-05-22,3.2
EMP0057,BR07,2026-05-22,3.6
EMP0058,BR07,2026-05-22,3.0
EMP0059,BR07,2026-05-22,3.3
EMP0060,BR07,2026-05-22,3.6
EMP0062,BR07,2026-05-22,2.6
EMP0063,BR07,2026-05-22,3.1
EMP0054,BR07,2026-05-23,2.7
EMP0056,BR07,2026-05-23,3.0
EMP0057,BR07,2026-05-23,3.3
EMP0058,BR07,2026-05-23,4.0
EMP0062,BR07,2026-05-23,2.3
EMP0063,BR07,2026-05-23,2.6
EMP0064,BR07,2026-05-23,3.0
EMP0054,BR07,2026-05-24,3.0
EMP0055,BR07,2026-05-24,3.5
EMP0056,BR07,2026-05-24,2.7
EMP0057,BR07,2026-05-24,2.7
EMP0058,BR07,2026-05-24,3.2
EMP0061,BR07,2026-05-24,2.9
EMP0063,BR07,2026-05-24,2.9
EMP0064,BR07,2026-05-24,2.5
EMP0054,BR07,2026-05-25,2.6
EMP0056,BR07,2026-05-25,2.8
EMP0057,BR07,2026-05-25,3.0
EMP0058,BR07,2026-05-25,2.8
EMP0062,BR07,2026-05-25,3.0
EMP0055,BR07,2026-05-26,3.0
EMP0056,BR07,2026-05-26,3.5
EMP0057,BR07,2026-05-26,3.1
EMP0058,BR07,2026-05-26,2.9
EMP0059,BR07,2026-05-26,2.9
EMP0060,BR07,2026-05-26,3.4
EMP0061,BR07,2026-05-26,3.2
EMP0062,BR07,2026-05-26,2.6
EMP0064,BR07,2026-05-26,3.1
EMP0055,BR07,2026-05-27,3.3
EMP0056,BR07,2026-05-27,3.6
EMP0057,BR07,2026-05-27,3.6
EMP0059,BR07,2026-05-27,2.5
EMP0060,BR07,2026-05-27,3.6
EMP0061,BR07,2026-05-27,3.1
EMP0062,BR07,2026-05-27,3.4
EMP0064,BR07,2026-05-27,3.2
EMP0054,BR07,2026-05-28,3.2
EMP0055,BR07,2026-05-28,2.4
EMP0056,BR07,2026-05-28,3.4
EMP0059,BR07,2026-05-28,3.2
EMP0060,BR07,2026-05-28,3.2
EMP0062,BR07,2026-05-28,2.9
EMP0063,BR07,2026-05-28,2.6
EMP0055,BR07,2026-05-29,3.2
EMP0057,BR07,2026-05-29,2.8
EMP0058,BR07,2026-05-29,3.3
EMP0059,BR07,2026-05-29,2.8
EMP0060,BR07,2026-05-29,3.2
EMP0061,BR07,2026-05-29,2.5
EMP0062,BR07,2026-05-29,3.3
EMP0063,BR07,2026-05-29,3.2
EMP0054,BR07,2026-05-30,3.0
EMP0056,BR07,2026-05-30,3.4
EMP0059,BR07,2026-05-30,2.8
EMP0060,BR07,2026-05-30,3.2
EMP0061,BR07,2026-05-30,3.6
EMP0063,BR07,2026-05-30,2.8
EMP0056,BR07,2026-05-31,2.6
EMP0058,BR07,2026-05-31,3.3
EMP0059,BR07,2026-05-31,3.1
EMP0060,BR07,2026-05-31,3.3
EMP0061,BR07,2026-05-31,2.9
EMP0062,BR07,2026-05-31,2.9
EMP0064,BR07,2026-05-31,3.9
EMP0054,BR07,2026-06-01,2.4
EMP0055,BR07,2026-06-01,2.2
EMP0056,BR07,2026-06-01,2.7
EMP0057,BR07,2026-06-01,2.6
EMP0060,BR07,2026-06-01,2.3
EMP0061,BR07,2026-06-01,2.9
EMP0063,BR07,2026-06-01,2.6
EMP0064,BR07,2026-06-01,2.6
EMP0054,BR07,2026-06-02,2.8
EMP0055,BR07,2026-06-02,2.8
EMP0057,BR07,2026-06-02,2.6
EMP0058,BR07,2026-06-02,2.8
EMP0060,BR07,2026-06-02,2.3
EMP0061,BR07,2026-06-02,2.6
EMP0062,BR07,2026-06-02,2.7
EMP0063,BR07,2026-06-02,2.4
EMP0064,BR07,2026-06-02,2.9
EMP0054,BR07,2026-06-03,2.4
EMP0055,BR07,2026-06-03,2.6
EMP0056,BR07,2026-06-03,2.3
EMP0057,BR07,2026-06-03,2.4
EMP0058,BR07,2026-06-03,2.4
EMP0059,BR07,2026-06-03,2.6
EMP0060,BR07,2026-06-03,2.5
EMP0062,BR07,2026-06-03,2.8
EMP0064,BR07,2026-06-03,2.3
EMP0054,BR07,2026-06-04,3.1
EMP0055,BR07,2026-06-04,2.6
EMP0057,BR07,2026-06-04,2.7
EMP0058,BR07,2026-06-04,2.3
EMP0060,BR07,2026-06-04,2.7
EMP0061,BR07,2026-06-04,2.6
EMP0063,BR07,2026-06-04,2.8
EMP0064,BR07,2026-06-04,2.8
EMP0054,BR07,2026-06-05,2.7
EMP0055,BR07,2026-06-05,2.7
EMP0057,BR07,2026-06-05,2.7
EMP0058,BR07,2026-06-05,2.8
EMP0059,BR07,2026-06-05,2.3
EMP0061,BR07,2026-06-05,2.6
EMP0063,BR07,2026-06-05,2.8
EMP0064,BR07,2026-06-05,2.4
EMP0055,BR07,2026-06-06,2.5
EMP0056,BR07,2026-06-06,3.0
EMP0057,BR07,2026-06-06,2.3
EMP0058,BR07,2026-06-06,3.1
EMP0059,BR07,2026-06-06,2.8
EMP0060,BR07,2026-06-06,2.6
EMP0062,BR07,2026-06-06,2.5
EMP0064,BR07,2026-06-06,2.6
EMP0055,BR07,2026-06-07,2.6
EMP0056,BR07,2026-06-07,2.8
EMP0057,BR07,2026-06-07,2.5
EMP0058,BR07,2026-06-07,2.6
EMP0059,BR07,2026-06-07,2.5
EMP0060,BR07,2026-06-07,2.9
EMP0061,BR07,2026-06-07,2.2
EMP0063,BR07,2026-06-07,2.6
EMP0058,BR07,2026-06-08,2.4
EMP0059,BR07,2026-06-08,2.4
EMP0062,BR07,2026-06-08,2.3
EMP0055,BR07,2026-06-09,2.6
EMP0056,BR07,2026-06-09,2.5
EMP0057,BR07,2026-06-09,2.9
EMP0058,BR07,2026-06-09,2.0
EMP0059,BR07,2026-06-09,2.8
EMP0060,BR07,2026-06-09,2.5
EMP0061,BR07,2026-06-09,1.9
EMP0062,BR07,2026-06-09,2.8
EMP0063,BR07,2026-06-09,2.7
EMP0054,BR07,2026-06-10,2.3
EMP0055,BR07,2026-06-10,2.3
EMP0056,BR07,2026-06-10,2.5
EMP0058,BR07,2026-06-10,2.5
EMP0060,BR07,2026-06-10,2.2
EMP0064,BR07,2026-06-10,2.2
EMP0055,BR07,2026-06-11,2.2
EMP0056,BR07,2026-06-11,3.1
EMP0057,BR07,2026-06-11,2.2
EMP0058,BR07,2026-06-11,2.6
EMP0059,BR07,2026-06-11,2.0
EMP0063,BR07,2026-06-11,2.8
EMP0064,BR07,2026-06-11,2.5
EMP0055,BR07,2026-06-12,2.0
EMP0057,BR07,2026-06-12,2.2
EMP0058,BR07,2026-06-12,2.7
EMP0060,BR07,2026-06-12,2.8
EMP0061,BR07,2026-06-12,2.7
EMP0062,BR07,2026-06-12,2.8
EMP0063,BR07,2026-06-12,2.8
EMP0064,BR07,2026-06-12,3.2
EMP0054,BR07,2026-06-13,2.8
EMP0055,BR07,2026-06-13,2.6
EMP0056,BR07,2026-06-13,2.2
EMP0057,BR07,2026-06-13,2.4
EMP0058,BR07,2026-06-13,2.0
EMP0061,BR07,2026-06-13,2.8
EMP0062,BR07,2026-06-13,2.2
EMP0064,BR07,2026-06-13,2.3
EMP0054,BR07,2026-06-14,2.1
EMP0055,BR07,2026-06-14,2.1
EMP0056,BR07,2026-06-14,2.5
EMP0057,BR07,2026-06-14,2.6
EMP0059,BR07,2026-06-14,2.2
EMP0060,BR07,2026-06-14,2.2
EMP0062,BR07,2026-06-14,2.3
EMP0063,BR07,2026-06-14,3.3
EMP0057,BR07,2026-06-15,2.7
EMP0058,BR07,2026-06-15,3.0
EMP0060,BR07,2026-06-15,2.2
EMP0062,BR07,2026-06-15,2.3
EMP0063,BR07,2026-06-15,2.7
EMP0064,BR07,2026-06-15,2.4
EMP0055,BR07,2026-06-16,2.4
EMP0057,BR07,2026-06-16,2.0
EMP0058,BR07,2026-06-16,2.6
EMP0061,BR07,2026-06-16,2.5
EMP0062,BR07,2026-06-16,2.2
EMP0063,BR07,2026-06-16,2.4
EMP0064,BR07,2026-06-16,3.2
EMP0054,BR07,2026-06-17,2.7
EMP0055,BR07,2026-06-17,2.7
EMP0056,BR07,2026-06-17,2.5
EMP0057,BR07,2026-06-17,2.5
EMP0058,BR07,2026-06-17,2.5
EMP0059,BR07,2026-06-17,2.6
EMP0062,BR07,2026-06-17,3.1
EMP0063,BR07,2026-06-17,2.4
EMP0064,BR07,2026-06-17,2.9
EMP0054,BR07,2026-06-18,3.1
EMP0055,BR07,2026-06-18,2.7
EMP0056,BR07,2026-06-18,2.5
EMP0058,BR07,2026-06-18,2.1
EMP0060,BR07,2026-06-18,3.0
EMP0061,BR07,2026-06-18,2.8
EMP0063,BR07,2026-06-18,2.9
EMP0064,BR07,2026-06-18,2.6
EMP0056,BR07,2026-06-19,2.7
EMP0057,BR07,2026-06-19,3.0
EMP0058,BR07,2026-06-19,2.6
EMP0059,BR07,2026-06-19,2.4
EMP0060,BR07,2026-06-19,2.5
EMP0062,BR07,2026-06-19,1.8
EMP0063,BR07,2026-06-19,1.8
EMP0054,BR07,2026-06-20,2.3
EMP0055,BR07,2026-06-20,2.5
EMP0056,BR07,2026-06-20,2.6
EMP0057,BR07,2026-06-20,2.4
EMP0058,BR07,2026-06-20,2.5
EMP0060,BR07,2026-06-20,2.6
EMP0063,BR07,2026-06-20,2.5
EMP0054,BR07,2026-06-21,2.4
EMP0055,BR07,2026-06-21,2.3
EMP0057,BR07,2026-06-21,2.9
EMP0058,BR07,2026-06-21,2.3
EMP0059,BR07,2026-06-21,2.8
EMP0060,BR07,2026-06-21,2.2
EMP0061,BR07,2026-06-21,2.7
EMP0063,BR07,2026-06-21,2.7
EMP0064,BR07,2026-06-21,2.2
EMP0054,BR07,2026-06-22,2.8
EMP0055,BR07,2026-06-22,2.4
EMP0057,BR07,2026-06-22,2.8
EMP0058,BR07,2026-06-22,3.1
EMP0059,BR07,2026-06-22,2.5
EMP0060,BR07,2026-06-22,2.5
EMP0061,BR07,2026-06-22,2.1
EMP0062,BR07,2026-06-22,2.3
EMP0064,BR07,2026-06-22,2.5
EMP0057,BR07,2026-06-23,2.4
EMP0059,BR07,2026-06-23,2.3
EMP0060,BR07,2026-06-23,2.3
EMP0061,BR07,2026-06-23,2.3
EMP0064,BR07,2026-06-23,2.5
EMP0055,BR07,2026-06-24,1.9
EMP0057,BR07,2026-06-24,2.7
EMP0058,BR07,2026-06-24,2.8
EMP0059,BR07,2026-06-24,2.4
EMP0062,BR07,2026-06-24,2.6
EMP0063,BR07,2026-06-24,2.5
EMP0064,BR07,2026-06-24,3.1
EMP0054,BR07,2026-06-25,2.4
EMP0055,BR07,2026-06-25,2.6
EMP0059,BR07,2026-06-25,2.6
EMP0061,BR07,2026-06-25,1.8
EMP0054,BR07,2026-06-26,2.4
EMP0055,BR07,2026-06-26,2.2
EMP0057,BR07,2026-06-26,2.6
EMP0060,BR07,2026-06-26,2.4
EMP0062,BR07,2026-06-26,2.6
EMP0063,BR07,2026-06-26,2.9
EMP0064,BR07,2026-06-26,2.6
EMP0054,BR07,2026-06-27,2.3
EMP0055,BR07,2026-06-27,2.5
EMP0056,BR07,2026-06-27,1.8
EMP0057,BR07,2026-06-27,2.6
EMP0058,BR07,2026-06-27,2.3
EMP0059,BR07,2026-06-27,2.5
EMP0060,BR07,2026-06-27,2.3
EMP0064,BR07,2026-06-27,2.2
EMP0054,BR07,2026-06-28,2.1
EMP0056,BR07,2026-06-28,2.7
EMP0057,BR07,2026-06-28,2.4
EMP0058,BR07,2026-06-28,2.3
EMP0059,BR07,2026-06-28,2.7
EMP0061,BR07,2026-06-28,2.6
EMP0062,BR07,2026-06-28,2.5
EMP0063,BR07,2026-06-28,2.2
EMP0054,BR07,2026-06-29,2.7
EMP0055,BR07,2026-06-29,2.9
EMP0056,BR07,2026-06-29,3.0
EMP0057,BR07,2026-06-29,2.3
EMP0058,BR07,2026-06-29,2.8
EMP0059,BR07,2026-06-29,1.9
EMP0060,BR07,2026-06-29,2.6
EMP0064,BR07,2026-06-29,3.1
EMP0054,BR07,2026-06-30,2.6
EMP0055,BR07,2026-06-30,2.7
EMP0056,BR07,2026-06-30,2.7
EMP0057,BR07,2026-06-30,2.4
EMP0058,BR07,2026-06-30,2.5
EMP0063,BR07,2026-06-30,2.8
EMP0064,BR07,2026-06-30,2.6
EMP0054,BR07,2026-07-01,3.4
EMP0055,BR07,2026-07-01,3.5
EMP0058,BR07,2026-07-01,2.8
EMP0059,BR07,2026-07-01,3.9
EMP0060,BR07,2026-07-01,3.2
EMP0061,BR07,2026-07-01,3.1
EMP0063,BR07,2026-07-01,2.8
EMP0054,BR07,2026-07-02,3.7
EMP0055,BR07,2026-07-02,2.9
EMP0056,BR07,2026-07-02,2.8
EMP0059,BR07,2026-07-02,2.8
EMP0061,BR07,2026-07-02,3.1
EMP0054,BR07,2026-07-03,2.7
EMP0055,BR07,2026-07-03,3.1
EMP0056,BR07,2026-07-03,2.8
EMP0057,BR07,2026-07-03,2.9
EMP0059,BR07,2026-07-03,3.9
EMP0060,BR07,2026-07-03,3.8
EMP0061,BR07,2026-07-03,3.7
EMP0063,BR07,2026-07-03,3.3
EMP0054,BR07,2026-07-04,3.3
EMP0056,BR07,2026-07-04,3.4
EMP0057,BR07,2026-07-04,3.3
EMP0059,BR07,2026-07-04,3.1
EMP0061,BR07,2026-07-04,3.5
EMP0063,BR07,2026-07-04,3.9
EMP0064,BR07,2026-07-04,3.5
EMP0054,BR07,2026-07-05,3.0
EMP0055,BR07,2026-07-05,3.2
EMP0056,BR07,2026-07-05,3.2
EMP0059,BR07,2026-07-05,2.6
EMP0060,BR07,2026-07-05,3.0
EMP0064,BR07,2026-07-05,3.0
EMP0054,BR07,2026-07-06,3.6
EMP0055,BR07,2026-07-06,3.1
EMP0057,BR07,2026-07-06,3.2
EMP0058,BR07,2026-07-06,3.3
EMP0059,BR07,2026-07-06,2.7
EMP0061,BR07,2026-07-06,2.7
EMP0063,BR07,2026-07-06,3.4
EMP0064,BR07,2026-07-06,4.3
EMP0054,BR07,2026-07-07,3.7
EMP0055,BR07,2026-07-07,3.3
EMP0056,BR07,2026-07-07,3.1
EMP0060,BR07,2026-07-07,3.0
EMP0062,BR07,2026-07-07,3.5
EMP0063,BR07,2026-07-07,3.5
EMP0056,BR07,2026-07-08,3.1
EMP0059,BR07,2026-07-08,3.6
EMP0060,BR07,2026-07-08,3.9
EMP0064,BR07,2026-07-08,3.6
EMP0054,BR07,2026-07-09,3.1
EMP0055,BR07,2026-07-09,2.7
EMP0058,BR07,2026-07-09,3.2
EMP0059,BR07,2026-07-09,3.0
EMP0060,BR07,2026-07-09,3.2
EMP0061,BR07,2026-07-09,2.8
EMP0063,BR07,2026-07-09,3.2
EMP0064,BR07,2026-07-09,3.3
EMP0054,BR07,2026-07-10,2.7
EMP0055,BR07,2026-07-10,2.7
EMP0061,BR07,2026-07-10,3.4
EMP0058,BR07,2026-07-11,2.7
EMP0059,BR07,2026-07-11,2.6
EMP0060,BR07,2026-07-11,2.8
EMP0062,BR07,2026-07-11,3.5
EMP0063,BR07,2026-07-11,3.5
EMP0064,BR07,2026-07-11,3.2
EMP0055,BR07,2026-07-12,2.7
EMP0058,BR07,2026-07-12,2.9
EMP0059,BR07,2026-07-12,3.0
EMP0060,BR07,2026-07-12,2.9
EMP0061,BR07,2026-07-12,2.7
EMP0062,BR07,2026-07-12,4.1
EMP0063,BR07,2026-07-12,2.8
EMP0064,BR07,2026-07-12,2.5
EMP0054,BR07,2026-07-13,3.4
EMP0056,BR07,2026-07-13,2.6
EMP0057,BR07,2026-07-13,4.1
EMP0059,BR07,2026-07-13,2.6
EMP0061,BR07,2026-07-13,3.1
EMP0063,BR07,2026-07-13,2.8
EMP0064,BR07,2026-07-13,3.6
EMP0058,BR07,2026-07-14,3.5
EMP0062,BR07,2026-07-14,3.4
EMP0055,BR07,2026-07-15,3.1
EMP0056,BR07,2026-07-15,3.0
EMP0058,BR07,2026-07-15,3.0
EMP0059,BR07,2026-07-15,3.3
EMP0060,BR07,2026-07-15,3.4
EMP0061,BR07,2026-07-15,3.5
EMP0062,BR07,2026-07-15,2.9
EMP0063,BR07,2026-07-15,2.6
EMP0064,BR07,2026-07-15,2.5
EMP0054,BR07,2026-07-16,3.3
EMP0055,BR07,2026-07-16,3.2
EMP0058,BR07,2026-07-16,3.4
EMP0060,BR07,2026-07-16,2.2
EMP0062,BR07,2026-07-16,3.0
EMP0064,BR07,2026-07-16,3.0
EMP0054,BR07,2026-07-17,2.5
EMP0057,BR07,2026-07-17,3.5
EMP0059,BR07,2026-07-17,3.1
EMP0061,BR07,2026-07-17,3.0
EMP0062,BR07,2026-07-17,3.4
EMP0063,BR07,2026-07-17,3.7
EMP0064,BR07,2026-07-17,2.8
EMP0056,BR07,2026-07-18,2.7
EMP0058,BR07,2026-07-18,1.8
EMP0059,BR07,2026-07-18,3.1
EMP0060,BR07,2026-07-18,3.4
EMP0061,BR07,2026-07-18,3.5
EMP0056,BR07,2026-07-19,3.0
EMP0057,BR07,2026-07-19,2.5
EMP0058,BR07,2026-07-19,2.4
EMP0059,BR07,2026-07-19,3.1
EMP0061,BR07,2026-07-19,3.3
EMP0062,BR07,2026-07-19,3.1
EMP0064,BR07,2026-07-19,3.3
EMP0055,BR07,2026-07-20,2.5
EMP0057,BR07,2026-07-20,3.5
EMP0058,BR07,2026-07-20,3.3
EMP0059,BR07,2026-07-20,2.6
EMP0060,BR07,2026-07-20,3.1
EMP0061,BR07,2026-07-20,3.2
EMP0062,BR07,2026-07-20,3.0
EMP0054,BR07,2026-07-21,3.5
EMP0055,BR07,2026-07-21,3.3
EMP0056,BR07,2026-07-21,3.4
EMP0058,BR07,2026-07-21,3.2
EMP0060,BR07,2026-07-21,3.1
EMP0061,BR07,2026-07-21,3.6
EMP0062,BR07,2026-07-21,2.5
EMP0063,BR07,2026-07-21,2.8
EMP0055,BR07,2026-07-22,2.8
EMP0060,BR07,2026-07-22,3.3
EMP0061,BR07,2026-07-22,2.9
EMP0062,BR07,2026-07-22,2.9
EMP0064,BR07,2026-07-22,2.9
EMP0054,BR07,2026-07-23,3.1
EMP0055,BR07,2026-07-23,3.6
EMP0059,BR07,2026-07-23,3.2
EMP0060,BR07,2026-07-23,2.8
EMP0061,BR07,2026-07-23,2.7
EMP0062,BR07,2026-07-23,2.9
EMP0063,BR07,2026-07-23,3.5
EMP0064,BR07,2026-07-23,3.1
EMP0055,BR07,2026-07-24,3.1
EMP0058,BR07,2026-07-24,2.2
EMP0059,BR07,2026-07-24,3.0
EMP0060,BR07,2026-07-24,2.7
EMP0062,BR07,2026-07-24,4.1
EMP0063,BR07,2026-07-24,3.6
EMP0064,BR07,2026-07-24,3.5
EMP0055,BR07,2026-07-25,3.2
EMP0056,BR07,2026-07-25,3.2
EMP0057,BR07,2026-07-25,2.9
EMP0059,BR07,2026-07-25,2.6
EMP0061,BR07,2026-07-25,3.3
EMP0062,BR07,2026-07-25,3.0
EMP0063,BR07,2026-07-25,3.6
EMP0064,BR07,2026-07-25,3.5
EMP0054,BR07,2026-07-26,3.1
EMP0055,BR07,2026-07-26,2.9
EMP0057,BR07,2026-07-26,3.1
EMP0060,BR07,2026-07-26,2.8
EMP0061,BR07,2026-07-26,3.0
EMP0063,BR07,2026-07-26,3.1
EMP0064,BR07,2026-07-26,3.3
EMP0054,BR07,2026-07-27,2.8
EMP0055,BR07,2026-07-27,3.5
EMP0057,BR07,2026-07-27,2.6
EMP0058,BR07,2026-07-27,3.2
EMP0059,BR07,2026-07-27,3.5
EMP0062,BR07,2026-07-27,2.4
EMP0064,BR07,2026-07-27,3.2
EMP0055,BR07,2026-07-28,3.5
EMP0056,BR07,2026-07-28,2.3
EMP0057,BR07,2026-07-28,3.2
EMP0058,BR07,2026-07-28,2.4
EMP0059,BR07,2026-07-28,2.8
EMP0061,BR07,2026-07-28,2.9
EMP0062,BR07,2026-07-28,3.4
EMP0063,BR07,2026-07-28,2.9
EMP0054,BR07,2026-07-29,3.0
EMP0055,BR07,2026-07-29,2.7
EMP0056,BR07,2026-07-29,3.3
EMP0057,BR07,2026-07-29,3.1
EMP0058,BR07,2026-07-29,3.2
EMP0059,BR07,2026-07-29,3.1
EMP0055,BR07,2026-07-30,4.2
EMP0056,BR07,2026-07-30,2.7
EMP0057,BR07,2026-07-30,3.5
EMP0059,BR07,2026-07-30,3.1
EMP0061,BR07,2026-07-30,2.2
EMP0062,BR07,2026-07-30,2.7
EMP0064,BR07,2026-07-30,2.8
EMP0054,BR07,2026-07-31,3.2
EMP0055,BR07,2026-07-31,3.8
EMP0056,BR07,2026-07-31,2.9
EMP0059,BR07,2026-07-31,3.1
EMP0060,BR07,2026-07-31,2.9
EMP0061,BR07,2026-07-31,3.6
EMP0062,BR07,2026-07-31,2.9
EMP0064,BR07,2026-07-31,3.1
EMP0055,BR07,2026-08-01,3.6
EMP0057,BR07,2026-08-01,3.7
EMP0058,BR07,2026-08-01,2.8
EMP0059,BR07,2026-08-01,3.2
EMP0060,BR07,2026-08-01,3.8
EMP0062,BR07,2026-08-01,3.0
EMP0063,BR07,2026-08-01,3.2
EMP0064,BR07,2026-08-01,3.7
EMP0054,BR07,2026-08-02,3.1
EMP0055,BR07,2026-08-02,3.2
EMP0058,BR07,2026-08-02,3.7
EMP0059,BR07,2026-08-02,3.4
EMP0060,BR07,2026-08-02,3.6
EMP0062,BR07,2026-08-02,3.1
EMP0063,BR07,2026-08-02,3.2
EMP0064,BR07,2026-08-02,3.4
EMP0054,BR07,2026-08-03,2.9
EMP0056,BR07,2026-08-03,2.8
EMP0058,BR07,2026-08-03,2.6
EMP0060,BR07,2026-08-03,3.3
EMP0054,BR07,2026-08-04,3.1
EMP0056,BR07,2026-08-04,3.4
EMP0057,BR07,2026-08-04,3.9
EMP0060,BR07,2026-08-04,2.7
EMP0061,BR07,2026-08-04,2.9
EMP0062,BR07,2026-08-04,2.7
EMP0063,BR07,2026-08-04,2.7
EMP0064,BR07,2026-08-04,3.1
EMP0054,BR07,2026-08-05,3.7
EMP0055,BR07,2026-08-05,3.3
EMP0056,BR07,2026-08-05,3.5
EMP0057,BR07,2026-08-05,3.6
EMP0058,BR07,2026-08-05,3.7
EMP0059,BR07,2026-08-05,3.0
EMP0061,BR07,2026-08-05,2.8
EMP0062,BR07,2026-08-05,3.3
EMP0063,BR07,2026-08-05,3.7
EMP0064,BR07,2026-08-05,4.2
EMP0055,BR07,2026-08-06,3.9
EMP0056,BR07,2026-08-06,3.7
EMP0058,BR07,2026-08-06,3.4
EMP0061,BR07,2026-08-06,3.7
EMP0064,BR07,2026-08-06,3.0
EMP0054,BR07,2026-08-07,3.4
EMP0055,BR07,2026-08-07,2.8
EMP0056,BR07,2026-08-07,2.9
EMP0057,BR07,2026-08-07,2.8
EMP0058,BR07,2026-08-07,3.5
EMP0060,BR07,2026-08-07,3.3
EMP0061,BR07,2026-08-07,2.9
EMP0062,BR07,2026-08-07,3.4
EMP0063,BR07,2026-08-07,3.4
EMP0064,BR07,2026-08-07,3.3
EMP0055,BR07,2026-08-08,3.7
EMP0057,BR07,2026-08-08,3.4
EMP0059,BR07,2026-08-08,2.7
EMP0060,BR07,2026-08-08,3.2
EMP0061,BR07,2026-08-08,3.4
EMP0063,BR07,2026-08-08,3.2
EMP0055,BR07,2026-08-09,3.2
EMP0057,BR07,2026-08-09,3.9
EMP0058,BR07,2026-08-09,3.3
EMP0060,BR07,2026-08-09,3.5
EMP0063,BR07,2026-08-09,3.2
EMP0064,BR07,2026-08-09,3.3
EMP0054,BR07,2026-08-10,3.0
EMP0055,BR07,2026-08-10,3.4
EMP0059,BR07,2026-08-10,3.5
EMP0060,BR07,2026-08-10,3.1
EMP0064,BR07,2026-08-10,3.5
EMP0055,BR07,2026-08-11,3.0
EMP0058,BR07,2026-08-11,2.8
EMP0061,BR07,2026-08-11,3.4
EMP0062,BR07,2026-08-11,3.6
EMP0063,BR07,2026-08-11,4.4
EMP0054,BR07,2026-08-12,3.4
EMP0056,BR07,2026-08-12,3.5
EMP0057,BR07,2026-08-12,3.6
EMP0059,BR07,2026-08-12,4.0
EMP0060,BR07,2026-08-12,3.3
EMP0061,BR07,2026-08-12,3.2
EMP0063,BR07,2026-08-12,3.8
EMP0054,BR07,2026-08-13,3.6
EMP0057,BR07,2026-08-13,2.6
EMP0058,BR07,2026-08-13,3.3
EMP0059,BR07,2026-08-13,2.8
EMP0060,BR07,2026-08-13,3.7
EMP0061,BR07,2026-08-13,3.2
EMP0064,BR07,2026-08-13,3.4
EMP0055,BR07,2026-08-14,3.5
EMP0056,BR07,2026-08-14,2.9
EMP0057,BR07,2026-08-14,3.2
EMP0058,BR07,2026-08-14,3.4
EMP0059,BR07,2026-08-14,3.8
EMP0060,BR07,2026-08-14,2.8
EMP0061,BR07,2026-08-14,3.7
EMP0062,BR07,2026-08-14,3.7
EMP0063,BR07,2026-08-14,3.7
EMP0056,BR07,2026-08-15,3.9
EMP0057,BR07,2026-08-15,3.3
EMP0058,BR07,2026-08-15,3.3
EMP0059,BR07,2026-08-15,3.1
EMP0062,BR07,2026-08-15,3.5
EMP0063,BR07,2026-08-15,3.5
EMP0064,BR07,2026-08-15,3.8
EMP0054,BR07,2026-08-16,2.6
EMP0055,BR07,2026-08-16,3.6
EMP0058,BR07,2026-08-16,2.7
EMP0060,BR07,2026-08-16,3.4
EMP0062,BR07,2026-08-16,3.5
EMP0063,BR07,2026-08-16,2.6
EMP0064,BR07,2026-08-16,2.9
EMP0054,BR07,2026-08-17,3.5
EMP0058,BR07,2026-08-17,2.8
EMP0059,BR07,2026-08-17,3.4
EMP0061,BR07,2026-08-17,3.5
EMP0062,BR07,2026-08-17,3.7
EMP0064,BR07,2026-08-17,3.3
EMP0057,BR07,2026-08-18,3.2
EMP0058,BR07,2026-08-18,2.9
EMP0059,BR07,2026-08-18,2.9
EMP0060,BR07,2026-08-18,2.7
EMP0061,BR07,2026-08-18,3.2
EMP0062,BR07,2026-08-18,2.7
EMP0063,BR07,2026-08-18,3.2
EMP0064,BR07,2026-08-18,2.6
EMP0054,BR07,2026-08-19,3.1
EMP0059,BR07,2026-08-19,3.4
EMP0060,BR07,2026-08-19,3.4
EMP0061,BR07,2026-08-19,3.0
EMP0062,BR07,2026-08-19,2.7
EMP0063,BR07,2026-08-19,3.8
EMP0054,BR07,2026-08-20,3.8
EMP0055,BR07,2026-08-20,3.5
EMP0056,BR07,2026-08-20,3.4
EMP0057,BR07,2026-08-20,2.6
EMP0058,BR07,2026-08-20,3.5
EMP0061,BR07,2026-08-20,3.2
EMP0063,BR07,2026-08-20,3.3
EMP0064,BR07,2026-08-20,3.4
EMP0056,BR07,2026-08-21,3.7
EMP0058,BR07,2026-08-21,3.3
EMP0059,BR07,2026-08-21,2.6
EMP0063,BR07,2026-08-21,3.3
EMP0055,BR07,2026-08-22,3.8
EMP0057,BR07,2026-08-22,3.0
EMP0058,BR07,2026-08-22,3.2
EMP0059,BR07,2026-08-22,2.5
EMP0060,BR07,2026-08-22,3.5
EMP0061,BR07,2026-08-22,3.0
EMP0062,BR07,2026-08-22,4.0
EMP0054,BR07,2026-08-23,3.9
EMP0056,BR07,2026-08-23,2.9
EMP0057,BR07,2026-08-23,2.9
EMP0058,BR07,2026-08-23,2.9
EMP0061,BR07,2026-08-23,3.0
EMP0054,BR07,2026-08-24,3.5
EMP0055,BR07,2026-08-24,3.7
EMP0058,BR07,2026-08-24,3.5
EMP0062,BR07,2026-08-24,3.4
EMP0063,BR07,2026-08-24,3.4
EMP0064,BR07,2026-08-24,3.0
EMP0054,BR07,2026-08-25,3.0
EMP0055,BR07,2026-08-25,3.6
EMP0057,BR07,2026-08-25,3.2
EMP0061,BR07,2026-08-25,4.1
EMP0062,BR07,2026-08-25,3.4
EMP0063,BR07,2026-08-25,3.4
EMP0058,BR07,2026-08-26,3.5
EMP0059,BR07,2026-08-26,3.6
EMP0060,BR07,2026-08-26,3.8
EMP0063,BR07,2026-08-26,3.2
EMP0064,BR07,2026-08-26,3.1
EMP0054,BR07,2026-08-27,2.7
EMP0056,BR07,2026-08-27,3.6
EMP0057,BR07,2026-08-27,3.8
EMP0058,BR07,2026-08-27,3.3
EMP0059,BR07,2026-08-27,3.0
EMP0060,BR07,2026-08-27,3.3
EMP0057,BR07,2026-08-28,3.2
EMP0059,BR07,2026-08-28,3.2
EMP0060,BR07,2026-08-28,3.4
EMP0061,BR07,2026-08-28,3.1
EMP0064,BR07,2026-08-28,4.1
EMP0055,BR07,2026-08-29,3.3
EMP0056,BR07,2026-08-29,3.1
EMP0058,BR07,2026-08-29,2.8
EMP0059,BR07,2026-08-29,2.6
EMP0061,BR07,2026-08-29,3.5
EMP0063,BR07,2026-08-29,3.1
EMP0064,BR07,2026-08-29,3.5
EMP0054,BR07,2026-08-30,3.0
EMP0055,BR07,2026-08-30,3.1
EMP0057,BR07,2026-08-30,3.6
EMP0058,BR07,2026-08-30,3.8
EMP0060,BR07,2026-08-30,3.0
EMP0062,BR07,2026-08-30,2.6
EMP0064,BR07,2026-08-30,3.6
EMP0054,BR07,2026-08-31,3.6
EMP0055,BR07,2026-08-31,3.6
EMP0059,BR07,2026-08-31,3.8
EMP0061,BR07,2026-08-31,3.0
EMP0062,BR07,2026-08-31,3.0
EMP0063,BR07,2026-08-31,2.9
EMP0054,BR07,2026-09-01,3.6
EMP0056,BR07,2026-09-01,3.0
EMP0057,BR07,2026-09-01,2.9
EMP0058,BR07,2026-09-01,2.5
EMP0064,BR07,2026-09-01,3.8
EMP0054,BR07,2026-09-02,3.4
EMP0055,BR07,2026-09-02,4.1
EMP0056,BR07,2026-09-02,3.3
EMP0057,BR07,2026-09-02,3.0
EMP0058,BR07,2026-09-02,2.7
EMP0059,BR07,2026-09-02,3.1
EMP0064,BR07,2026-09-02,3.4
EMP0058,BR07,2026-09-03,3.3
EMP0059,BR07,2026-09-03,3.0
EMP0060,BR07,2026-09-03,3.7
EMP0061,BR07,2026-09-03,3.3
EMP0062,BR07,2026-09-03,3.1
EMP0064,BR07,2026-09-03,3.5
EMP0054,BR07,2026-09-04,3.0
EMP0055,BR07,2026-09-04,3.3
EMP0059,BR07,2026-09-04,3.3
EMP0060,BR07,2026-09-04,2.5
EMP0061,BR07,2026-09-04,3.5
EMP0062,BR07,2026-09-04,2.1
EMP0063,BR07,2026-09-04,3.2
EMP0054,BR07,2026-09-05,3.2
EMP0055,BR07,2026-09-05,3.5
EMP0056,BR07,2026-09-05,3.5
EMP0057,BR07,2026-09-05,3.2
EMP0060,BR07,2026-09-05,2.8
EMP0062,BR07,2026-09-05,3.5
EMP0063,BR07,2026-09-05,3.3
EMP0064,BR07,2026-09-05,3.3
EMP0056,BR07,2026-09-06,3.0
EMP0058,BR07,2026-09-06,3.3
EMP0059,BR07,2026-09-06,3.6
EMP0060,BR07,2026-09-06,3.5
EMP0061,BR07,2026-09-06,2.3
EMP0062,BR07,2026-09-06,3.3
EMP0063,BR07,2026-09-06,3.3
EMP0064,BR07,2026-09-06,3.1
EMP0054,BR07,2026-09-07,2.4
EMP0055,BR07,2026-09-07,2.9
EMP0056,BR07,2026-09-07,2.4
EMP0059,BR07,2026-09-07,3.2
EMP0060,BR07,2026-09-07,3.3
EMP0062,BR07,2026-09-07,3.4
EMP0054,BR07,2026-09-08,3.2
EMP0055,BR07,2026-09-08,3.7
EMP0056,BR07,2026-09-08,3.1
EMP0058,BR07,2026-09-08,4.0
EMP0059,BR07,2026-09-08,3.6
EMP0060,BR07,2026-09-08,3.8
EMP0061,BR07,2026-09-08,3.2
EMP0063,BR07,2026-09-08,3.4
EMP0064,BR07,2026-09-08,3.2
EMP0054,BR07,2026-09-09,2.9
EMP0055,BR07,2026-09-09,2.8
EMP0057,BR07,2026-09-09,3.3
EMP0058,BR07,2026-09-09,2.7
EMP0059,BR07,2026-09-09,3.0
EMP0061,BR07,2026-09-09,3.1
EMP0062,BR07,2026-09-09,3.3
EMP0063,BR07,2026-09-09,2.5
EMP0064,BR07,2026-09-09,3.4
EMP0054,BR07,2026-09-10,3.5
EMP0055,BR07,2026-09-10,3.0
EMP0056,BR07,2026-09-10,3.3
EMP0057,BR07,2026-09-10,3.3
EMP0058,BR07,2026-09-10,3.7
EMP0059,BR07,2026-09-10,2.7
EMP0060,BR07,2026-09-10,3.5
EMP0063,BR07,2026-09-10,2.6
EMP0064,BR07,2026-09-10,2.7
EMP0054,BR07,2026-09-11,2.7
EMP0055,BR07,2026-09-11,3.3
EMP0056,BR07,2026-09-11,2.9
EMP0057,BR07,2026-09-11,3.6
EMP0059,BR07,2026-09-11,3.0
EMP0061,BR07,2026-09-11,2.9
EMP0056,BR07,2026-09-12,3.8
EMP0057,BR07,2026-09-12,2.7
EMP0059,BR07,2026-09-12,3.2
EMP0060,BR07,2026-09-12,3.0
EMP0062,BR07,2026-09-12,2.7
EMP0063,BR07,2026-09-12,3.1
EMP0064,BR07,2026-09-12,3.4
EMP0058,BR07,2026-09-13,3.1
EMP0060,BR07,2026-09-13,3.3
EMP0064,BR07,2026-09-13,3.3
EMP0054,BR07,2026-09-14,2.9
EMP0058,BR07,2026-09-14,3.8
EMP0060,BR07,2026-09-14,3.2
EMP0062,BR07,2026-09-14,2.8
EMP0063,BR07,2026-09-14,3.3
EMP0064,BR07,2026-09-14,2.9
EMP0054,BR07,2026-09-15,2.7
EMP0055,BR07,2026-09-15,2.7
EMP0056,BR07,2026-09-15,2.9
EMP0059,BR07,2026-09-15,3.8
EMP0060,BR07,2026-09-15,3.0
EMP0061,BR07,2026-09-15,2.7
EMP0062,BR07,2026-09-15,3.3
EMP0063,BR07,2026-09-15,2.7
EMP0054,BR07,2026-09-16,3.2
EMP0055,BR07,2026-09-16,3.1
EMP0057,BR07,2026-09-16,3.2
EMP0060,BR07,2026-09-16,2.7
EMP0061,BR07,2026-09-16,3.2
EMP0062,BR07,2026-09-16,3.3
EMP0055,BR07,2026-09-17,2.7
EMP0058,BR07,2026-09-17,3.6
EMP0060,BR07,2026-09-17,3.5
EMP0061,BR07,2026-09-17,2.3
EMP0064,BR07,2026-09-17,2.8
EMP0054,BR07,2026-09-18,3.1
EMP0055,BR07,2026-09-18,3.0
EMP0056,BR07,2026-09-18,3.1
EMP0059,BR07,2026-09-18,2.7
EMP0060,BR07,2026-09-18,3.7
EMP0061,BR07,2026-09-18,2.5
EMP0062,BR07,2026-09-18,2.5
EMP0056,BR07,2026-09-19,3.2
EMP0057,BR07,2026-09-19,3.1
EMP0059,BR07,2026-09-19,3.1
EMP0060,BR07,2026-09-19,3.4
EMP0062,BR07,2026-09-19,3.0
EMP0054,BR07,2026-09-20,2.7
EMP0055,BR07,2026-09-20,3.1
EMP0057,BR07,2026-09-20,3.5
EMP0061,BR07,2026-09-20,3.2
EMP0062,BR07,2026-09-20,3.3
EMP0064,BR07,2026-09-20,3.1
EMP0065,BR08,2026-04-01,1.7
EMP0069,BR08,2026-04-01,1.7
EMP0070,BR08,2026-04-01,2.2
EMP0071,BR08,2026-04-01,1.6
EMP0072,BR08,2026-04-01,1.6
EMP0073,BR08,2026-04-01,2.0
EMP0074,BR08,2026-04-01,1.9
EMP0075,BR08,2026-04-01,1.6
EMP0065,BR08,2026-04-02,1.7
EMP0067,BR08,2026-04-02,1.6
EMP0068,BR08,2026-04-02,1.5
EMP0069,BR08,2026-04-02,1.6
EMP0071,BR08,2026-04-02,1.5
EMP0072,BR08,2026-04-02,1.9
EMP0074,BR08,2026-04-02,2.0
EMP0066,BR08,2026-04-03,1.9
EMP0069,BR08,2026-04-03,1.8
EMP0070,BR08,2026-04-03,1.7
EMP0071,BR08,2026-04-03,1.9
EMP0073,BR08,2026-04-03,1.6
EMP0065,BR08,2026-04-04,2.3
EMP0067,BR08,2026-04-04,1.8
EMP0069,BR08,2026-04-04,1.8
EMP0071,BR08,2026-04-04,1.9
EMP0072,BR08,2026-04-04,1.8
EMP0073,BR08,2026-04-04,2.3
EMP0075,BR08,2026-04-04,1.7
EMP0065,BR08,2026-04-05,1.8
EMP0066,BR08,2026-04-05,1.6
EMP0068,BR08,2026-04-05,1.6
EMP0070,BR08,2026-04-05,1.8
EMP0071,BR08,2026-04-05,1.6
EMP0073,BR08,2026-04-05,1.8
EMP0075,BR08,2026-04-05,1.8
EMP0065,BR08,2026-04-06,1.7
EMP0066,BR08,2026-04-06,1.7
EMP0067,BR08,2026-04-06,1.5
EMP0068,BR08,2026-04-06,2.0
EMP0070,BR08,2026-04-06,1.6
EMP0071,BR08,2026-04-06,1.6
EMP0075,BR08,2026-04-06,1.7
EMP0067,BR08,2026-04-07,1.8
EMP0068,BR08,2026-04-07,1.7
EMP0069,BR08,2026-04-07,1.8
EMP0070,BR08,2026-04-07,1.6
EMP0071,BR08,2026-04-07,1.7
EMP0072,BR08,2026-04-07,1.6
EMP0073,BR08,2026-04-07,1.7
EMP0074,BR08,2026-04-07,2.2
EMP0065,BR08,2026-04-08,1.7
EMP0067,BR08,2026-04-08,1.7
EMP0069,BR08,2026-04-08,1.4
EMP0072,BR08,2026-04-08,1.7
EMP0075,BR08,2026-04-08,1.5
EMP0065,BR08,2026-04-09,1.6
EMP0068,BR08,2026-04-09,1.6
EMP0072,BR08,2026-04-09,1.7
EMP0073,BR08,2026-04-09,1.9
EMP0074,BR08,2026-04-09,1.5
EMP0065,BR08,2026-04-10,1.5
EMP0066,BR08,2026-04-10,1.7
EMP0067,BR08,2026-04-10,1.7
EMP0070,BR08,2026-04-10,1.8
EMP0071,BR08,2026-04-10,1.8
EMP0072,BR08,2026-04-10,1.9
EMP0073,BR08,2026-04-10,1.9
EMP0074,BR08,2026-04-10,1.6
EMP0066,BR08,2026-04-11,1.9
EMP0067,BR08,2026-04-11,1.8
EMP0068,BR08,2026-04-11,1.8
EMP0069,BR08,2026-04-11,1.7
EMP0070,BR08,2026-04-11,1.7
EMP0072,BR08,2026-04-11,1.8
EMP0075,BR08,2026-04-11,1.8
EMP0065,BR08,2026-04-12,1.9
EMP0066,BR08,2026-04-12,1.9
EMP0067,BR08,2026-04-12,1.9
EMP0068,BR08,2026-04-12,1.8
EMP0069,BR08,2026-04-12,1.9
EMP0072,BR08,2026-04-12,1.9
EMP0074,BR08,2026-04-12,1.6
EMP0075,BR08,2026-04-12,1.9
EMP0065,BR08,2026-04-13,1.9
EMP0067,BR08,2026-04-13,1.5
EMP0070,BR08,2026-04-13,1.8
EMP0072,BR08,2026-04-13,1.8
EMP0073,BR08,2026-04-13,1.7
EMP0074,BR08,2026-04-13,1.5
EMP0065,BR08,2026-04-14,1.6
EMP0068,BR08,2026-04-14,1.8
EMP0069,BR08,2026-04-14,1.9
EMP0071,BR08,2026-04-14,1.7
EMP0072,BR08,2026-04-14,2.1
EMP0074,BR08,2026-04-14,1.9
EMP0065,BR08,2026-04-15,1.7
EMP0066,BR08,2026-04-15,2.0
EMP0067,BR08,2026-04-15,1.9
EMP0068,BR08,2026-04-15,1.4
EMP0069,BR08,2026-04-15,1.8
EMP0070,BR08,2026-04-15,1.9
EMP0072,BR08,2026-04-15,1.8
EMP0075,BR08,2026-04-15,1.4
EMP0066,BR08,2026-04-16,1.7
EMP0067,BR08,2026-04-16,1.5
EMP0068,BR08,2026-04-16,1.7
EMP0069,BR08,2026-04-16,1.7
EMP0070,BR08,2026-04-16,1.9
EMP0071,BR08,2026-04-16,1.9
EMP0072,BR08,2026-04-16,1.8
EMP0073,BR08,2026-04-16,1.7
EMP0074,BR08,2026-04-16,1.9
EMP0065,BR08,2026-04-17,2.1
EMP0066,BR08,2026-04-17,1.7
EMP0067,BR08,2026-04-17,1.9
EMP0069,BR08,2026-04-17,1.8
EMP0072,BR08,2026-04-17,1.7
EMP0073,BR08,2026-04-17,1.6
EMP0074,BR08,2026-04-17,2.1
EMP0075,BR08,2026-04-17,1.6
EMP0066,BR08,2026-04-18,1.7
EMP0067,BR08,2026-04-18,1.7
EMP0068,BR08,2026-04-18,1.7
EMP0069,BR08,2026-04-18,1.5
EMP0070,BR08,2026-04-18,1.8
EMP0071,BR08,2026-04-18,2.0
EMP0072,BR08,2026-04-18,1.9
EMP0074,BR08,2026-04-18,2.0
EMP0065,BR08,2026-04-19,1.8
EMP0066,BR08,2026-04-19,1.7
EMP0067,BR08,2026-04-19,1.9
EMP0068,BR08,2026-04-19,1.7
EMP0069,BR08,2026-04-19,1.5
EMP0070,BR08,2026-04-19,2.0
EMP0071,BR08,2026-04-19,2.0
EMP0072,BR08,2026-04-19,1.8
EMP0073,BR08,2026-04-19,1.6
EMP0074,BR08,2026-04-19,2.1
EMP0066,BR08,2026-04-20,1.8
EMP0067,BR08,2026-04-20,2.0
EMP0068,BR08,2026-04-20,2.0
EMP0069,BR08,2026-04-20,1.7
EMP0071,BR08,2026-04-20,2.1
EMP0072,BR08,2026-04-20,1.8
EMP0073,BR08,2026-04-20,1.8
EMP0074,BR08,2026-04-20,2.1
EMP0075,BR08,2026-04-20,2.0
EMP0067,BR08,2026-04-21,2.0
EMP0069,BR08,2026-04-21,1.6
EMP0070,BR08,2026-04-21,1.8
EMP0071,BR08,2026-04-21,1.5
EMP0072,BR08,2026-04-21,1.9
EMP0073,BR08,2026-04-21,1.9
EMP0074,BR08,2026-04-21,1.8
EMP0075,BR08,2026-04-21,2.0
EMP0068,BR08,2026-04-22,1.8
EMP0069,BR08,2026-04-22,2.0
EMP0070,BR08,2026-04-22,1.7
EMP0071,BR08,2026-04-22,1.8
EMP0072,BR08,2026-04-22,2.0
EMP0073,BR08,2026-04-22,1.7
EMP0074,BR08,2026-04-22,2.0
EMP0066,BR08,2026-04-23,1.6
EMP0067,BR08,2026-04-23,1.7
EMP0068,BR08,2026-04-23,1.9
EMP0069,BR08,2026-04-23,1.9
EMP0070,BR08,2026-04-23,1.8
EMP0071,BR08,2026-04-23,1.5
EMP0072,BR08,2026-04-23,1.8
EMP0073,BR08,2026-04-23,1.7
EMP0075,BR08,2026-04-23,2.1
EMP0066,BR08,2026-04-24,1.9
EMP0070,BR08,2026-04-24,1.5
EMP0071,BR08,2026-04-24,2.1
EMP0072,BR08,2026-04-24,1.7
EMP0073,BR08,2026-04-24,2.0
EMP0074,BR08,2026-04-24,1.8
EMP0075,BR08,2026-04-24,1.5
EMP0065,BR08,2026-04-25,1.7
EMP0067,BR08,2026-04-25,1.8
EMP0068,BR08,2026-04-25,1.9
EMP0070,BR08,2026-04-25,1.6
EMP0071,BR08,2026-04-25,2.0
EMP0072,BR08,2026-04-25,1.6
EMP0073,BR08,2026-04-25,1.8
EMP0074,BR08,2026-04-25,1.9
EMP0075,BR08,2026-04-25,1.9
EMP0065,BR08,2026-04-26,1.9
EMP0067,BR08,2026-04-26,1.7
EMP0069,BR08,2026-04-26,1.6
EMP0070,BR08,2026-04-26,1.9
EMP0074,BR08,2026-04-26,1.6
EMP0075,BR08,2026-04-26,1.6
EMP0065,BR08,2026-04-27,1.9
EMP0067,BR08,2026-04-27,1.9
EMP0069,BR08,2026-04-27,1.8
EMP0070,BR08,2026-04-27,2.0
EMP0071,BR08,2026-04-27,1.7
EMP0072,BR08,2026-04-27,1.7
EMP0073,BR08,2026-04-27,1.6
EMP0074,BR08,2026-04-27,1.6
EMP0075,BR08,2026-04-27,1.6
EMP0065,BR08,2026-04-28,1.8
EMP0066,BR08,2026-04-28,1.8
EMP0067,BR08,2026-04-28,1.8
EMP0068,BR08,2026-04-28,1.7
EMP0069,BR08,2026-04-28,1.7
EMP0071,BR08,2026-04-28,1.6
EMP0072,BR08,2026-04-28,1.5
EMP0073,BR08,2026-04-28,1.7
EMP0074,BR08,2026-04-28,1.5
EMP0075,BR08,2026-04-28,2.1
EMP0067,BR08,2026-04-29,1.7
EMP0068,BR08,2026-04-29,1.7
EMP0069,BR08,2026-04-29,1.9
EMP0073,BR08,2026-04-29,1.8
EMP0075,BR08,2026-04-29,1.5
EMP0065,BR08,2026-04-30,1.6
EMP0067,BR08,2026-04-30,1.7
EMP0068,BR08,2026-04-30,2.0
EMP0070,BR08,2026-04-30,1.9
EMP0071,BR08,2026-04-30,1.7
EMP0072,BR08,2026-04-30,2.0
EMP0075,BR08,2026-04-30,2.2
EMP0065,BR08,2026-05-01,2.0
EMP0066,BR08,2026-05-01,2.4
EMP0067,BR08,2026-05-01,2.2
EMP0068,BR08,2026-05-01,2.0
EMP0070,BR08,2026-05-01,2.3
EMP0071,BR08,2026-05-01,2.6
EMP0072,BR08,2026-05-01,2.3
EMP0073,BR08,2026-05-01,2.8
EMP0075,BR08,2026-05-01,2.7
EMP0065,BR08,2026-05-02,2.7
EMP0066,BR08,2026-05-02,2.5
EMP0067,BR08,2026-05-02,2.3
EMP0068,BR08,2026-05-02,2.0
EMP0069,BR08,2026-05-02,2.1
EMP0070,BR08,2026-05-02,2.5
EMP0072,BR08,2026-05-02,2.1
EMP0074,BR08,2026-05-02,2.4
EMP0075,BR08,2026-05-02,2.4
EMP0065,BR08,2026-05-03,2.5
EMP0067,BR08,2026-05-03,2.4
EMP0068,BR08,2026-05-03,2.4
EMP0069,BR08,2026-05-03,2.5
EMP0070,BR08,2026-05-03,2.2
EMP0071,BR08,2026-05-03,2.1
EMP0072,BR08,2026-05-03,2.0
EMP0073,BR08,2026-05-03,2.0
EMP0075,BR08,2026-05-03,2.7
EMP0066,BR08,2026-05-04,2.1
EMP0067,BR08,2026-05-04,2.5
EMP0068,BR08,2026-05-04,2.1
EMP0069,BR08,2026-05-04,1.9
EMP0070,BR08,2026-05-04,2.3
EMP0071,BR08,2026-05-04,2.4
EMP0075,BR08,2026-05-04,2.7
EMP0065,BR08,2026-05-05,2.1
EMP0067,BR08,2026-05-05,2.7
EMP0069,BR08,2026-05-05,2.5
EMP0072,BR08,2026-05-05,2.1
EMP0065,BR08,2026-05-06,1.7
EMP0066,BR08,2026-05-06,2.4
EMP0069,BR08,2026-05-06,2.2
EMP0071,BR08,2026-05-06,2.2
EMP0074,BR08,2026-05-06,2.8
EMP0075,BR08,2026-05-06,2.6
EMP0065,BR08,2026-05-07,2.5
EMP0068,BR08,2026-05-07,2.2
EMP0069,BR08,2026-05-07,2.3
EMP0071,BR08,2026-05-07,3.1
EMP0073,BR08,2026-05-07,2.3
EMP0074,BR08,2026-05-07,2.1
EMP0075,BR08,2026-05-07,2.5
EMP0065,BR08,2026-05-08,2.2
EMP0066,BR08,2026-05-08,2.3
EMP0067,BR08,2026-05-08,2.6
EMP0068,BR08,2026-05-08,2.5
EMP0070,BR08,2026-05-08,2.7
EMP0071,BR08,2026-05-08,2.5
EMP0072,BR08,2026-05-08,1.8
EMP0073,BR08,2026-05-08,2.3
EMP0074,BR08,2026-05-08,2.1
EMP0065,BR08,2026-05-09,2.5
EMP0066,BR08,2026-05-09,2.3
EMP0067,BR08,2026-05-09,2.6
EMP0069,BR08,2026-05-09,2.5
EMP0071,BR08,2026-05-09,2.3
EMP0072,BR08,2026-05-09,2.1
EMP0073,BR08,2026-05-09,3.0
EMP0075,BR08,2026-05-09,2.3
EMP0065,BR08,2026-05-10,2.0
EMP0067,BR08,2026-05-10,2.9
EMP0068,BR08,2026-05-10,2.4
EMP0069,BR08,2026-05-10,2.4
EMP0072,BR08,2026-05-10,2.2
EMP0074,BR08,2026-05-10,1.7
EMP0075,BR08,2026-05-10,2.9
EMP0065,BR08,2026-05-11,2.2
EMP0066,BR08,2026-05-11,2.5
EMP0067,BR08,2026-05-11,2.1
EMP0074,BR08,2026-05-11,2.5
EMP0075,BR08,2026-05-11,2.5
EMP0065,BR08,2026-05-12,2.3
EMP0067,BR08,2026-05-12,2.3
EMP0068,BR08,2026-05-12,2.1
EMP0070,BR08,2026-05-12,1.9
EMP0071,BR08,2026-05-12,2.3
EMP0072,BR08,2026-05-12,1.8
EMP0073,BR08,2026-05-12,2.0
EMP0074,BR08,2026-05-12,2.1
EMP0067,BR08,2026-05-13,2.4
EMP0068,BR08,2026-05-13,2.4
EMP0069,BR08,2026-05-13,2.5
EMP0071,BR08,2026-05-13,1.8
EMP0072,BR08,2026-05-13,2.0
EMP0073,BR08,2026-05-13,2.3
EMP0074,BR08,2026-05-13,2.0
EMP0075,BR08,2026-05-13,2.2
EMP0066,BR08,2026-05-14,2.4
EMP0067,BR08,2026-05-14,2.4
EMP0068,BR08,2026-05-14,2.6
EMP0069,BR08,2026-05-14,2.6
EMP0070,BR08,2026-05-14,2.4
EMP0072,BR08,2026-05-14,2.6
EMP0073,BR08,2026-05-14,2.1
EMP0067,BR08,2026-05-15,1.9
EMP0068,BR08,2026-05-15,2.6
EMP0069,BR08,2026-05-15,2.1
EMP0071,BR08,2026-05-15,2.6
EMP0072,BR08,2026-05-15,2.4
EMP0073,BR08,2026-05-15,2.6
EMP0074,BR08,2026-05-15,2.1
EMP0075,BR08,2026-05-15,2.0
EMP0068,BR08,2026-05-16,2.8
EMP0069,BR08,2026-05-16,2.4
EMP0071,BR08,2026-05-16,2.3
EMP0072,BR08,2026-05-16,2.3
EMP0073,BR08,2026-05-16,2.3
EMP0065,BR08,2026-05-17,2.6
EMP0066,BR08,2026-05-17,2.8
EMP0069,BR08,2026-05-17,2.3
EMP0071,BR08,2026-05-17,2.5
EMP0073,BR08,2026-05-17,2.2
EMP0074,BR08,2026-05-17,2.5
EMP0075,BR08,2026-05-17,2.4
EMP0065,BR08,2026-05-18,2.2
EMP0066,BR08,2026-05-18,2.2
EMP0067,BR08,2026-05-18,2.6
EMP0069,BR08,2026-05-18,2.3
EMP0073,BR08,2026-05-18,1.9
EMP0074,BR08,2026-05-18,2.4
EMP0075,BR08,2026-05-18,2.4
EMP0065,BR08,2026-05-19,2.1
EMP0068,BR08,2026-05-19,2.4
EMP0071,BR08,2026-05-19,2.7
EMP0072,BR08,2026-05-19,2.2
EMP0073,BR08,2026-05-19,2.7
EMP0065,BR08,2026-05-20,2.3
EMP0066,BR08,2026-05-20,2.4
EMP0067,BR08,2026-05-20,2.6
EMP0069,BR08,2026-05-20,2.5
EMP0070,BR08,2026-05-20,2.4
EMP0074,BR08,2026-05-20,2.3
EMP0075,BR08,2026-05-20,2.4
EMP0065,BR08,2026-05-21,2.2
EMP0066,BR08,2026-05-21,2.3
EMP0067,BR08,2026-05-21,2.5
EMP0068,BR08,2026-05-21,2.3
EMP0070,BR08,2026-05-21,2.2
EMP0071,BR08,2026-05-21,2.3
EMP0073,BR08,2026-05-21,2.1
EMP0075,BR08,2026-05-21,2.4
EMP0065,BR08,2026-05-22,2.6
EMP0066,BR08,2026-05-22,2.4
EMP0068,BR08,2026-05-22,2.5
EMP0069,BR08,2026-05-22,2.4
EMP0070,BR08,2026-05-22,2.3
EMP0073,BR08,2026-05-22,2.3
EMP0074,BR08,2026-05-22,2.7
EMP0075,BR08,2026-05-22,2.2
EMP0066,BR08,2026-05-23,2.5
EMP0068,BR08,2026-05-23,2.3
EMP0071,BR08,2026-05-23,2.6
EMP0072,BR08,2026-05-23,2.6
EMP0073,BR08,2026-05-23,2.7
EMP0075,BR08,2026-05-23,2.4
EMP0067,BR08,2026-05-24,2.4
EMP0068,BR08,2026-05-24,2.0
EMP0069,BR08,2026-05-24,1.9
EMP0070,BR08,2026-05-24,2.6
EMP0071,BR08,2026-05-24,2.5
EMP0072,BR08,2026-05-24,2.4
EMP0065,BR08,2026-05-25,2.1
EMP0067,BR08,2026-05-25,2.1
EMP0069,BR08,2026-05-25,2.5
EMP0070,BR08,2026-05-25,2.1
EMP0071,BR08,2026-05-25,2.2
EMP0072,BR08,2026-05-25,2.4
EMP0075,BR08,2026-05-25,2.2
EMP0065,BR08,2026-05-26,2.5
EMP0066,BR08,2026-05-26,2.5
EMP0068,BR08,2026-05-26,2.4
EMP0071,BR08,2026-05-26,2.5
EMP0072,BR08,2026-05-26,2.5
EMP0073,BR08,2026-05-26,2.3
EMP0075,BR08,2026-05-26,2.5
EMP0065,BR08,2026-05-27,2.2
EMP0066,BR08,2026-05-27,2.7
EMP0067,BR08,2026-05-27,2.6
EMP0068,BR08,2026-05-27,2.6
EMP0069,BR08,2026-05-27,2.4
EMP0070,BR08,2026-05-27,2.7
EMP0071,BR08,2026-05-27,2.4
EMP0072,BR08,2026-05-27,2.1
EMP0073,BR08,2026-05-27,2.2
EMP0074,BR08,2026-05-27,2.2
EMP0075,BR08,2026-05-27,2.4
EMP0065,BR08,2026-05-28,2.0
EMP0066,BR08,2026-05-28,2.5
EMP0067,BR08,2026-05-28,1.8
EMP0069,BR08,2026-05-28,2.4
EMP0071,BR08,2026-05-28,2.4
EMP0072,BR08,2026-05-28,2.1
EMP0073,BR08,2026-05-28,2.5
EMP0075,BR08,2026-05-28,2.4
EMP0065,BR08,2026-05-29,2.4
EMP0066,BR08,2026-05-29,2.4
EMP0067,BR08,2026-05-29,2.1
EMP0068,BR08,2026-05-29,2.1
EMP0069,BR08,2026-05-29,2.1
EMP0071,BR08,2026-05-29,2.4
EMP0074,BR08,2026-05-29,2.5
EMP0075,BR08,2026-05-29,2.2
EMP0065,BR08,2026-05-30,2.4
EMP0066,BR08,2026-05-30,2.4
EMP0067,BR08,2026-05-30,2.8
EMP0068,BR08,2026-05-30,2.4
EMP0069,BR08,2026-05-30,2.3
EMP0072,BR08,2026-05-30,2.4
EMP0073,BR08,2026-05-30,2.7
EMP0074,BR08,2026-05-30,2.6
EMP0075,BR08,2026-05-30,2.2
EMP0065,BR08,2026-05-31,2.2
EMP0066,BR08,2026-05-31,2.1
EMP0067,BR08,2026-05-31,2.5
EMP0072,BR08,2026-05-31,2.5
EMP0073,BR08,2026-05-31,2.5
EMP0075,BR08,2026-05-31,2.1
EMP0065,BR08,2026-06-01,1.9
EMP0066,BR08,2026-06-01,1.9
EMP0067,BR08,2026-06-01,2.0
EMP0070,BR08,2026-06-01,1.8
EMP0071,BR08,2026-06-01,1.7
EMP0072,BR08,2026-06-01,1.9
EMP0074,BR08,2026-06-01,1.9
EMP0075,BR08,2026-06-01,1.9
EMP0065,BR08,2026-06-02,2.4
EMP0066,BR08,2026-06-02,1.9
EMP0067,BR08,2026-06-02,1.9
EMP0069,BR08,2026-06-02,2.1
EMP0070,BR08,2026-06-02,2.0
EMP0072,BR08,2026-06-02,1.6
EMP0073,BR08,2026-06-02,2.1
EMP0074,BR08,2026-06-02,2.5
EMP0065,BR08,2026-06-03,2.1
EMP0067,BR08,2026-06-03,1.8
EMP0069,BR08,2026-06-03,2.2
EMP0070,BR08,2026-06-03,1.9
EMP0071,BR08,2026-06-03,2.2
EMP0073,BR08,2026-06-03,2.2
EMP0074,BR08,2026-06-03,2.2
EMP0075,BR08,2026-06-03,2.2
EMP0065,BR08,2026-06-04,2.0
EMP0068,BR08,2026-06-04,2.2
EMP0070,BR08,2026-06-04,2.2
EMP0071,BR08,2026-06-04,1.9
EMP0072,BR08,2026-06-04,2.1
EMP0074,BR08,2026-06-04,1.8
EMP0075,BR08,2026-06-04,2.1
EMP0067,BR08,2026-06-05,2.2
EMP0068,BR08,2026-06-05,2.2
EMP0070,BR08,2026-06-05,2.0
EMP0071,BR08,2026-06-05,2.1
EMP0072,BR08,2026-06-05,1.9
EMP0073,BR08,2026-06-05,1.6
EMP0075,BR08,2026-06-05,2.1
EMP0065,BR08,2026-06-06,2.2
EMP0066,BR08,2026-06-06,1.9
EMP0067,BR08,2026-06-06,2.1
EMP0068,BR08,2026-06-06,1.8
EMP0072,BR08,2026-06-06,1.5
EMP0073,BR08,2026-06-06,2.2
EMP0074,BR08,2026-06-06,2.4
EMP0075,BR08,2026-06-06,2.1
EMP0065,BR08,2026-06-07,1.9
EMP0066,BR08,2026-06-07,2.0
EMP0067,BR08,2026-06-07,2.1
EMP0070,BR08,2026-06-07,2.0
EMP0071,BR08,2026-06-07,1.9
EMP0073,BR08,2026-06-07,2.1
EMP0074,BR08,2026-06-07,1.5
EMP0075,BR08,2026-06-07,1.9
EMP0065,BR08,2026-06-08,2.2
EMP0066,BR08,2026-06-08,2.1
EMP0067,BR08,2026-06-08,2.2
EMP0068,BR08,2026-06-08,1.6
EMP0069,BR08,2026-06-08,2.2
EMP0070,BR08,2026-06-08,2.4
EMP0071,BR08,2026-06-08,2.1
EMP0073,BR08,2026-06-08,1.6
EMP0065,BR08,2026-06-09,2.1
EMP0072,BR08,2026-06-09,1.9
EMP0073,BR08,2026-06-09,2.1
EMP0074,BR08,2026-06-09,2.0
EMP0065,BR08,2026-06-10,2.0
EMP0067,BR08,2026-06-10,1.8
EMP0068,BR08,2026-06-10,1.9
EMP0069,BR08,2026-06-10,2.0
EMP0072,BR08,2026-06-10,1.8
EMP0074,BR08,2026-06-10,2.1
EMP0075,BR08,2026-06-10,1.7
EMP0065,BR08,2026-06-11,1.9
EMP0067,BR08,2026-06-11,1.9
EMP0069,BR08,2026-06-11,2.2
EMP0071,BR08,2026-06-11,1.9
EMP0073,BR08,2026-06-11,2.3
EMP0074,BR08,2026-06-11,2.2
EMP0067,BR08,2026-06-12,1.8
EMP0068,BR08,2026-06-12,2.6
EMP0069,BR08,2026-06-12,2.1
EMP0070,BR08,2026-06-12,1.7
EMP0071,BR08,2026-06-12,1.8
EMP0072,BR08,2026-06-12,1.9
EMP0073,BR08,2026-06-12,1.9
EMP0074,BR08,2026-06-12,2.2
EMP0075,BR08,2026-06-12,1.8
EMP0065,BR08,2026-06-13,1.8
EMP0067,BR08,2026-06-13,1.7
EMP0069,BR08,2026-06-13,1.9
EMP0070,BR08,2026-06-13,2.2
EMP0072,BR08,2026-06-13,1.8
EMP0073,BR08,2026-06-13,2.0
EMP0075,BR08,2026-06-13,1.8
EMP0066,BR08,2026-06-14,2.1
EMP0068,BR08,2026-06-14,2.0
EMP0070,BR08,2026-06-14,2.4
EMP0071,BR08,2026-06-14,1.6
EMP0073,BR08,2026-06-14,2.0
EMP0074,BR08,2026-06-14,2.5
EMP0075,BR08,2026-06-14,2.3
EMP0065,BR08,2026-06-15,2.2
EMP0066,BR08,2026-06-15,1.4
EMP0067,BR08,2026-06-15,1.9
EMP0069,BR08,2026-06-15,1.9
EMP0070,BR08,2026-06-15,2.0
EMP0072,BR08,2026-06-15,1.9
EMP0073,BR08,2026-06-15,2.3
EMP0074,BR08,2026-06-15,2.5
EMP0075,BR08,2026-06-15,2.4
EMP0065,BR08,2026-06-16,1.7
EMP0067,BR08,2026-06-16,1.8
EMP0068,BR08,2026-06-16,2.2
EMP0070,BR08,2026-06-16,2.4
EMP0071,BR08,2026-06-16,2.1
EMP0072,BR08,2026-06-16,2.2
EMP0073,BR08,2026-06-16,2.0
EMP0074,BR08,2026-06-16,2.0
EMP0075,BR08,2026-06-16,2.3
EMP0065,BR08,2026-06-17,2.0
EMP0066,BR08,2026-06-17,2.0
EMP0067,BR08,2026-06-17,2.2
EMP0068,BR08,2026-06-17,2.1
EMP0069,BR08,2026-06-17,2.0
EMP0070,BR08,2026-06-17,1.9
EMP0072,BR08,2026-06-17,1.6
EMP0074,BR08,2026-06-17,2.0
EMP0075,BR08,2026-06-17,1.8
EMP0067,BR08,2026-06-18,2.0
EMP0069,BR08,2026-06-18,2.2
EMP0071,BR08,2026-06-18,2.0
EMP0073,BR08,2026-06-18,1.7
EMP0075,BR08,2026-06-18,2.1
EMP0065,BR08,2026-06-19,2.2
EMP0066,BR08,2026-06-19,2.1
EMP0067,BR08,2026-06-19,1.9
EMP0070,BR08,2026-06-19,1.6
EMP0073,BR08,2026-06-19,2.0
EMP0074,BR08,2026-06-19,1.7
EMP0075,BR08,2026-06-19,2.1
EMP0065,BR08,2026-06-20,1.9
EMP0066,BR08,2026-06-20,1.8
EMP0067,BR08,2026-06-20,1.7
EMP0068,BR08,2026-06-20,2.3
EMP0069,BR08,2026-06-20,1.6
EMP0071,BR08,2026-06-20,1.9
EMP0072,BR08,2026-06-20,2.2
EMP0073,BR08,2026-06-20,2.2
EMP0074,BR08,2026-06-20,2.2
EMP0075,BR08,2026-06-20,1.8
EMP0065,BR08,2026-06-21,2.1
EMP0066,BR08,2026-06-21,1.8
EMP0067,BR08,2026-06-21,1.8
EMP0068,BR08,2026-06-21,2.3
EMP0069,BR08,2026-06-21,1.7
EMP0070,BR08,2026-06-21,2.0
EMP0074,BR08,2026-06-21,2.1
EMP0075,BR08,2026-06-21,2.6
EMP0065,BR08,2026-06-22,1.7
EMP0066,BR08,2026-06-22,2.1
EMP0067,BR08,2026-06-22,2.2
EMP0068,BR08,2026-06-22,1.6
EMP0069,BR08,2026-06-22,1.7
EMP0070,BR08,2026-06-22,1.8
EMP0071,BR08,2026-06-22,1.9
EMP0072,BR08,2026-06-22,1.8
EMP0073,BR08,2026-06-22,1.9
EMP0074,BR08,2026-06-22,1.9
EMP0075,BR08,2026-06-22,2.0
EMP0065,BR08,2026-06-23,1.8
EMP0066,BR08,2026-06-23,1.9
EMP0067,BR08,2026-06-23,2.0
EMP0068,BR08,2026-06-23,1.9
EMP0069,BR08,2026-06-23,2.1
EMP0070,BR08,2026-06-23,2.3
EMP0072,BR08,2026-06-23,1.9
EMP0073,BR08,2026-06-23,2.2
EMP0074,BR08,2026-06-23,2.0
EMP0075,BR08,2026-06-23,2.0
EMP0065,BR08,2026-06-24,2.1
EMP0066,BR08,2026-06-24,1.9
EMP0070,BR08,2026-06-24,2.3
EMP0072,BR08,2026-06-24,1.8
EMP0074,BR08,2026-06-24,2.3
EMP0066,BR08,2026-06-25,2.2
EMP0067,BR08,2026-06-25,1.9
EMP0068,BR08,2026-06-25,1.8
EMP0069,BR08,2026-06-25,1.9
EMP0072,BR08,2026-06-25,2.1
EMP0073,BR08,2026-06-25,2.0
EMP0074,BR08,2026-06-25,1.7
EMP0065,BR08,2026-06-26,2.0
EMP0069,BR08,2026-06-26,1.8
EMP0071,BR08,2026-06-26,1.9
EMP0072,BR08,2026-06-26,1.8
EMP0074,BR08,2026-06-26,1.9
EMP0065,BR08,2026-06-27,2.0
EMP0067,BR08,2026-06-27,2.2
EMP0069,BR08,2026-06-27,1.8
EMP0072,BR08,2026-06-27,1.8
EMP0073,BR08,2026-06-27,2.2
EMP0074,BR08,2026-06-27,1.9
EMP0065,BR08,2026-06-28,2.2
EMP0066,BR08,2026-06-28,2.0
EMP0068,BR08,2026-06-28,2.1
EMP0069,BR08,2026-06-28,2.0
EMP0071,BR08,2026-06-28,2.2
EMP0072,BR08,2026-06-28,1.7
EMP0073,BR08,2026-06-28,1.9
EMP0074,BR08,2026-06-28,2.1
EMP0065,BR08,2026-06-29,1.9
EMP0067,BR08,2026-06-29,2.2
EMP0069,BR08,2026-06-29,1.8
EMP0070,BR08,2026-06-29,2.3
EMP0071,BR08,2026-06-29,2.1
EMP0072,BR08,2026-06-29,2.2
EMP0073,BR08,2026-06-29,2.1
EMP0074,BR08,2026-06-29,2.2
EMP0065,BR08,2026-06-30,1.9
EMP0067,BR08,2026-06-30,1.9
EMP0068,BR08,2026-06-30,1.8
EMP0069,BR08,2026-06-30,1.7
EMP0070,BR08,2026-06-30,2.2
EMP0071,BR08,2026-06-30,2.1
EMP0072,BR08,2026-06-30,2.1
EMP0075,BR08,2026-06-30,2.2
EMP0065,BR08,2026-07-01,1.7
EMP0066,BR08,2026-07-01,1.5
EMP0067,BR08,2026-07-01,1.7
EMP0068,BR08,2026-07-01,2.1
EMP0069,BR08,2026-07-01,1.4
EMP0070,BR08,2026-07-01,2.1
EMP0071,BR08,2026-07-01,1.7
EMP0072,BR08,2026-07-01,1.8
EMP0073,BR08,2026-07-01,1.8
EMP0075,BR08,2026-07-01,1.7
EMP0065,BR08,2026-07-02,1.6
EMP0067,BR08,2026-07-02,2.0
EMP0068,BR08,2026-07-02,1.6
EMP0069,BR08,2026-07-02,2.0
EMP0070,BR08,2026-07-02,1.3
EMP0072,BR08,2026-07-02,1.5
EMP0073,BR08,2026-07-02,1.2
EMP0074,BR08,2026-07-02,1.6
EMP0075,BR08,2026-07-02,2.0
EMP0065,BR08,2026-07-03,1.7
EMP0067,BR08,2026-07-03,1.7
EMP0068,BR08,2026-07-03,2.0
EMP0070,BR08,2026-07-03,1.7
EMP0071,BR08,2026-07-03,1.6
EMP0074,BR08,2026-07-03,1.6
EMP0066,BR08,2026-07-04,1.7
EMP0067,BR08,2026-07-04,1.8
EMP0068,BR08,2026-07-04,1.9
EMP0069,BR08,2026-07-04,1.5
EMP0070,BR08,2026-07-04,1.8
EMP0071,BR08,2026-07-04,1.9
EMP0073,BR08,2026-07-04,1.7
EMP0065,BR08,2026-07-05,1.6
EMP0067,BR08,2026-07-05,1.6
EMP0068,BR08,2026-07-05,1.7
EMP0069,BR08,2026-07-05,1.7
EMP0070,BR08,2026-07-05,1.6
EMP0072,BR08,2026-07-05,1.5
EMP0073,BR08,2026-07-05,1.5
EMP0065,BR08,2026-07-06,1.9
EMP0066,BR08,2026-07-06,1.9
EMP0067,BR08,2026-07-06,1.7
EMP0069,BR08,2026-07-06,1.6
EMP0070,BR08,2026-07-06,1.7
EMP0071,BR08,2026-07-06,1.7
EMP0072,BR08,2026-07-06,1.8
EMP0073,BR08,2026-07-06,1.7
EMP0074,BR08,2026-07-06,1.6
EMP0065,BR08,2026-07-07,1.5
EMP0066,BR08,2026-07-07,1.5
EMP0067,BR08,2026-07-07,1.7
EMP0068,BR08,2026-07-07,1.5
EMP0069,BR08,2026-07-07,1.7
EMP0070,BR08,2026-07-07,1.8
EMP0071,BR08,2026-07-07,1.9
EMP0072,BR08,2026-07-07,1.8
EMP0073,BR08,2026-07-07,1.5
EMP0074,BR08,2026-07-07,1.6
EMP0075,BR08,2026-07-07,1.6
EMP0065,BR08,2026-07-08,1.3
EMP0067,BR08,2026-07-08,1.8
EMP0068,BR08,2026-07-08,1.6
EMP0070,BR08,2026-07-08,1.5
EMP0071,BR08,2026-07-08,1.4
EMP0073,BR08,2026-07-08,1.8
EMP0074,BR08,2026-07-08,1.4
EMP0075,BR08,2026-07-08,1.8
EMP0065,BR08,2026-07-09,1.8
EMP0066,BR08,2026-07-09,2.0
EMP0067,BR08,2026-07-09,2.1
EMP0070,BR08,2026-07-09,1.7
EMP0072,BR08,2026-07-09,2.0
EMP0073,BR08,2026-07-09,1.5
EMP0074,BR08,2026-07-09,1.8
EMP0065,BR08,2026-07-10,1.4
EMP0066,BR08,2026-07-10,1.4
EMP0067,BR08,2026-07-10,1.8
EMP0068,BR08,2026-07-10,1.6
EMP0069,BR08,2026-07-10,1.5
EMP0070,BR08,2026-07-10,1.8
EMP0071,BR08,2026-07-10,1.7
EMP0072,BR08,2026-07-10,1.7
EMP0073,BR08,2026-07-10,1.7
EMP0074,BR08,2026-07-10,1.5
EMP0065,BR08,2026-07-11,1.8
EMP0066,BR08,2026-07-11,1.8
EMP0067,BR08,2026-07-11,2.0
EMP0068,BR08,2026-07-11,1.3
EMP0069,BR08,2026-07-11,1.6
EMP0070,BR08,2026-07-11,1.3
EMP0071,BR08,2026-07-11,1.8
EMP0072,BR08,2026-07-11,1.8
EMP0073,BR08,2026-07-11,1.5
EMP0075,BR08,2026-07-11,1.2
EMP0065,BR08,2026-07-12,1.7
EMP0066,BR08,2026-07-12,1.8
EMP0068,BR08,2026-07-12,1.6
EMP0069,BR08,2026-07-12,1.9
EMP0070,BR08,2026-07-12,1.8
EMP0072,BR08,2026-07-12,1.9
EMP0073,BR08,2026-07-12,1.6
EMP0074,BR08,2026-07-12,1.8
EMP0075,BR08,2026-07-12,1.5
EMP0065,BR08,2026-07-13,2.0
EMP0066,BR08,2026-07-13,1.4
EMP0067,BR08,2026-07-13,1.7
EMP0068,BR08,2026-07-13,1.7
EMP0071,BR08,2026-07-13,1.6
EMP0072,BR08,2026-07-13,1.7
EMP0074,BR08,2026-07-13,1.8
EMP0066,BR08,2026-07-14,1.6
EMP0067,BR08,2026-07-14,1.7
EMP0069,BR08,2026-07-14,1.8
EMP0070,BR08,2026-07-14,1.5
EMP0071,BR08,2026-07-14,1.7
EMP0075,BR08,2026-07-14,1.4
EMP0065,BR08,2026-07-15,1.7
EMP0066,BR08,2026-07-15,1.9
EMP0067,BR08,2026-07-15,2.0
EMP0070,BR08,2026-07-15,1.9
EMP0072,BR08,2026-07-15,1.5
EMP0075,BR08,2026-07-15,1.6
EMP0066,BR08,2026-07-16,1.6
EMP0067,BR08,2026-07-16,1.5
EMP0068,BR08,2026-07-16,1.4
EMP0069,BR08,2026-07-16,1.8
EMP0070,BR08,2026-07-16,1.5
EMP0072,BR08,2026-07-16,1.8
EMP0075,BR08,2026-07-16,1.7
EMP0067,BR08,2026-07-17,2.3
EMP0069,BR08,2026-07-17,1.8
EMP0070,BR08,2026-07-17,1.8
EMP0073,BR08,2026-07-17,1.6
EMP0074,BR08,2026-07-17,1.4
EMP0075,BR08,2026-07-17,1.9
EMP0066,BR08,2026-07-18,1.8
EMP0067,BR08,2026-07-18,1.8
EMP0071,BR08,2026-07-18,1.7
EMP0072,BR08,2026-07-18,1.8
EMP0073,BR08,2026-07-18,1.6
EMP0074,BR08,2026-07-18,2.0
EMP0075,BR08,2026-07-18,1.4
EMP0067,BR08,2026-07-19,1.9
EMP0069,BR08,2026-07-19,1.4
EMP0070,BR08,2026-07-19,1.6
EMP0071,BR08,2026-07-19,1.5
EMP0072,BR08,2026-07-19,1.7
EMP0073,BR08,2026-07-19,1.4
EMP0074,BR08,2026-07-19,1.7
EMP0075,BR08,2026-07-19,1.3
EMP0067,BR08,2026-07-20,1.8
EMP0068,BR08,2026-07-20,1.7
EMP0069,BR08,2026-07-20,1.4
EMP0070,BR08,2026-07-20,1.8
EMP0071,BR08,2026-07-20,1.8
EMP0072,BR08,2026-07-20,1.8
EMP0073,BR08,2026-07-20,1.6
EMP0074,BR08,2026-07-20,1.8
EMP0075,BR08,2026-07-20,1.9
EMP0065,BR08,2026-07-21,1.6
EMP0066,BR08,2026-07-21,1.7
EMP0067,BR08,2026-07-21,1.7
EMP0072,BR08,2026-07-21,1.7
EMP0073,BR08,2026-07-21,1.8
EMP0065,BR08,2026-07-22,1.6
EMP0067,BR08,2026-07-22,1.7
EMP0069,BR08,2026-07-22,1.5
EMP0070,BR08,2026-07-22,1.5
EMP0072,BR08,2026-07-22,1.9
EMP0073,BR08,2026-07-22,1.1
EMP0065,BR08,2026-07-23,1.3
EMP0066,BR08,2026-07-23,1.7
EMP0067,BR08,2026-07-23,1.6
EMP0068,BR08,2026-07-23,1.7
EMP0070,BR08,2026-07-23,1.7
EMP0071,BR08,2026-07-23,1.9
EMP0072,BR08,2026-07-23,1.6
EMP0075,BR08,2026-07-23,1.8
EMP0065,BR08,2026-07-24,1.6
EMP0066,BR08,2026-07-24,1.9
EMP0067,BR08,2026-07-24,1.6
EMP0069,BR08,2026-07-24,1.5
EMP0071,BR08,2026-07-24,1.6
EMP0072,BR08,2026-07-24,1.4
EMP0073,BR08,2026-07-24,1.6
EMP0074,BR08,2026-07-24,1.6
EMP0075,BR08,2026-07-24,1.5
EMP0065,BR08,2026-07-25,1.7
EMP0067,BR08,2026-07-25,2.0
EMP0068,BR08,2026-07-25,1.5
EMP0069,BR08,2026-07-25,1.7
EMP0071,BR08,2026-07-25,1.8
EMP0073,BR08,2026-07-25,1.8
EMP0075,BR08,2026-07-25,1.6
EMP0065,BR08,2026-07-26,1.5
EMP0066,BR08,2026-07-26,1.9
EMP0068,BR08,2026-07-26,1.7
EMP0070,BR08,2026-07-26,1.4
EMP0071,BR08,2026-07-26,1.8
EMP0075,BR08,2026-07-26,1.8
EMP0065,BR08,2026-07-27,2.0
EMP0066,BR08,2026-07-27,1.6
EMP0067,BR08,2026-07-27,1.8
EMP0068,BR08,2026-07-27,1.8
EMP0070,BR08,2026-07-27,1.5
EMP0071,BR08,2026-07-27,1.3
EMP0072,BR08,2026-07-27,1.8
EMP0073,BR08,2026-07-27,1.7
EMP0074,BR08,2026-07-27,1.5
EMP0065,BR08,2026-07-28,1.4
EMP0066,BR08,2026-07-28,1.7
EMP0067,BR08,2026-07-28,1.6
EMP0070,BR08,2026-07-28,1.6
EMP0071,BR08,2026-07-28,1.4
EMP0072,BR08,2026-07-28,1.5
EMP0073,BR08,2026-07-28,1.7
EMP0074,BR08,2026-07-28,1.5
EMP0075,BR08,2026-07-28,1.4
EMP0065,BR08,2026-07-29,1.6
EMP0066,BR08,2026-07-29,1.5
EMP0067,BR08,2026-07-29,1.7
EMP0069,BR08,2026-07-29,1.8
EMP0070,BR08,2026-07-29,1.5
EMP0071,BR08,2026-07-29,1.6
EMP0073,BR08,2026-07-29,1.8
EMP0074,BR08,2026-07-29,1.6
EMP0075,BR08,2026-07-29,1.3
EMP0065,BR08,2026-07-30,1.8
EMP0068,BR08,2026-07-30,1.6
EMP0069,BR08,2026-07-30,1.8
EMP0071,BR08,2026-07-30,1.5
EMP0072,BR08,2026-07-30,1.7
EMP0073,BR08,2026-07-30,1.8
EMP0075,BR08,2026-07-30,1.7
EMP0067,BR08,2026-07-31,1.6
EMP0068,BR08,2026-07-31,1.6
EMP0069,BR08,2026-07-31,2.1
EMP0070,BR08,2026-07-31,1.9
EMP0073,BR08,2026-07-31,1.8
EMP0074,BR08,2026-07-31,1.6
EMP0065,BR08,2026-08-01,2.2
EMP0066,BR08,2026-08-01,2.0
EMP0067,BR08,2026-08-01,2.6
EMP0068,BR08,2026-08-01,2.3
EMP0070,BR08,2026-08-01,2.3
EMP0071,BR08,2026-08-01,2.2
EMP0072,BR08,2026-08-01,2.2
EMP0073,BR08,2026-08-01,2.5
EMP0065,BR08,2026-08-02,2.1
EMP0066,BR08,2026-08-02,2.4
EMP0067,BR08,2026-08-02,2.4
EMP0069,BR08,2026-08-02,2.3
EMP0071,BR08,2026-08-02,2.2
EMP0072,BR08,2026-08-02,2.5
EMP0073,BR08,2026-08-02,1.9
EMP0074,BR08,2026-08-02,2.1
EMP0075,BR08,2026-08-02,2.2
EMP0065,BR08,2026-08-03,2.4
EMP0066,BR08,2026-08-03,2.4
EMP0069,BR08,2026-08-03,2.1
EMP0070,BR08,2026-08-03,2.0
EMP0072,BR08,2026-08-03,2.1
EMP0073,BR08,2026-08-03,2.2
EMP0074,BR08,2026-08-03,2.2
EMP0075,BR08,2026-08-03,2.0
EMP0066,BR08,2026-08-04,2.3
EMP0068,BR08,2026-08-04,2.5
EMP0069,BR08,2026-08-04,2.2
EMP0070,BR08,2026-08-04,1.6
EMP0071,BR08,2026-08-04,2.4
EMP0072,BR08,2026-08-04,1.9
EMP0073,BR08,2026-08-04,2.0
EMP0074,BR08,2026-08-04,2.2
EMP0075,BR08,2026-08-04,2.6
EMP0066,BR08,2026-08-05,2.2
EMP0068,BR08,2026-08-05,2.2
EMP0069,BR08,2026-08-05,2.0
EMP0070,BR08,2026-08-05,2.5
EMP0071,BR08,2026-08-05,2.0
EMP0072,BR08,2026-08-05,2.4
EMP0073,BR08,2026-08-05,2.3
EMP0074,BR08,2026-08-05,2.0
EMP0065,BR08,2026-08-06,2.4
EMP0067,BR08,2026-08-06,2.3
EMP0068,BR08,2026-08-06,2.5
EMP0071,BR08,2026-08-06,2.3
EMP0073,BR08,2026-08-06,2.3
EMP0075,BR08,2026-08-06,2.3
EMP0066,BR08,2026-08-07,2.3
EMP0067,BR08,2026-08-07,2.0
EMP0068,BR08,2026-08-07,2.1
EMP0069,BR08,2026-08-07,2.5
EMP0070,BR08,2026-08-07,2.2
EMP0071,BR08,2026-08-07,2.2
EMP0072,BR08,2026-08-07,2.4
EMP0073,BR08,2026-08-07,2.1
EMP0075,BR08,2026-08-07,2.4
EMP0066,BR08,2026-08-08,2.6
EMP0067,BR08,2026-08-08,2.4
EMP0068,BR08,2026-08-08,2.2
EMP0071,BR08,2026-08-08,2.8
EMP0072,BR08,2026-08-08,2.6
EMP0073,BR08,2026-08-08,2.4
EMP0074,BR08,2026-08-08,2.7
EMP0065,BR08,2026-08-09,2.3
EMP0066,BR08,2026-08-09,2.0
EMP0067,BR08,2026-08-09,2.4
EMP0069,BR08,2026-08-09,2.4
EMP0070,BR08,2026-08-09,2.1
EMP0071,BR08,2026-08-09,2.7
EMP0072,BR08,2026-08-09,2.5
EMP0065,BR08,2026-08-10,2.4
EMP0066,BR08,2026-08-10,2.3
EMP0067,BR08,2026-08-10,2.3
EMP0070,BR08,2026-08-10,2.6
EMP0071,BR08,2026-08-10,2.2
EMP0072,BR08,2026-08-10,2.2
EMP0073,BR08,2026-08-10,2.4
EMP0066,BR08,2026-08-11,2.4
EMP0067,BR08,2026-08-11,2.1
EMP0068,BR08,2026-08-11,2.8
EMP0070,BR08,2026-08-11,2.3
EMP0072,BR08,2026-08-11,2.3
EMP0073,BR08,2026-08-11,2.1
EMP0074,BR08,2026-08-11,2.4
EMP0065,BR08,2026-08-12,2.1
EMP0066,BR08,2026-08-12,2.2
EMP0068,BR08,2026-08-12,2.2
EMP0070,BR08,2026-08-12,2.3
EMP0073,BR08,2026-08-12,2.2
EMP0074,BR08,2026-08-12,2.2
EMP0075,BR08,2026-08-12,2.3
EMP0065,BR08,2026-08-13,2.2
EMP0066,BR08,2026-08-13,2.2
EMP0067,BR08,2026-08-13,2.3
EMP0069,BR08,2026-08-13,2.1
EMP0073,BR08,2026-08-13,2.3
EMP0074,BR08,2026-08-13,2.6
EMP0065,BR08,2026-08-14,2.6
EMP0066,BR08,2026-08-14,2.4
EMP0067,BR08,2026-08-14,2.5
EMP0068,BR08,2026-08-14,2.6
EMP0069,BR08,2026-08-14,2.4
EMP0070,BR08,2026-08-14,2.5
EMP0071,BR08,2026-08-14,1.9
EMP0072,BR08,2026-08-14,2.1
EMP0075,BR08,2026-08-14,2.2
EMP0065,BR08,2026-08-15,2.4
EMP0066,BR08,2026-08-15,2.4
EMP0067,BR08,2026-08-15,2.2
EMP0068,BR08,2026-08-15,2.0
EMP0069,BR08,2026-08-15,2.4
EMP0070,BR08,2026-08-15,2.5
EMP0071,BR08,2026-08-15,1.9
EMP0072,BR08,2026-08-15,2.1
EMP0074,BR08,2026-08-15,2.6
EMP0075,BR08,2026-08-15,2.7
EMP0065,BR08,2026-08-16,2.0
EMP0066,BR08,2026-08-16,2.4
EMP0067,BR08,2026-08-16,2.3
EMP0069,BR08,2026-08-16,2.1
EMP0070,BR08,2026-08-16,2.3
EMP0072,BR08,2026-08-16,2.3
EMP0073,BR08,2026-08-16,2.1
EMP0074,BR08,2026-08-16,2.4
EMP0075,BR08,2026-08-16,2.2
EMP0066,BR08,2026-08-17,2.3
EMP0070,BR08,2026-08-17,2.6
EMP0071,BR08,2026-08-17,2.1
EMP0074,BR08,2026-08-17,2.3
EMP0065,BR08,2026-08-18,2.2
EMP0066,BR08,2026-08-18,2.3
EMP0067,BR08,2026-08-18,2.6
EMP0068,BR08,2026-08-18,2.7
EMP0069,BR08,2026-08-18,2.5
EMP0070,BR08,2026-08-18,1.9
EMP0071,BR08,2026-08-18,2.2
EMP0072,BR08,2026-08-18,2.3
EMP0073,BR08,2026-08-18,2.6
EMP0074,BR08,2026-08-18,2.4
EMP0075,BR08,2026-08-18,2.3
EMP0065,BR08,2026-08-19,2.4
EMP0066,BR08,2026-08-19,2.4
EMP0068,BR08,2026-08-19,2.6
EMP0070,BR08,2026-08-19,2.4
EMP0073,BR08,2026-08-19,2.9
EMP0074,BR08,2026-08-19,2.0
EMP0075,BR08,2026-08-19,1.9
EMP0065,BR08,2026-08-20,2.3
EMP0066,BR08,2026-08-20,2.7
EMP0067,BR08,2026-08-20,2.2
EMP0068,BR08,2026-08-20,2.6
EMP0069,BR08,2026-08-20,2.1
EMP0070,BR08,2026-08-20,2.2
EMP0072,BR08,2026-08-20,2.4
EMP0073,BR08,2026-08-20,2.0
EMP0074,BR08,2026-08-20,2.0
EMP0065,BR08,2026-08-21,2.1
EMP0066,BR08,2026-08-21,2.3
EMP0068,BR08,2026-08-21,2.2
EMP0069,BR08,2026-08-21,2.2
EMP0074,BR08,2026-08-21,1.9
EMP0075,BR08,2026-08-21,2.4
EMP0065,BR08,2026-08-22,2.0
EMP0066,BR08,2026-08-22,2.6
EMP0067,BR08,2026-08-22,2.3
EMP0068,BR08,2026-08-22,2.1
EMP0069,BR08,2026-08-22,2.5
EMP0070,BR08,2026-08-22,2.9
EMP0073,BR08,2026-08-22,2.0
EMP0074,BR08,2026-08-22,2.1
EMP0065,BR08,2026-08-23,2.2
EMP0067,BR08,2026-08-23,1.9
EMP0068,BR08,2026-08-23,3.0
EMP0069,BR08,2026-08-23,2.4
EMP0071,BR08,2026-08-23,2.9
EMP0072,BR08,2026-08-23,2.4
EMP0073,BR08,2026-08-23,2.0
EMP0074,BR08,2026-08-23,2.2
EMP0075,BR08,2026-08-23,2.0
EMP0065,BR08,2026-08-24,2.2
EMP0067,BR08,2026-08-24,2.4
EMP0068,BR08,2026-08-24,2.6
EMP0069,BR08,2026-08-24,2.4
EMP0070,BR08,2026-08-24,2.0
EMP0071,BR08,2026-08-24,2.4
EMP0073,BR08,2026-08-24,2.1
EMP0074,BR08,2026-08-24,2.4
EMP0065,BR08,2026-08-25,1.9
EMP0066,BR08,2026-08-25,2.1
EMP0067,BR08,2026-08-25,2.5
EMP0069,BR08,2026-08-25,2.4
EMP0070,BR08,2026-08-25,2.1
EMP0071,BR08,2026-08-25,2.6
EMP0072,BR08,2026-08-25,2.6
EMP0073,BR08,2026-08-25,2.7
EMP0074,BR08,2026-08-25,2.8
EMP0075,BR08,2026-08-25,2.2
EMP0065,BR08,2026-08-26,2.1
EMP0066,BR08,2026-08-26,2.3
EMP0067,BR08,2026-08-26,2.6
EMP0068,BR08,2026-08-26,2.3
EMP0071,BR08,2026-08-26,2.1
EMP0072,BR08,2026-08-26,2.7
EMP0074,BR08,2026-08-26,2.6
EMP0075,BR08,2026-08-26,2.3
EMP0065,BR08,2026-08-27,2.5
EMP0066,BR08,2026-08-27,1.9
EMP0069,BR08,2026-08-27,2.0
EMP0070,BR08,2026-08-27,2.4
EMP0071,BR08,2026-08-27,1.7
EMP0073,BR08,2026-08-27,2.3
EMP0074,BR08,2026-08-27,2.4
EMP0065,BR08,2026-08-28,2.6
EMP0068,BR08,2026-08-28,2.1
EMP0070,BR08,2026-08-28,2.2
EMP0071,BR08,2026-08-28,2.5
EMP0074,BR08,2026-08-28,2.6
EMP0065,BR08,2026-08-29,2.5
EMP0067,BR08,2026-08-29,2.3
EMP0070,BR08,2026-08-29,2.4
EMP0071,BR08,2026-08-29,2.7
EMP0074,BR08,2026-08-29,2.2
EMP0075,BR08,2026-08-29,2.2
EMP0065,BR08,2026-08-30,2.2
EMP0068,BR08,2026-08-30,2.5
EMP0069,BR08,2026-08-30,2.3
EMP0070,BR08,2026-08-30,2.3
EMP0071,BR08,2026-08-30,1.9
EMP0072,BR08,2026-08-30,2.0
EMP0073,BR08,2026-08-30,2.0
EMP0075,BR08,2026-08-30,2.7
EMP0065,BR08,2026-08-31,2.4
EMP0066,BR08,2026-08-31,2.5
EMP0067,BR08,2026-08-31,2.5
EMP0069,BR08,2026-08-31,2.3
EMP0070,BR08,2026-08-31,2.9
EMP0071,BR08,2026-08-31,2.3
EMP0072,BR08,2026-08-31,2.4
EMP0073,BR08,2026-08-31,2.3
EMP0074,BR08,2026-08-31,2.0
EMP0075,BR08,2026-08-31,2.3
EMP0065,BR08,2026-09-01,1.5
EMP0066,BR08,2026-09-01,1.9
EMP0067,BR08,2026-09-01,2.1
EMP0068,BR08,2026-09-01,2.3
EMP0069,BR08,2026-09-01,1.8
EMP0072,BR08,2026-09-01,1.7
EMP0074,BR08,2026-09-01,1.7
EMP0075,BR08,2026-09-01,1.8
EMP0065,BR08,2026-09-02,1.8
EMP0066,BR08,2026-09-02,1.8
EMP0068,BR08,2026-09-02,2.0
EMP0069,BR08,2026-09-02,2.2
EMP0070,BR08,2026-09-02,2.2
EMP0074,BR08,2026-09-02,1.9
EMP0075,BR08,2026-09-02,2.3
EMP0065,BR08,2026-09-03,2.1
EMP0067,BR08,2026-09-03,1.8
EMP0068,BR08,2026-09-03,1.8
EMP0069,BR08,2026-09-03,1.8
EMP0071,BR08,2026-09-03,2.0
EMP0072,BR08,2026-09-03,2.0
EMP0073,BR08,2026-09-03,1.9
EMP0074,BR08,2026-09-03,2.1
EMP0067,BR08,2026-09-04,1.8
EMP0069,BR08,2026-09-04,1.7
EMP0070,BR08,2026-09-04,2.2
EMP0071,BR08,2026-09-04,1.5
EMP0072,BR08,2026-09-04,1.7
EMP0074,BR08,2026-09-04,1.9
EMP0065,BR08,2026-09-05,1.7
EMP0066,BR08,2026-09-05,1.6
EMP0067,BR08,2026-09-05,1.8
EMP0068,BR08,2026-09-05,1.8
EMP0069,BR08,2026-09-05,1.9
EMP0071,BR08,2026-09-05,2.1
EMP0072,BR08,2026-09-05,1.8
EMP0073,BR08,2026-09-05,1.7
EMP0075,BR08,2026-09-05,1.9
EMP0066,BR08,2026-09-06,1.9
EMP0067,BR08,2026-09-06,1.9
EMP0068,BR08,2026-09-06,2.0
EMP0069,BR08,2026-09-06,1.9
EMP0071,BR08,2026-09-06,1.6
EMP0072,BR08,2026-09-06,2.0
EMP0073,BR08,2026-09-06,2.3
EMP0074,BR08,2026-09-06,1.9
EMP0075,BR08,2026-09-06,2.4
EMP0065,BR08,2026-09-07,1.5
EMP0066,BR08,2026-09-07,1.8
EMP0067,BR08,2026-09-07,2.3
EMP0069,BR08,2026-09-07,1.8
EMP0070,BR08,2026-09-07,1.8
EMP0072,BR08,2026-09-07,1.9
EMP0073,BR08,2026-09-07,2.1
EMP0074,BR08,2026-09-07,1.9
EMP0075,BR08,2026-09-07,2.1
EMP0065,BR08,2026-09-08,2.3
EMP0066,BR08,2026-09-08,2.1
EMP0067,BR08,2026-09-08,1.7
EMP0068,BR08,2026-09-08,2.4
EMP0069,BR08,2026-09-08,2.0
EMP0070,BR08,2026-09-08,1.9
EMP0071,BR08,2026-09-08,1.7
EMP0073,BR08,2026-09-08,1.9
EMP0075,BR08,2026-09-08,1.6
EMP0065,BR08,2026-09-09,1.7
EMP0066,BR08,2026-09-09,1.6
EMP0067,BR08,2026-09-09,1.5
EMP0069,BR08,2026-09-09,2.1
EMP0070,BR08,2026-09-09,1.9
EMP0071,BR08,2026-09-09,1.8
EMP0072,BR08,2026-09-09,1.8
EMP0074,BR08,2026-09-09,1.8
EMP0075,BR08,2026-09-09,1.8
EMP0065,BR08,2026-09-10,2.0
EMP0067,BR08,2026-09-10,2.3
EMP0068,BR08,2026-09-10,1.6
EMP0069,BR08,2026-09-10,1.6
EMP0070,BR08,2026-09-10,1.9
EMP0071,BR08,2026-09-10,1.8
EMP0074,BR08,2026-09-10,2.1
EMP0075,BR08,2026-09-10,1.9
EMP0065,BR08,2026-09-11,1.8
EMP0066,BR08,2026-09-11,1.7
EMP0067,BR08,2026-09-11,1.7
EMP0068,BR08,2026-09-11,1.9
EMP0069,BR08,2026-09-11,1.9
EMP0070,BR08,2026-09-11,1.9
EMP0071,BR08,2026-09-11,1.9
EMP0072,BR08,2026-09-11,2.0
EMP0073,BR08,2026-09-11,1.8
EMP0074,BR08,2026-09-11,1.9
EMP0066,BR08,2026-09-12,2.0
EMP0068,BR08,2026-09-12,2.4
EMP0070,BR08,2026-09-12,2.1
EMP0073,BR08,2026-09-12,2.5
EMP0075,BR08,2026-09-12,2.2
EMP0065,BR08,2026-09-13,2.0
EMP0068,BR08,2026-09-13,1.8
EMP0069,BR08,2026-09-13,1.6
EMP0071,BR08,2026-09-13,1.7
EMP0073,BR08,2026-09-13,2.0
EMP0075,BR08,2026-09-13,2.1
EMP0065,BR08,2026-09-14,2.1
EMP0066,BR08,2026-09-14,1.7
EMP0067,BR08,2026-09-14,1.7
EMP0068,BR08,2026-09-14,1.9
EMP0069,BR08,2026-09-14,1.8
EMP0071,BR08,2026-09-14,1.7
EMP0072,BR08,2026-09-14,1.7
EMP0073,BR08,2026-09-14,1.8
EMP0074,BR08,2026-09-14,1.7
EMP0075,BR08,2026-09-14,1.9
EMP0065,BR08,2026-09-15,2.1
EMP0066,BR08,2026-09-15,1.8
EMP0067,BR08,2026-09-15,1.6
EMP0069,BR08,2026-09-15,1.7
EMP0070,BR08,2026-09-15,2.0
EMP0071,BR08,2026-09-15,2.3
EMP0072,BR08,2026-09-15,2.0
EMP0073,BR08,2026-09-15,2.0
EMP0074,BR08,2026-09-15,2.1
EMP0075,BR08,2026-09-15,2.0
EMP0065,BR08,2026-09-16,1.9
EMP0066,BR08,2026-09-16,1.8
EMP0068,BR08,2026-09-16,1.8
EMP0069,BR08,2026-09-16,2.0
EMP0071,BR08,2026-09-16,1.8
EMP0072,BR08,2026-09-16,2.1
EMP0073,BR08,2026-09-16,1.8
EMP0074,BR08,2026-09-16,1.9
EMP0075,BR08,2026-09-16,1.8
EMP0065,BR08,2026-09-17,1.6
EMP0067,BR08,2026-09-17,1.8
EMP0068,BR08,2026-09-17,2.1
EMP0069,BR08,2026-09-17,1.6
EMP0070,BR08,2026-09-17,2.4
EMP0071,BR08,2026-09-17,2.2
EMP0072,BR08,2026-09-17,2.0
EMP0074,BR08,2026-09-17,2.1
EMP0065,BR08,2026-09-18,2.0
EMP0067,BR08,2026-09-18,2.1
EMP0068,BR08,2026-09-18,1.9
EMP0069,BR08,2026-09-18,2.0
EMP0070,BR08,2026-09-18,1.8
EMP0071,BR08,2026-09-18,1.9
EMP0074,BR08,2026-09-18,1.8
EMP0075,BR08,2026-09-18,2.3
EMP0065,BR08,2026-09-19,2.0
EMP0067,BR08,2026-09-19,1.9
EMP0068,BR08,2026-09-19,2.0
EMP0069,BR08,2026-09-19,2.1
EMP0071,BR08,2026-09-19,1.9
EMP0072,BR08,2026-09-19,1.9
EMP0074,BR08,2026-09-19,1.7
EMP0065,BR08,2026-09-20,2.0
EMP0066,BR08,2026-09-20,2.1
EMP0068,BR08,2026-09-20,2.1
EMP0069,BR08,2026-09-20,1.7
EMP0071,BR08,2026-09-20,1.8
EMP0072,BR08,2026-09-20,2.0
EMP0073,BR08,2026-09-20,1.6
EMP0074,BR08,2026-09-20,1.7
EMP0075,BR08,2026-09-20,2.0
EMP0077,BR09,2026-04-01,2.9
EMP0082,BR09,2026-04-01,2.8
EMP0084,BR09,2026-04-01,3.1
EMP0077,BR09,2026-04-02,2.9
EMP0080,BR09,2026-04-02,3.1
EMP0084,BR09,2026-04-02,3.4
EMP0076,BR09,2026-04-03,2.9
EMP0077,BR09,2026-04-03,2.9
EMP0078,BR09,2026-04-03,3.8
EMP0079,BR09,2026-04-03,3.0
EMP0080,BR09,2026-04-03,3.6
EMP0081,BR09,2026-04-03,3.8
EMP0082,BR09,2026-04-03,2.5
EMP0083,BR09,2026-04-03,2.6
EMP0077,BR09,2026-04-04,3.1
EMP0079,BR09,2026-04-04,3.4
EMP0082,BR09,2026-04-04,2.9
EMP0083,BR09,2026-04-04,3.1
EMP0076,BR09,2026-04-05,2.8
EMP0077,BR09,2026-04-05,3.2
EMP0078,BR09,2026-04-05,2.9
EMP0079,BR09,2026-04-05,3.3
EMP0080,BR09,2026-04-05,2.8
EMP0081,BR09,2026-04-05,2.6
EMP0084,BR09,2026-04-05,3.2
EMP0078,BR09,2026-04-06,2.6
EMP0079,BR09,2026-04-06,3.0
EMP0081,BR09,2026-04-06,3.2
EMP0083,BR09,2026-04-06,3.0
EMP0076,BR09,2026-04-07,2.6
EMP0078,BR09,2026-04-07,2.8
EMP0081,BR09,2026-04-07,3.0
EMP0082,BR09,2026-04-07,2.9
EMP0083,BR09,2026-04-07,2.5
EMP0084,BR09,2026-04-07,3.2
EMP0076,BR09,2026-04-08,2.1
EMP0077,BR09,2026-04-08,2.5
EMP0078,BR09,2026-04-08,2.8
EMP0080,BR09,2026-04-08,3.0
EMP0081,BR09,2026-04-08,3.8
EMP0083,BR09,2026-04-08,3.6
EMP0084,BR09,2026-04-08,2.9
EMP0078,BR09,2026-04-09,2.9
EMP0080,BR09,2026-04-09,3.3
EMP0082,BR09,2026-04-09,2.9
EMP0083,BR09,2026-04-09,3.5
EMP0077,BR09,2026-04-10,3.2
EMP0078,BR09,2026-04-10,2.6
EMP0081,BR09,2026-04-10,2.5
EMP0083,BR09,2026-04-10,3.2
EMP0078,BR09,2026-04-11,2.9
EMP0080,BR09,2026-04-11,3.1
EMP0081,BR09,2026-04-11,2.9
EMP0084,BR09,2026-04-11,3.1
EMP0076,BR09,2026-04-12,3.1
EMP0077,BR09,2026-04-12,3.0
EMP0080,BR09,2026-04-12,2.6
EMP0082,BR09,2026-04-12,3.3
EMP0083,BR09,2026-04-12,2.4
EMP0078,BR09,2026-04-13,3.4
EMP0079,BR09,2026-04-13,2.5
EMP0081,BR09,2026-04-13,2.5
EMP0082,BR09,2026-04-13,3.2
EMP0083,BR09,2026-04-13,2.7
EMP0076,BR09,2026-04-14,3.1
EMP0078,BR09,2026-04-14,2.7
EMP0079,BR09,2026-04-14,2.8
EMP0081,BR09,2026-04-14,2.7
EMP0077,BR09,2026-04-15,3.1
EMP0078,BR09,2026-04-15,2.7
EMP0079,BR09,2026-04-15,3.2
EMP0081,BR09,2026-04-15,3.2
EMP0082,BR09,2026-04-15,3.1
EMP0083,BR09,2026-04-15,3.2
EMP0076,BR09,2026-04-16,3.2
EMP0077,BR09,2026-04-16,2.9
EMP0078,BR09,2026-04-16,3.3
EMP0080,BR09,2026-04-16,3.2
EMP0082,BR09,2026-04-16,2.3
EMP0083,BR09,2026-04-16,2.8
EMP0084,BR09,2026-04-16,3.0
EMP0076,BR09,2026-04-17,3.6
EMP0079,BR09,2026-04-17,3.0
EMP0081,BR09,2026-04-17,3.4
EMP0082,BR09,2026-04-17,3.1
EMP0084,BR09,2026-04-17,3.3
EMP0076,BR09,2026-04-18,3.6
EMP0077,BR09,2026-04-18,2.3
EMP0079,BR09,2026-04-18,2.6
EMP0080,BR09,2026-04-18,2.9
EMP0081,BR09,2026-04-18,3.1
EMP0082,BR09,2026-04-18,2.9
EMP0084,BR09,2026-04-18,3.1
EMP0076,BR09,2026-04-19,3.1
EMP0078,BR09,2026-04-19,3.5
EMP0082,BR09,2026-04-19,2.8
EMP0083,BR09,2026-04-19,3.8
EMP0079,BR09,2026-04-20,2.7
EMP0080,BR09,2026-04-20,2.3
EMP0081,BR09,2026-04-20,3.3
EMP0082,BR09,2026-04-20,2.9
EMP0083,BR09,2026-04-20,3.4
EMP0084,BR09,2026-04-20,3.2
EMP0076,BR09,2026-04-21,3.2
EMP0079,BR09,2026-04-21,2.9
EMP0080,BR09,2026-04-21,2.3
EMP0082,BR09,2026-04-21,3.1
EMP0083,BR09,2026-04-21,3.2
EMP0084,BR09,2026-04-21,3.1
EMP0077,BR09,2026-04-22,2.8
EMP0078,BR09,2026-04-22,2.9
EMP0079,BR09,2026-04-22,2.6
EMP0081,BR09,2026-04-22,2.5
EMP0082,BR09,2026-04-22,2.7
EMP0083,BR09,2026-04-22,2.7
EMP0084,BR09,2026-04-22,3.5
EMP0076,BR09,2026-04-23,3.2
EMP0077,BR09,2026-04-23,3.1
EMP0078,BR09,2026-04-23,2.6
EMP0080,BR09,2026-04-23,2.5
EMP0082,BR09,2026-04-23,3.2
EMP0084,BR09,2026-04-23,2.6
EMP0076,BR09,2026-04-24,2.6
EMP0077,BR09,2026-04-24,2.4
EMP0078,BR09,2026-04-24,3.2
EMP0079,BR09,2026-04-24,2.5
EMP0080,BR09,2026-04-24,3.7
EMP0081,BR09,2026-04-24,2.7
EMP0082,BR09,2026-04-24,3.1
EMP0076,BR09,2026-04-25,2.8
EMP0077,BR09,2026-04-25,2.5
EMP0078,BR09,2026-04-25,2.8
EMP0081,BR09,2026-04-25,3.0
EMP0083,BR09,2026-04-25,3.1
EMP0078,BR09,2026-04-26,2.5
EMP0080,BR09,2026-04-26,3.2
EMP0081,BR09,2026-04-26,2.8
EMP0082,BR09,2026-04-26,2.9
EMP0083,BR09,2026-04-26,2.6
EMP0076,BR09,2026-04-27,3.0
EMP0077,BR09,2026-04-27,3.3
EMP0079,BR09,2026-04-27,2.6
EMP0082,BR09,2026-04-27,2.6
EMP0084,BR09,2026-04-27,2.9
EMP0076,BR09,2026-04-28,2.5
EMP0077,BR09,2026-04-28,2.4
EMP0076,BR09,2026-04-29,3.1
EMP0077,BR09,2026-04-29,2.9
EMP0082,BR09,2026-04-29,2.6
EMP0084,BR09,2026-04-29,3.1
EMP0077,BR09,2026-04-30,2.8
EMP0078,BR09,2026-04-30,2.6
EMP0080,BR09,2026-04-30,2.5
EMP0081,BR09,2026-04-30,2.9
EMP0082,BR09,2026-04-30,3.2
EMP0084,BR09,2026-04-30,2.6
EMP0078,BR09,2026-05-01,3.6
EMP0079,BR09,2026-05-01,3.6
EMP0080,BR09,2026-05-01,3.8
EMP0082,BR09,2026-05-01,3.8
EMP0084,BR09,2026-05-01,3.7
EMP0076,BR09,2026-05-02,3.1
EMP0077,BR09,2026-05-02,3.9
EMP0078,BR09,2026-05-02,4.0
EMP0080,BR09,2026-05-02,3.5
EMP0084,BR09,2026-05-02,4.4
EMP0076,BR09,2026-05-03,3.9
EMP0078,BR09,2026-05-03,3.6
EMP0082,BR09,2026-05-03,3.7
EMP0083,BR09,2026-05-03,3.8
EMP0077,BR09,2026-05-04,3.0
EMP0078,BR09,2026-05-04,3.2
EMP0080,BR09,2026-05-04,2.8
EMP0081,BR09,2026-05-04,4.2
EMP0082,BR09,2026-05-04,3.9
EMP0083,BR09,2026-05-04,4.6
EMP0079,BR09,2026-05-05,3.5
EMP0080,BR09,2026-05-05,3.0
EMP0081,BR09,2026-05-05,4.0
EMP0076,BR09,2026-05-06,3.7
EMP0077,BR09,2026-05-06,3.9
EMP0078,BR09,2026-05-06,4.0
EMP0081,BR09,2026-05-06,4.0
EMP0083,BR09,2026-05-06,3.6
EMP0076,BR09,2026-05-07,3.7
EMP0077,BR09,2026-05-07,3.6
EMP0079,BR09,2026-05-07,4.2
EMP0080,BR09,2026-05-07,3.8
EMP0081,BR09,2026-05-07,3.5
EMP0082,BR09,2026-05-07,3.9
EMP0084,BR09,2026-05-07,3.6
EMP0078,BR09,2026-05-08,4.0
EMP0079,BR09,2026-05-08,4.2
EMP0080,BR09,2026-05-08,4.2
EMP0081,BR09,2026-05-08,4.1
EMP0082,BR09,2026-05-08,3.3
EMP0083,BR09,2026-05-08,4.3
EMP0084,BR09,2026-05-08,3.5
EMP0076,BR09,2026-05-09,3.2
EMP0081,BR09,2026-05-09,4.3
EMP0082,BR09,2026-05-09,4.3
EMP0083,BR09,2026-05-09,3.8
EMP0084,BR09,2026-05-09,4.2
EMP0076,BR09,2026-05-10,4.7
EMP0077,BR09,2026-05-10,3.6
EMP0079,BR09,2026-05-10,4.3
EMP0081,BR09,2026-05-10,3.2
EMP0083,BR09,2026-05-10,3.5
EMP0076,BR09,2026-05-11,4.2
EMP0077,BR09,2026-05-11,3.5
EMP0078,BR09,2026-05-11,3.3
EMP0082,BR09,2026-05-11,3.8
EMP0083,BR09,2026-05-11,4.1
EMP0078,BR09,2026-05-12,3.8
EMP0079,BR09,2026-05-12,3.2
EMP0080,BR09,2026-05-12,4.1
EMP0081,BR09,2026-05-12,4.3
EMP0083,BR09,2026-05-12,4.6
EMP0077,BR09,2026-05-13,4.3
EMP0078,BR09,2026-05-13,3.6
EMP0079,BR09,2026-05-13,4.1
EMP0080,BR09,2026-05-13,4.1
EMP0081,BR09,2026-05-13,3.8
EMP0083,BR09,2026-05-13,3.8
EMP0084,BR09,2026-05-13,4.2
EMP0076,BR09,2026-05-14,4.4
EMP0078,BR09,2026-05-14,4.2
EMP0080,BR09,2026-05-14,3.3
EMP0081,BR09,2026-05-14,3.5
EMP0083,BR09,2026-05-14,3.8
EMP0076,BR09,2026-05-15,3.3
EMP0078,BR09,2026-05-15,3.8
EMP0081,BR09,2026-05-15,3.6
EMP0082,BR09,2026-05-15,2.9
EMP0083,BR09,2026-05-15,3.8
EMP0084,BR09,2026-05-15,3.3
EMP0076,BR09,2026-05-16,4.4
EMP0081,BR09,2026-05-16,3.7
EMP0082,BR09,2026-05-16,4.5
EMP0084,BR09,2026-05-16,3.6
EMP0078,BR09,2026-05-17,3.2
EMP0080,BR09,2026-05-17,4.0
EMP0081,BR09,2026-05-17,3.8
EMP0079,BR09,2026-05-18,3.6
EMP0083,BR09,2026-05-18,3.9
EMP0077,BR09,2026-05-19,4.0
EMP0078,BR09,2026-05-19,4.5
EMP0079,BR09,2026-05-19,3.3
EMP0080,BR09,2026-05-19,4.0
EMP0082,BR09,2026-05-19,3.6
EMP0083,BR09,2026-05-19,3.6
EMP0084,BR09,2026-05-19,3.8
EMP0076,BR09,2026-05-20,3.6
EMP0077,BR09,2026-05-20,4.2
EMP0078,BR09,2026-05-20,2.8
EMP0080,BR09,2026-05-20,3.4
EMP0081,BR09,2026-05-20,3.5
EMP0082,BR09,2026-05-20,3.5
EMP0083,BR09,2026-05-20,4.0
EMP0079,BR09,2026-05-21,3.7
EMP0080,BR09,2026-05-21,3.8
EMP0081,BR09,2026-05-21,4.0
EMP0076,BR09,2026-05-22,3.7
EMP0077,BR09,2026-05-22,3.7
EMP0078,BR09,2026-05-22,2.9
EMP0080,BR09,2026-05-22,4.0
EMP0081,BR09,2026-05-22,3.1
EMP0083,BR09,2026-05-22,3.7
EMP0076,BR09,2026-05-23,3.8
EMP0077,BR09,2026-05-23,3.6
EMP0078,BR09,2026-05-23,3.8
EMP0080,BR09,2026-05-23,3.5
EMP0082,BR09,2026-05-23,3.5
EMP0076,BR09,2026-05-24,4.1
EMP0078,BR09,2026-05-24,4.2
EMP0079,BR09,2026-05-24,3.7
EMP0082,BR09,2026-05-24,4.3
EMP0083,BR09,2026-05-24,3.2
EMP0077,BR09,2026-05-25,3.7
EMP0078,BR09,2026-05-25,4.0
EMP0080,BR09,2026-05-25,4.0
EMP0082,BR09,2026-05-25,4.4
EMP0084,BR09,2026-05-25,4.3
EMP0076,BR09,2026-05-26,3.2
EMP0077,BR09,2026-05-26,3.4
EMP0078,BR09,2026-05-26,3.5
EMP0082,BR09,2026-05-26,3.6
EMP0083,BR09,2026-05-26,4.1
EMP0084,BR09,2026-05-26,3.6
EMP0076,BR09,2026-05-27,3.1
EMP0078,BR09,2026-05-27,4.0
EMP0079,BR09,2026-05-27,4.2
EMP0080,BR09,2026-05-27,3.6
EMP0082,BR09,2026-05-27,3.9
EMP0083,BR09,2026-05-27,4.3
EMP0084,BR09,2026-05-27,3.8
EMP0077,BR09,2026-05-28,4.5
EMP0079,BR09,2026-05-28,4.0
EMP0081,BR09,2026-05-28,3.0
EMP0083,BR09,2026-05-28,3.7
EMP0078,BR09,2026-05-29,4.3
EMP0082,BR09,2026-05-29,3.6
EMP0083,BR09,2026-05-29,3.2
EMP0076,BR09,2026-05-30,3.9
EMP0077,BR09,2026-05-30,3.1
EMP0078,BR09,2026-05-30,3.7
EMP0082,BR09,2026-05-30,4.2
EMP0083,BR09,2026-05-30,4.2
EMP0084,BR09,2026-05-30,3.8
EMP0076,BR09,2026-05-31,3.7
EMP0077,BR09,2026-05-31,3.1
EMP0078,BR09,2026-05-31,4.2
EMP0080,BR09,2026-05-31,3.0
EMP0081,BR09,2026-05-31,3.8
EMP0083,BR09,2026-05-31,3.3
EMP0077,BR09,2026-06-01,2.5
EMP0082,BR09,2026-06-01,3.0
EMP0076,BR09,2026-06-02,2.6
EMP0077,BR09,2026-06-02,3.4
EMP0079,BR09,2026-06-02,3.2
EMP0080,BR09,2026-06-02,2.2
EMP0081,BR09,2026-06-02,2.7
EMP0078,BR09,2026-06-03,3.0
EMP0079,BR09,2026-06-03,2.7
EMP0084,BR09,2026-06-03,2.2
EMP0076,BR09,2026-06-04,2.9
EMP0078,BR09,2026-06-04,2.4
EMP0080,BR09,2026-06-04,2.4
EMP0081,BR09,2026-06-04,2.7
EMP0083,BR09,2026-06-04,2.4
EMP0084,BR09,2026-06-04,3.1
EMP0076,BR09,2026-06-05,2.9
EMP0078,BR09,2026-06-05,2.4
EMP0080,BR09,2026-06-05,2.6
EMP0082,BR09,2026-06-05,2.2
EMP0083,BR09,2026-06-05,2.8
EMP0077,BR09,2026-06-06,2.4
EMP0078,BR09,2026-06-06,3.3
EMP0080,BR09,2026-06-06,2.7
EMP0081,BR09,2026-06-06,2.7
EMP0082,BR09,2026-06-06,2.6
EMP0076,BR09,2026-06-07,2.8
EMP0078,BR09,2026-06-07,3.1
EMP0079,BR09,2026-06-07,3.0
EMP0081,BR09,2026-06-07,3.2
EMP0083,BR09,2026-06-07,2.7
EMP0084,BR09,2026-06-07,3.0
EMP0076,BR09,2026-06-08,3.1
EMP0077,BR09,2026-06-08,2.9
EMP0078,BR09,2026-06-08,2.6
EMP0079,BR09,2026-06-08,2.9
EMP0080,BR09,2026-06-08,3.1
EMP0081,BR09,2026-06-08,2.5
EMP0082,BR09,2026-06-08,2.3
EMP0083,BR09,2026-06-08,2.7
EMP0084,BR09,2026-06-08,2.7
EMP0076,BR09,2026-06-09,2.2
EMP0077,BR09,2026-06-09,2.5
EMP0079,BR09,2026-06-09,2.4
EMP0080,BR09,2026-06-09,3.1
EMP0082,BR09,2026-06-09,3.0
EMP0083,BR09,2026-06-09,2.8
EMP0077,BR09,2026-06-10,3.5
EMP0079,BR09,2026-06-10,2.2
EMP0080,BR09,2026-06-10,2.4
EMP0081,BR09,2026-06-10,2.9
EMP0082,BR09,2026-06-10,2.4
EMP0083,BR09,2026-06-10,3.1
EMP0076,BR09,2026-06-11,2.2
EMP0077,BR09,2026-06-11,3.4
EMP0078,BR09,2026-06-11,3.1
EMP0079,BR09,2026-06-11,2.7
EMP0080,BR09,2026-06-11,2.9
EMP0081,BR09,2026-06-11,3.1
EMP0083,BR09,2026-06-11,2.8
EMP0084,BR09,2026-06-11,1.9
EMP0079,BR09,2026-06-12,2.6
EMP0081,BR09,2026-06-12,3.4
EMP0082,BR09,2026-06-12,2.9
EMP0076,BR09,2026-06-13,2.6
EMP0077,BR09,2026-06-13,3.2
EMP0078,BR09,2026-06-13,2.3
EMP0079,BR09,2026-06-13,2.0
EMP0080,BR09,2026-06-13,2.9
EMP0084,BR09,2026-06-13,2.6
EMP0077,BR09,2026-06-14,3.0
EMP0078,BR09,2026-06-14,2.8
EMP0080,BR09,2026-06-14,2.6
EMP0081,BR09,2026-06-14,3.3
EMP0083,BR09,2026-06-14,3.1
EMP0084,BR09,2026-06-14,2.9
EMP0076,BR09,2026-06-15,2.1
EMP0077,BR09,2026-06-15,2.9
EMP0078,BR09,2026-06-15,2.2
EMP0080,BR09,2026-06-15,2.9
EMP0081,BR09,2026-06-15,2.9
EMP0083,BR09,2026-06-15,3.0
EMP0084,BR09,2026-06-15,2.8
EMP0076,BR09,2026-06-16,2.5
EMP0079,BR09,2026-06-16,3.3
EMP0080,BR09,2026-06-16,2.6
EMP0081,BR09,2026-06-16,2.9
EMP0082,BR09,2026-06-16,2.4
EMP0079,BR09,2026-06-17,3.1
EMP0083,BR09,2026-06-17,3.2
EMP0084,BR09,2026-06-17,3.1
EMP0076,BR09,2026-06-18,2.8
EMP0077,BR09,2026-06-18,3.1
EMP0078,BR09,2026-06-18,3.1
EMP0084,BR09,2026-06-18,2.8
EMP0077,BR09,2026-06-19,3.0
EMP0078,BR09,2026-06-19,3.3
EMP0079,BR09,2026-06-19,3.1
EMP0080,BR09,2026-06-19,3.5
EMP0082,BR09,2026-06-19,3.1
EMP0084,BR09,2026-06-19,3.0
EMP0076,BR09,2026-06-20,3.2
EMP0080,BR09,2026-06-20,2.9
EMP0081,BR09,2026-06-20,2.3
EMP0082,BR09,2026-06-20,2.9
EMP0084,BR09,2026-06-20,2.7
EMP0076,BR09,2026-06-21,2.9
EMP0077,BR09,2026-06-21,3.0
EMP0079,BR09,2026-06-21,3.1
EMP0080,BR09,2026-06-21,3.0
EMP0081,BR09,2026-06-21,2.9
EMP0084,BR09,2026-06-21,2.7
EMP0077,BR09,2026-06-22,2.7
EMP0078,BR09,2026-06-22,3.1
EMP0079,BR09,2026-06-22,2.8
EMP0080,BR09,2026-06-22,2.6
EMP0081,BR09,2026-06-22,3.3
EMP0083,BR09,2026-06-22,3.1
EMP0084,BR09,2026-06-22,3.2
EMP0079,BR09,2026-06-23,2.9
EMP0081,BR09,2026-06-23,3.1
EMP0084,BR09,2026-06-23,2.7
EMP0077,BR09,2026-06-24,2.3
EMP0078,BR09,2026-06-24,3.5
EMP0080,BR09,2026-06-24,2.4
EMP0083,BR09,2026-06-24,2.5
EMP0076,BR09,2026-06-25,2.8
EMP0078,BR09,2026-06-25,2.9
EMP0079,BR09,2026-06-25,3.1
EMP0080,BR09,2026-06-25,2.5
EMP0082,BR09,2026-06-25,2.6
EMP0084,BR09,2026-06-25,2.4
EMP0076,BR09,2026-06-26,2.4
EMP0078,BR09,2026-06-26,3.1
EMP0079,BR09,2026-06-26,3.1
EMP0080,BR09,2026-06-26,2.2
EMP0082,BR09,2026-06-26,2.3
EMP0083,BR09,2026-06-26,2.9
EMP0084,BR09,2026-06-26,2.9
EMP0077,BR09,2026-06-27,3.2
EMP0078,BR09,2026-06-27,2.8
EMP0079,BR09,2026-06-27,2.9
EMP0080,BR09,2026-06-27,2.7
EMP0082,BR09,2026-06-27,2.6
EMP0084,BR09,2026-06-27,2.7
EMP0077,BR09,2026-06-28,3.2
EMP0079,BR09,2026-06-28,2.9
EMP0080,BR09,2026-06-28,2.9
EMP0084,BR09,2026-06-28,3.0
EMP0076,BR09,2026-06-29,2.7
EMP0077,BR09,2026-06-29,2.7
EMP0078,BR09,2026-06-29,3.3
EMP0079,BR09,2026-06-29,2.7
EMP0081,BR09,2026-06-29,2.8
EMP0082,BR09,2026-06-29,2.9
EMP0083,BR09,2026-06-29,1.9
EMP0084,BR09,2026-06-29,3.0
EMP0076,BR09,2026-06-30,2.6
EMP0077,BR09,2026-06-30,3.1
EMP0078,BR09,2026-06-30,3.1
EMP0079,BR09,2026-06-30,2.8
EMP0080,BR09,2026-06-30,3.1
EMP0081,BR09,2026-06-30,2.5
EMP0083,BR09,2026-06-30,2.9
EMP0084,BR09,2026-06-30,2.6
EMP0078,BR09,2026-07-01,2.2
EMP0079,BR09,2026-07-01,2.6
EMP0080,BR09,2026-07-01,2.7
EMP0081,BR09,2026-07-01,2.6
EMP0082,BR09,2026-07-01,2.4
EMP0076,BR09,2026-07-02,3.3
EMP0077,BR09,2026-07-02,2.9
EMP0078,BR09,2026-07-02,2.7
EMP0080,BR09,2026-07-02,2.9
EMP0082,BR09,2026-07-02,3.1
EMP0083,BR09,2026-07-02,2.8
EMP0084,BR09,2026-07-02,3.4
EMP0079,BR09,2026-07-03,2.6
EMP0080,BR09,2026-07-03,1.9
EMP0081,BR09,2026-07-03,2.9
EMP0082,BR09,2026-07-03,2.9
EMP0084,BR09,2026-07-03,2.8
EMP0076,BR09,2026-07-04,2.2
EMP0078,BR09,2026-07-04,3.3
EMP0079,BR09,2026-07-04,2.6
EMP0080,BR09,2026-07-04,3.4
EMP0082,BR09,2026-07-04,2.6
EMP0083,BR09,2026-07-04,3.1
EMP0076,BR09,2026-07-05,2.6
EMP0081,BR09,2026-07-05,2.8
EMP0083,BR09,2026-07-05,2.4
EMP0077,BR09,2026-07-06,2.4
EMP0078,BR09,2026-07-06,3.2
EMP0084,BR09,2026-07-06,3.4
EMP0076,BR09,2026-07-07,3.2
EMP0078,BR09,2026-07-07,3.1
EMP0079,BR09,2026-07-07,2.8
EMP0080,BR09,2026-07-07,2.4
EMP0081,BR09,2026-07-07,2.3
EMP0082,BR09,2026-07-07,2.9
EMP0083,BR09,2026-07-07,3.3
EMP0076,BR09,2026-07-08,2.5
EMP0079,BR09,2026-07-08,3.0
EMP0080,BR09,2026-07-08,2.4
EMP0081,BR09,2026-07-08,2.7
EMP0082,BR09,2026-07-08,2.8
EMP0083,BR09,2026-07-08,2.2
EMP0084,BR09,2026-07-08,3.0
EMP0078,BR09,2026-07-09,2.4
EMP0079,BR09,2026-07-09,3.0
EMP0080,BR09,2026-07-09,2.9
EMP0081,BR09,2026-07-09,2.8
EMP0082,BR09,2026-07-09,2.7
EMP0083,BR09,2026-07-09,3.0
EMP0084,BR09,2026-07-09,2.4
EMP0076,BR09,2026-07-10,2.1
EMP0078,BR09,2026-07-10,2.6
EMP0079,BR09,2026-07-10,2.7
EMP0082,BR09,2026-07-10,2.6
EMP0083,BR09,2026-07-10,2.0
EMP0084,BR09,2026-07-10,2.3
EMP0077,BR09,2026-07-11,2.7
EMP0078,BR09,2026-07-11,2.8
EMP0079,BR09,2026-07-11,2.7
EMP0081,BR09,2026-07-11,2.9
EMP0082,BR09,2026-07-11,2.1
EMP0076,BR09,2026-07-12,3.4
EMP0077,BR09,2026-07-12,2.5
EMP0078,BR09,2026-07-12,2.9
EMP0080,BR09,2026-07-12,2.9
EMP0081,BR09,2026-07-12,2.6
EMP0083,BR09,2026-07-12,2.7
EMP0084,BR09,2026-07-12,2.4
EMP0076,BR09,2026-07-13,2.6
EMP0077,BR09,2026-07-13,2.1
EMP0078,BR09,2026-07-13,2.7
EMP0079,BR09,2026-07-13,3.2
EMP0082,BR09,2026-07-13,3.2
EMP0083,BR09,2026-07-13,2.6
EMP0076,BR09,2026-07-14,2.8
EMP0077,BR09,2026-07-14,2.9
EMP0078,BR09,2026-07-14,3.0
EMP0079,BR09,2026-07-14,3.3
EMP0080,BR09,2026-07-14,2.5
EMP0082,BR09,2026-07-14,2.6
EMP0076,BR09,2026-07-15,2.8
EMP0079,BR09,2026-07-15,2.7
EMP0083,BR09,2026-07-15,2.7
EMP0078,BR09,2026-07-16,2.2
EMP0083,BR09,2026-07-16,2.7
EMP0084,BR09,2026-07-16,2.7
EMP0078,BR09,2026-07-17,2.9
EMP0079,BR09,2026-07-17,2.9
EMP0081,BR09,2026-07-17,2.8
EMP0083,BR09,2026-07-17,2.6
EMP0084,BR09,2026-07-17,2.8
EMP0076,BR09,2026-07-18,2.0
EMP0078,BR09,2026-07-18,3.2
EMP0079,BR09,2026-07-18,2.5
EMP0080,BR09,2026-07-18,2.6
EMP0082,BR09,2026-07-18,2.4
EMP0083,BR09,2026-07-18,2.8
EMP0077,BR09,2026-07-19,2.8
EMP0079,BR09,2026-07-19,3.0
EMP0080,BR09,2026-07-19,1.7
EMP0081,BR09,2026-07-19,2.6
EMP0082,BR09,2026-07-19,2.2
EMP0084,BR09,2026-07-19,2.8
EMP0078,BR09,2026-07-20,2.6
EMP0079,BR09,2026-07-20,2.3
EMP0082,BR09,2026-07-20,2.2
EMP0083,BR09,2026-07-20,3.4
EMP0084,BR09,2026-07-20,3.0
EMP0076,BR09,2026-07-21,2.6
EMP0078,BR09,2026-07-21,2.8
EMP0080,BR09,2026-07-21,3.1
EMP0082,BR09,2026-07-21,2.9
EMP0083,BR09,2026-07-21,2.8
EMP0084,BR09,2026-07-21,2.3
EMP0077,BR09,2026-07-22,2.7
EMP0078,BR09,2026-07-22,3.0
EMP0079,BR09,2026-07-22,2.9
EMP0080,BR09,2026-07-22,2.8
EMP0081,BR09,2026-07-22,2.2
EMP0082,BR09,2026-07-22,2.8
EMP0083,BR09,2026-07-22,1.9
EMP0076,BR09,2026-07-23,3.0
EMP0079,BR09,2026-07-23,2.5
EMP0080,BR09,2026-07-23,2.8
EMP0081,BR09,2026-07-23,2.8
EMP0082,BR09,2026-07-23,3.4
EMP0084,BR09,2026-07-23,3.2
EMP0077,BR09,2026-07-24,2.7
EMP0081,BR09,2026-07-24,2.4
EMP0083,BR09,2026-07-24,2.5
EMP0078,BR09,2026-07-25,3.2
EMP0079,BR09,2026-07-25,2.7
EMP0080,BR09,2026-07-25,2.7
EMP0081,BR09,2026-07-25,3.2
EMP0082,BR09,2026-07-25,3.2
EMP0083,BR09,2026-07-25,3.1
EMP0076,BR09,2026-07-26,2.8
EMP0077,BR09,2026-07-26,3.3
EMP0082,BR09,2026-07-26,2.5
EMP0083,BR09,2026-07-26,2.6
EMP0084,BR09,2026-07-26,2.5
EMP0076,BR09,2026-07-27,2.2
EMP0078,BR09,2026-07-27,2.3
EMP0079,BR09,2026-07-27,3.0
EMP0080,BR09,2026-07-27,2.8
EMP0081,BR09,2026-07-27,2.3
EMP0084,BR09,2026-07-27,2.8
EMP0076,BR09,2026-07-28,2.6
EMP0077,BR09,2026-07-28,3.4
EMP0078,BR09,2026-07-28,2.6
EMP0079,BR09,2026-07-28,2.5
EMP0081,BR09,2026-07-28,3.4
EMP0082,BR09,2026-07-28,3.0
EMP0083,BR09,2026-07-28,2.4
EMP0084,BR09,2026-07-28,3.1
EMP0077,BR09,2026-07-29,2.6
EMP0078,BR09,2026-07-29,3.0
EMP0079,BR09,2026-07-29,2.1
EMP0081,BR09,2026-07-29,2.9
EMP0082,BR09,2026-07-29,2.7
EMP0083,BR09,2026-07-29,3.2
EMP0084,BR09,2026-07-29,2.5
EMP0076,BR09,2026-07-30,2.7
EMP0077,BR09,2026-07-30,3.0
EMP0079,BR09,2026-07-30,2.0
EMP0080,BR09,2026-07-30,3.2
EMP0082,BR09,2026-07-30,3.0
EMP0083,BR09,2026-07-30,2.9
EMP0077,BR09,2026-07-31,2.5
EMP0078,BR09,2026-07-31,3.0
EMP0079,BR09,2026-07-31,2.7
EMP0080,BR09,2026-07-31,2.8
EMP0081,BR09,2026-07-31,3.3
EMP0083,BR09,2026-07-31,2.8
EMP0084,BR09,2026-07-31,2.8
EMP0077,BR09,2026-08-01,3.3
EMP0079,BR09,2026-08-01,4.0
EMP0080,BR09,2026-08-01,3.7
EMP0081,BR09,2026-08-01,3.5
EMP0082,BR09,2026-08-01,3.1
EMP0083,BR09,2026-08-01,3.7
EMP0076,BR09,2026-08-02,2.8
EMP0077,BR09,2026-08-02,3.4
EMP0079,BR09,2026-08-02,3.7
EMP0080,BR09,2026-08-02,3.2
EMP0084,BR09,2026-08-02,3.2
EMP0076,BR09,2026-08-03,3.5
EMP0077,BR09,2026-08-03,3.5
EMP0079,BR09,2026-08-03,3.4
EMP0082,BR09,2026-08-03,4.1
EMP0083,BR09,2026-08-03,3.6
EMP0084,BR09,2026-08-03,3.0
EMP0077,BR09,2026-08-04,3.4
EMP0078,BR09,2026-08-04,3.5
EMP0079,BR09,2026-08-04,2.8
EMP0082,BR09,2026-08-04,2.7
EMP0079,BR09,2026-08-05,3.5
EMP0080,BR09,2026-08-05,3.0
EMP0081,BR09,2026-08-05,3.7
EMP0082,BR09,2026-08-05,3.5
EMP0083,BR09,2026-08-05,3.9
EMP0077,BR09,2026-08-06,3.9
EMP0081,BR09,2026-08-06,3.5
EMP0082,BR09,2026-08-06,3.2
EMP0083,BR09,2026-08-06,2.9
EMP0084,BR09,2026-08-06,3.5
EMP0078,BR09,2026-08-07,3.6
EMP0079,BR09,2026-08-07,3.5
EMP0081,BR09,2026-08-07,3.0
EMP0082,BR09,2026-08-07,4.2
EMP0083,BR09,2026-08-07,3.1
EMP0084,BR09,2026-08-07,2.6
EMP0076,BR09,2026-08-08,4.2
EMP0077,BR09,2026-08-08,2.9
EMP0078,BR09,2026-08-08,3.9
EMP0079,BR09,2026-08-08,3.7
EMP0080,BR09,2026-08-08,3.5
EMP0084,BR09,2026-08-08,2.9
EMP0076,BR09,2026-08-09,3.9
EMP0078,BR09,2026-08-09,3.1
EMP0080,BR09,2026-08-09,3.7
EMP0081,BR09,2026-08-09,3.6
EMP0084,BR09,2026-08-09,3.7
EMP0076,BR09,2026-08-10,3.4
EMP0077,BR09,2026-08-10,4.3
EMP0078,BR09,2026-08-10,4.1
EMP0079,BR09,2026-08-10,3.8
EMP0083,BR09,2026-08-10,3.5
EMP0084,BR09,2026-08-10,3.5
EMP0076,BR09,2026-08-11,4.3
EMP0077,BR09,2026-08-11,3.3
EMP0079,BR09,2026-08-11,4.1
EMP0081,BR09,2026-08-11,3.4
EMP0084,BR09,2026-08-11,3.0
EMP0079,BR09,2026-08-12,3.9
EMP0080,BR09,2026-08-12,4.0
EMP0082,BR09,2026-08-12,3.8
EMP0077,BR09,2026-08-13,4.1
EMP0078,BR09,2026-08-13,3.6
EMP0079,BR09,2026-08-13,2.9
EMP0080,BR09,2026-08-13,4.0
EMP0081,BR09,2026-08-13,4.2
EMP0082,BR09,2026-08-13,3.0
EMP0083,BR09,2026-08-13,3.8
EMP0084,BR09,2026-08-13,3.6
EMP0079,BR09,2026-08-14,3.0
EMP0081,BR09,2026-08-14,3.4
EMP0083,BR09,2026-08-14,3.6
EMP0079,BR09,2026-08-15,3.9
EMP0080,BR09,2026-08-15,4.1
EMP0084,BR09,2026-08-15,3.5
EMP0076,BR09,2026-08-16,4.1
EMP0077,BR09,2026-08-16,4.0
EMP0078,BR09,2026-08-16,4.0
EMP0080,BR09,2026-08-16,3.9
EMP0081,BR09,2026-08-16,3.6
EMP0083,BR09,2026-08-16,4.0
EMP0084,BR09,2026-08-16,4.1
EMP0076,BR09,2026-08-17,2.9
EMP0077,BR09,2026-08-17,4.0
EMP0078,BR09,2026-08-17,2.9
EMP0079,BR09,2026-08-17,3.8
EMP0083,BR09,2026-08-17,3.1
EMP0079,BR09,2026-08-18,3.9
EMP0080,BR09,2026-08-18,3.1
EMP0081,BR09,2026-08-18,3.8
EMP0082,BR09,2026-08-18,3.4
EMP0083,BR09,2026-08-18,3.0
EMP0084,BR09,2026-08-18,3.9
EMP0079,BR09,2026-08-19,3.9
EMP0081,BR09,2026-08-19,3.5
EMP0082,BR09,2026-08-19,4.1
EMP0078,BR09,2026-08-20,3.2
EMP0079,BR09,2026-08-20,3.3
EMP0080,BR09,2026-08-20,2.8
EMP0082,BR09,2026-08-20,3.4
EMP0084,BR09,2026-08-20,3.4
EMP0076,BR09,2026-08-21,3.9
EMP0078,BR09,2026-08-21,3.6
EMP0080,BR09,2026-08-21,3.3
EMP0081,BR09,2026-08-21,3.2
EMP0083,BR09,2026-08-21,3.7
EMP0076,BR09,2026-08-22,2.8
EMP0077,BR09,2026-08-22,2.7
EMP0078,BR09,2026-08-22,3.4
EMP0080,BR09,2026-08-22,3.9
EMP0083,BR09,2026-08-22,3.6
EMP0084,BR09,2026-08-22,3.9
EMP0076,BR09,2026-08-23,2.8
EMP0078,BR09,2026-08-23,4.1
EMP0079,BR09,2026-08-23,3.6
EMP0080,BR09,2026-08-23,3.5
EMP0081,BR09,2026-08-23,3.3
EMP0082,BR09,2026-08-23,3.6
EMP0083,BR09,2026-08-23,4.1
EMP0079,BR09,2026-08-24,3.9
EMP0080,BR09,2026-08-24,3.7
EMP0082,BR09,2026-08-24,3.5
EMP0083,BR09,2026-08-24,3.3
EMP0084,BR09,2026-08-24,3.4
EMP0076,BR09,2026-08-25,3.8
EMP0077,BR09,2026-08-25,3.2
EMP0078,BR09,2026-08-25,3.7
EMP0081,BR09,2026-08-25,3.5
EMP0082,BR09,2026-08-25,3.9
EMP0083,BR09,2026-08-25,2.7
EMP0076,BR09,2026-08-26,3.6
EMP0078,BR09,2026-08-26,3.9
EMP0080,BR09,2026-08-26,2.9
EMP0081,BR09,2026-08-26,2.8
EMP0082,BR09,2026-08-26,3.9
EMP0083,BR09,2026-08-26,3.8
EMP0084,BR09,2026-08-26,3.7
EMP0076,BR09,2026-08-27,3.3
EMP0077,BR09,2026-08-27,2.9
EMP0078,BR09,2026-08-27,2.5
EMP0079,BR09,2026-08-27,3.7
EMP0081,BR09,2026-08-27,3.4
EMP0082,BR09,2026-08-27,3.7
EMP0083,BR09,2026-08-27,3.6
EMP0084,BR09,2026-08-27,3.6
EMP0076,BR09,2026-08-28,3.6
EMP0077,BR09,2026-08-28,3.7
EMP0078,BR09,2026-08-28,4.2
EMP0079,BR09,2026-08-28,3.2
EMP0080,BR09,2026-08-28,3.6
EMP0082,BR09,2026-08-28,3.7
EMP0084,BR09,2026-08-28,2.9
EMP0076,BR09,2026-08-29,3.5
EMP0077,BR09,2026-08-29,3.6
EMP0078,BR09,2026-08-29,4.1
EMP0081,BR09,2026-08-29,3.4
EMP0078,BR09,2026-08-30,3.3
EMP0079,BR09,2026-08-30,3.2
EMP0080,BR09,2026-08-30,3.7
EMP0081,BR09,2026-08-30,3.0
EMP0082,BR09,2026-08-30,3.7
EMP0083,BR09,2026-08-30,4.1
EMP0084,BR09,2026-08-30,3.8
EMP0077,BR09,2026-08-31,3.3
EMP0079,BR09,2026-08-31,3.6
EMP0080,BR09,2026-08-31,3.6
EMP0081,BR09,2026-08-31,3.7
EMP0076,BR09,2026-09-01,2.9
EMP0078,BR09,2026-09-01,3.9
EMP0081,BR09,2026-09-01,2.2
EMP0082,BR09,2026-09-01,3.5
EMP0083,BR09,2026-09-01,3.6
EMP0084,BR09,2026-09-01,3.6
EMP0076,BR09,2026-09-02,2.8
EMP0079,BR09,2026-09-02,3.9
EMP0080,BR09,2026-09-02,3.9
EMP0081,BR09,2026-09-02,3.4
EMP0083,BR09,2026-09-02,4.2
EMP0084,BR09,2026-09-02,3.7
EMP0076,BR09,2026-09-03,3.7
EMP0078,BR09,2026-09-03,2.9
EMP0080,BR09,2026-09-03,4.4
EMP0081,BR09,2026-09-03,3.7
EMP0084,BR09,2026-09-03,3.9
EMP0077,BR09,2026-09-04,3.6
EMP0078,BR09,2026-09-04,3.9
EMP0079,BR09,2026-09-04,3.0
EMP0080,BR09,2026-09-04,3.4
EMP0081,BR09,2026-09-04,3.7
EMP0082,BR09,2026-09-04,3.9
EMP0083,BR09,2026-09-04,3.6
EMP0076,BR09,2026-09-05,3.4
EMP0077,BR09,2026-09-05,3.8
EMP0080,BR09,2026-09-05,3.4
EMP0082,BR09,2026-09-05,3.3
EMP0076,BR09,2026-09-06,3.1
EMP0079,BR09,2026-09-06,3.4
EMP0080,BR09,2026-09-06,3.4
EMP0082,BR09,2026-09-06,3.5
EMP0084,BR09,2026-09-06,3.8
EMP0076,BR09,2026-09-07,2.3
EMP0077,BR09,2026-09-07,3.8
EMP0081,BR09,2026-09-07,3.9
EMP0076,BR09,2026-09-08,3.0
EMP0077,BR09,2026-09-08,3.7
EMP0079,BR09,2026-09-08,3.8
EMP0080,BR09,2026-09-08,3.4
EMP0082,BR09,2026-09-08,2.8
EMP0083,BR09,2026-09-08,4.6
EMP0078,BR09,2026-09-09,3.6
EMP0081,BR09,2026-09-09,3.9
EMP0082,BR09,2026-09-09,2.9
EMP0083,BR09,2026-09-09,3.7
EMP0077,BR09,2026-09-10,2.8
EMP0078,BR09,2026-09-10,3.7
EMP0079,BR09,2026-09-10,3.4
EMP0082,BR09,2026-09-10,3.6
EMP0083,BR09,2026-09-10,3.7
EMP0077,BR09,2026-09-11,3.4
EMP0078,BR09,2026-09-11,3.1
EMP0079,BR09,2026-09-11,3.5
EMP0081,BR09,2026-09-11,3.2
EMP0084,BR09,2026-09-11,3.7
EMP0076,BR09,2026-09-12,3.5
EMP0078,BR09,2026-09-12,3.8
EMP0082,BR09,2026-09-12,3.2
EMP0083,BR09,2026-09-12,3.2
EMP0084,BR09,2026-09-12,3.1
EMP0076,BR09,2026-09-13,4.0
EMP0079,BR09,2026-09-13,3.7
EMP0080,BR09,2026-09-13,3.3
EMP0081,BR09,2026-09-13,3.2
EMP0082,BR09,2026-09-13,3.6
EMP0083,BR09,2026-09-13,2.9
EMP0084,BR09,2026-09-13,3.6
EMP0076,BR09,2026-09-14,3.1
EMP0077,BR09,2026-09-14,2.4
EMP0078,BR09,2026-09-14,4.1
EMP0079,BR09,2026-09-14,3.8
EMP0080,BR09,2026-09-14,2.8
EMP0081,BR09,2026-09-14,3.8
EMP0082,BR09,2026-09-14,3.1
EMP0083,BR09,2026-09-14,3.8
EMP0084,BR09,2026-09-14,3.4
EMP0076,BR09,2026-09-15,3.4
EMP0081,BR09,2026-09-15,3.0
EMP0082,BR09,2026-09-15,4.1
EMP0084,BR09,2026-09-15,3.8
EMP0077,BR09,2026-09-16,3.2
EMP0079,BR09,2026-09-16,3.1
EMP0082,BR09,2026-09-16,3.9
EMP0083,BR09,2026-09-16,3.7
EMP0084,BR09,2026-09-16,3.7
EMP0077,BR09,2026-09-17,3.6
EMP0081,BR09,2026-09-17,4.2
EMP0077,BR09,2026-09-18,3.3
EMP0078,BR09,2026-09-18,2.7
EMP0079,BR09,2026-09-18,3.9
EMP0080,BR09,2026-09-18,3.7
EMP0081,BR09,2026-09-18,3.0
EMP0084,BR09,2026-09-18,3.1
EMP0076,BR09,2026-09-19,4.0
EMP0077,BR09,2026-09-19,3.6
EMP0078,BR09,2026-09-19,4.1
EMP0082,BR09,2026-09-19,2.6
EMP0083,BR09,2026-09-19,3.7
EMP0076,BR09,2026-09-20,4.2
EMP0082,BR09,2026-09-20,3.7
EMP0083,BR09,2026-09-20,3.8
EMP0085,BR10,2026-04-01,2.1
EMP0087,BR10,2026-04-01,2.2
EMP0088,BR10,2026-04-01,2.1
EMP0089,BR10,2026-04-01,2.6
EMP0090,BR10,2026-04-01,2.2
EMP0091,BR10,2026-04-01,2.2
EMP0092,BR10,2026-04-01,2.0
EMP0085,BR10,2026-04-02,2.4
EMP0086,BR10,2026-04-02,2.2
EMP0087,BR10,2026-04-02,2.1
EMP0088,BR10,2026-04-02,2.5
EMP0090,BR10,2026-04-02,2.4
EMP0091,BR10,2026-04-02,2.1
EMP0092,BR10,2026-04-02,2.3
EMP0086,BR10,2026-04-03,2.3
EMP0087,BR10,2026-04-03,2.1
EMP0088,BR10,2026-04-03,2.4
EMP0090,BR10,2026-04-03,2.6
EMP0091,BR10,2026-04-03,2.4
EMP0092,BR10,2026-04-03,2.4
EMP0086,BR10,2026-04-04,2.3
EMP0088,BR10,2026-04-04,2.5
EMP0089,BR10,2026-04-04,2.0
EMP0090,BR10,2026-04-04,2.0
EMP0091,BR10,2026-04-04,2.5
EMP0092,BR10,2026-04-04,2.3
EMP0085,BR10,2026-04-05,2.1
EMP0086,BR10,2026-04-05,2.5
EMP0087,BR10,2026-04-05,2.2
EMP0088,BR10,2026-04-05,2.3
EMP0089,BR10,2026-04-05,2.3
EMP0090,BR10,2026-04-05,2.0
EMP0091,BR10,2026-04-05,2.3
EMP0085,BR10,2026-04-06,2.3
EMP0086,BR10,2026-04-06,2.3
EMP0087,BR10,2026-04-06,2.4
EMP0088,BR10,2026-04-06,2.0
EMP0089,BR10,2026-04-06,2.4
EMP0090,BR10,2026-04-06,2.8
EMP0091,BR10,2026-04-06,2.3
EMP0085,BR10,2026-04-07,2.7
EMP0086,BR10,2026-04-07,2.0
EMP0087,BR10,2026-04-07,2.6
EMP0088,BR10,2026-04-07,2.0
EMP0090,BR10,2026-04-07,2.5
EMP0091,BR10,2026-04-07,2.1
EMP0092,BR10,2026-04-07,2.6
EMP0085,BR10,2026-04-08,2.6
EMP0086,BR10,2026-04-08,2.5
EMP0087,BR10,2026-04-08,2.4
EMP0088,BR10,2026-04-08,2.5
EMP0089,BR10,2026-04-08,2.5
EMP0090,BR10,2026-04-08,2.4
EMP0091,BR10,2026-04-08,2.2
EMP0092,BR10,2026-04-08,2.5
EMP0085,BR10,2026-04-09,2.1
EMP0086,BR10,2026-04-09,2.1
EMP0088,BR10,2026-04-09,2.6
EMP0089,BR10,2026-04-09,2.7
EMP0090,BR10,2026-04-09,2.0
EMP0091,BR10,2026-04-09,1.9
EMP0092,BR10,2026-04-09,2.3
EMP0085,BR10,2026-04-10,1.9
EMP0087,BR10,2026-04-10,2.4
EMP0088,BR10,2026-04-10,2.0
EMP0090,BR10,2026-04-10,2.3
EMP0091,BR10,2026-04-10,2.5
EMP0092,BR10,2026-04-10,2.2
EMP0086,BR10,2026-04-11,2.2
EMP0088,BR10,2026-04-11,2.0
EMP0089,BR10,2026-04-11,2.3
EMP0090,BR10,2026-04-11,2.5
EMP0091,BR10,2026-04-11,1.9
EMP0092,BR10,2026-04-11,2.3
EMP0087,BR10,2026-04-12,2.1
EMP0088,BR10,2026-04-12,2.2
EMP0089,BR10,2026-04-12,2.4
EMP0090,BR10,2026-04-12,2.6
EMP0091,BR10,2026-04-12,2.0
EMP0085,BR10,2026-04-13,2.4
EMP0086,BR10,2026-04-13,1.9
EMP0087,BR10,2026-04-13,2.4
EMP0089,BR10,2026-04-13,2.6
EMP0090,BR10,2026-04-13,2.4
EMP0091,BR10,2026-04-13,2.5
EMP0085,BR10,2026-04-14,2.4
EMP0086,BR10,2026-04-14,2.2
EMP0087,BR10,2026-04-14,2.3
EMP0088,BR10,2026-04-14,2.1
EMP0089,BR10,2026-04-14,2.3
EMP0090,BR10,2026-04-14,2.3
EMP0091,BR10,2026-04-14,2.1
EMP0092,BR10,2026-04-14,2.4
EMP0085,BR10,2026-04-15,2.6
EMP0086,BR10,2026-04-15,2.5
EMP0087,BR10,2026-04-15,2.7
EMP0088,BR10,2026-04-15,2.2
EMP0089,BR10,2026-04-15,2.1
EMP0090,BR10,2026-04-15,1.9
EMP0091,BR10,2026-04-15,2.2
EMP0092,BR10,2026-04-15,2.3
EMP0086,BR10,2026-04-16,2.6
EMP0087,BR10,2026-04-16,2.5
EMP0088,BR10,2026-04-16,2.4
EMP0089,BR10,2026-04-16,2.1
EMP0091,BR10,2026-04-16,2.1
EMP0085,BR10,2026-04-17,2.5
EMP0086,BR10,2026-04-17,2.6
EMP0087,BR10,2026-04-17,2.3
EMP0088,BR10,2026-04-17,2.0
EMP0090,BR10,2026-04-17,2.3
EMP0091,BR10,2026-04-17,2.0
EMP0085,BR10,2026-04-18,2.1
EMP0086,BR10,2026-04-18,2.3
EMP0087,BR10,2026-04-18,2.6
EMP0088,BR10,2026-04-18,2.3
EMP0090,BR10,2026-04-18,2.2
EMP0091,BR10,2026-04-18,2.6
EMP0092,BR10,2026-04-18,2.1
EMP0085,BR10,2026-04-19,2.6
EMP0086,BR10,2026-04-19,2.6
EMP0088,BR10,2026-04-19,2.4
EMP0085,BR10,2026-04-20,2.8
EMP0087,BR10,2026-04-20,2.1
EMP0088,BR10,2026-04-20,2.2
EMP0089,BR10,2026-04-20,2.1
EMP0090,BR10,2026-04-20,2.5
EMP0091,BR10,2026-04-20,2.4
EMP0085,BR10,2026-04-21,2.2
EMP0086,BR10,2026-04-21,2.1
EMP0087,BR10,2026-04-21,2.2
EMP0089,BR10,2026-04-21,2.1
EMP0090,BR10,2026-04-21,2.1
EMP0092,BR10,2026-04-21,1.8
EMP0085,BR10,2026-04-22,2.5
EMP0088,BR10,2026-04-22,2.2
EMP0089,BR10,2026-04-22,2.1
EMP0091,BR10,2026-04-22,2.3
EMP0092,BR10,2026-04-22,1.9
EMP0085,BR10,2026-04-23,2.4
EMP0086,BR10,2026-04-23,2.8
EMP0087,BR10,2026-04-23,2.5
EMP0088,BR10,2026-04-23,2.3
EMP0090,BR10,2026-04-23,1.9
EMP0091,BR10,2026-04-23,2.4
EMP0092,BR10,2026-04-23,2.3
EMP0085,BR10,2026-04-24,2.1
EMP0087,BR10,2026-04-24,2.3
EMP0088,BR10,2026-04-24,2.2
EMP0089,BR10,2026-04-24,2.2
EMP0085,BR10,2026-04-25,2.1
EMP0086,BR10,2026-04-25,2.1
EMP0087,BR10,2026-04-25,2.2
EMP0088,BR10,2026-04-25,2.5
EMP0089,BR10,2026-04-25,1.9
EMP0090,BR10,2026-04-25,2.3
EMP0091,BR10,2026-04-25,2.2
EMP0092,BR10,2026-04-25,2.4
EMP0085,BR10,2026-04-26,2.1
EMP0086,BR10,2026-04-26,2.3
EMP0087,BR10,2026-04-26,2.5
EMP0088,BR10,2026-04-26,2.3
EMP0089,BR10,2026-04-26,2.2
EMP0085,BR10,2026-04-27,2.2
EMP0086,BR10,2026-04-27,2.2
EMP0087,BR10,2026-04-27,1.8
EMP0089,BR10,2026-04-27,2.3
EMP0092,BR10,2026-04-27,2.5
EMP0085,BR10,2026-04-28,2.3
EMP0086,BR10,2026-04-28,2.4
EMP0087,BR10,2026-04-28,2.1
EMP0089,BR10,2026-04-28,2.2
EMP0090,BR10,2026-04-28,2.2
EMP0091,BR10,2026-04-28,2.2
EMP0092,BR10,2026-04-28,2.3
EMP0086,BR10,2026-04-29,2.0
EMP0087,BR10,2026-04-29,2.3
EMP0088,BR10,2026-04-29,2.6
EMP0090,BR10,2026-04-29,2.0
EMP0092,BR10,2026-04-29,2.0
EMP0085,BR10,2026-04-30,2.1
EMP0087,BR10,2026-04-30,2.3
EMP0088,BR10,2026-04-30,2.1
EMP0089,BR10,2026-04-30,2.3
EMP0091,BR10,2026-04-30,2.2
EMP0092,BR10,2026-04-30,2.5
EMP0085,BR10,2026-05-01,2.1
EMP0086,BR10,2026-05-01,2.3
EMP0089,BR10,2026-05-01,2.7
EMP0090,BR10,2026-05-01,2.3
EMP0091,BR10,2026-05-01,2.6
EMP0092,BR10,2026-05-01,2.0
EMP0085,BR10,2026-05-02,2.1
EMP0086,BR10,2026-05-02,2.1
EMP0087,BR10,2026-05-02,2.3
EMP0089,BR10,2026-05-02,2.6
EMP0090,BR10,2026-05-02,2.5
EMP0091,BR10,2026-05-02,2.5
EMP0092,BR10,2026-05-02,2.5
EMP0085,BR10,2026-05-03,2.5
EMP0086,BR10,2026-05-03,2.1
EMP0087,BR10,2026-05-03,2.5
EMP0088,BR10,2026-05-03,2.2
EMP0089,BR10,2026-05-03,2.0
EMP0090,BR10,2026-05-03,3.0
EMP0091,BR10,2026-05-03,2.6
EMP0092,BR10,2026-05-03,2.2
EMP0086,BR10,2026-05-04,2.5
EMP0087,BR10,2026-05-04,2.3
EMP0088,BR10,2026-05-04,2.4
EMP0089,BR10,2026-05-04,2.5
EMP0090,BR10,2026-05-04,2.4
EMP0091,BR10,2026-05-04,2.5
EMP0092,BR10,2026-05-04,2.0
EMP0085,BR10,2026-05-05,2.6
EMP0087,BR10,2026-05-05,2.5
EMP0088,BR10,2026-05-05,2.6
EMP0089,BR10,2026-05-05,2.3
EMP0090,BR10,2026-05-05,2.4
EMP0092,BR10,2026-05-05,2.4
EMP0085,BR10,2026-05-06,2.3
EMP0086,BR10,2026-05-06,2.5
EMP0087,BR10,2026-05-06,2.6
EMP0088,BR10,2026-05-06,2.1
EMP0087,BR10,2026-05-07,2.6
EMP0088,BR10,2026-05-07,2.2
EMP0089,BR10,2026-05-07,2.7
EMP0090,BR10,2026-05-07,2.2
EMP0091,BR10,2026-05-07,2.3
EMP0092,BR10,2026-05-07,2.3
EMP0085,BR10,2026-05-08,2.9
EMP0086,BR10,2026-05-08,2.2
EMP0087,BR10,2026-05-08,2.8
EMP0091,BR10,2026-05-08,2.2
EMP0092,BR10,2026-05-08,2.3
EMP0085,BR10,2026-05-09,2.3
EMP0086,BR10,2026-05-09,2.4
EMP0088,BR10,2026-05-09,2.2
EMP0089,BR10,2026-05-09,2.1
EMP0090,BR10,2026-05-09,2.5
EMP0091,BR10,2026-05-09,2.4
EMP0092,BR10,2026-05-09,2.1
EMP0085,BR10,2026-05-10,2.5
EMP0087,BR10,2026-05-10,2.3
EMP0088,BR10,2026-05-10,2.5
EMP0091,BR10,2026-05-10,2.5
EMP0092,BR10,2026-05-10,1.8
EMP0085,BR10,2026-05-11,2.2
EMP0086,BR10,2026-05-11,2.1
EMP0087,BR10,2026-05-11,2.3
EMP0089,BR10,2026-05-11,2.4
EMP0090,BR10,2026-05-11,2.3
EMP0091,BR10,2026-05-11,2.5
EMP0086,BR10,2026-05-12,2.5
EMP0087,BR10,2026-05-12,2.4
EMP0088,BR10,2026-05-12,2.1
EMP0089,BR10,2026-05-12,2.4
EMP0090,BR10,2026-05-12,2.5
EMP0092,BR10,2026-05-12,2.2
EMP0085,BR10,2026-05-13,2.4
EMP0086,BR10,2026-05-13,2.3
EMP0088,BR10,2026-05-13,2.5
EMP0089,BR10,2026-05-13,2.4
EMP0090,BR10,2026-05-13,2.2
EMP0085,BR10,2026-05-14,2.6
EMP0090,BR10,2026-05-14,1.7
EMP0091,BR10,2026-05-14,2.5
EMP0092,BR10,2026-05-14,2.1
EMP0085,BR10,2026-05-15,2.7
EMP0086,BR10,2026-05-15,2.3
EMP0087,BR10,2026-05-15,2.5
EMP0088,BR10,2026-05-15,2.5
EMP0089,BR10,2026-05-15,2.4
EMP0090,BR10,2026-05-15,2.7
EMP0091,BR10,2026-05-15,2.4
EMP0085,BR10,2026-05-16,2.3
EMP0087,BR10,2026-05-16,2.7
EMP0088,BR10,2026-05-16,2.6
EMP0089,BR10,2026-05-16,2.8
EMP0090,BR10,2026-05-16,2.1
EMP0092,BR10,2026-05-16,2.3
EMP0085,BR10,2026-05-17,2.4
EMP0086,BR10,2026-05-17,2.7
EMP0087,BR10,2026-05-17,2.7
EMP0088,BR10,2026-05-17,2.6
EMP0089,BR10,2026-05-17,2.0
EMP0090,BR10,2026-05-17,2.7
EMP0085,BR10,2026-05-18,2.5
EMP0087,BR10,2026-05-18,2.3
EMP0088,BR10,2026-05-18,2.2
EMP0089,BR10,2026-05-18,2.5
EMP0090,BR10,2026-05-18,2.4
EMP0091,BR10,2026-05-18,2.3
EMP0087,BR10,2026-05-19,2.7
EMP0088,BR10,2026-05-19,2.9
EMP0089,BR10,2026-05-19,2.5
EMP0090,BR10,2026-05-19,1.9
EMP0092,BR10,2026-05-19,2.4
EMP0085,BR10,2026-05-20,2.2
EMP0086,BR10,2026-05-20,2.2
EMP0087,BR10,2026-05-20,2.7
EMP0090,BR10,2026-05-20,2.2
EMP0091,BR10,2026-05-20,2.2
EMP0085,BR10,2026-05-21,2.2
EMP0086,BR10,2026-05-21,2.7
EMP0088,BR10,2026-05-21,2.1
EMP0089,BR10,2026-05-21,2.4
EMP0091,BR10,2026-05-21,2.2
EMP0092,BR10,2026-05-21,2.4
EMP0085,BR10,2026-05-22,2.1
EMP0086,BR10,2026-05-22,2.3
EMP0087,BR10,2026-05-22,2.2
EMP0089,BR10,2026-05-22,2.3
EMP0090,BR10,2026-05-22,2.5
EMP0091,BR10,2026-05-22,2.4
EMP0092,BR10,2026-05-22,2.5
EMP0085,BR10,2026-05-23,2.4
EMP0086,BR10,2026-05-23,2.4
EMP0087,BR10,2026-05-23,2.8
EMP0088,BR10,2026-05-23,2.4
EMP0089,BR10,2026-05-23,2.7
EMP0090,BR10,2026-05-23,2.3
EMP0092,BR10,2026-05-23,2.2
EMP0085,BR10,2026-05-24,2.5
EMP0086,BR10,2026-05-24,2.2
EMP0087,BR10,2026-05-24,2.4
EMP0088,BR10,2026-05-24,2.5
EMP0089,BR10,2026-05-24,2.5
EMP0091,BR10,2026-05-24,2.4
EMP0092,BR10,2026-05-24,2.2
EMP0087,BR10,2026-05-25,2.5
EMP0088,BR10,2026-05-25,2.4
EMP0089,BR10,2026-05-25,2.6
EMP0090,BR10,2026-05-25,2.6
EMP0091,BR10,2026-05-25,2.5
EMP0092,BR10,2026-05-25,2.3
EMP0085,BR10,2026-05-26,2.1
EMP0086,BR10,2026-05-26,2.5
EMP0087,BR10,2026-05-26,2.4
EMP0088,BR10,2026-05-26,2.3
EMP0089,BR10,2026-05-26,2.3
EMP0090,BR10,2026-05-26,2.3
EMP0091,BR10,2026-05-26,2.1
EMP0085,BR10,2026-05-27,2.5
EMP0087,BR10,2026-05-27,2.5
EMP0088,BR10,2026-05-27,2.5
EMP0089,BR10,2026-05-27,2.4
EMP0091,BR10,2026-05-27,2.2
EMP0092,BR10,2026-05-27,2.0
EMP0085,BR10,2026-05-28,2.3
EMP0087,BR10,2026-05-28,2.5
EMP0088,BR10,2026-05-28,2.8
EMP0089,BR10,2026-05-28,2.2
EMP0090,BR10,2026-05-28,2.6
EMP0085,BR10,2026-05-29,2.5
EMP0087,BR10,2026-05-29,2.3
EMP0088,BR10,2026-05-29,1.9
EMP0090,BR10,2026-05-29,2.2
EMP0091,BR10,2026-05-29,2.5
EMP0085,BR10,2026-05-30,2.6
EMP0086,BR10,2026-05-30,2.3
EMP0088,BR10,2026-05-30,2.4
EMP0089,BR10,2026-05-30,2.2
EMP0090,BR10,2026-05-30,2.4
EMP0085,BR10,2026-05-31,2.0
EMP0086,BR10,2026-05-31,2.3
EMP0088,BR10,2026-05-31,2.6
EMP0089,BR10,2026-05-31,2.5
EMP0090,BR10,2026-05-31,2.4
EMP0091,BR10,2026-05-31,2.7
EMP0092,BR10,2026-05-31,2.5
EMP0085,BR10,2026-06-01,2.2
EMP0086,BR10,2026-06-01,2.1
EMP0087,BR10,2026-06-01,2.5
EMP0088,BR10,2026-06-01,1.9
EMP0089,BR10,2026-06-01,2.4
EMP0090,BR10,2026-06-01,2.0
EMP0091,BR10,2026-06-01,2.2
EMP0092,BR10,2026-06-01,2.0
EMP0085,BR10,2026-06-02,2.1
EMP0086,BR10,2026-06-02,2.0
EMP0087,BR10,2026-06-02,2.1
EMP0088,BR10,2026-06-02,2.4
EMP0089,BR10,2026-06-02,2.1
EMP0090,BR10,2026-06-02,1.9
EMP0085,BR10,2026-06-03,2.1
EMP0086,BR10,2026-06-03,2.0
EMP0087,BR10,2026-06-03,2.2
EMP0088,BR10,2026-06-03,1.7
EMP0089,BR10,2026-06-03,2.1
EMP0085,BR10,2026-06-04,2.0
EMP0087,BR10,2026-06-04,2.2
EMP0088,BR10,2026-06-04,2.4
EMP0089,BR10,2026-06-04,2.1
EMP0091,BR10,2026-06-04,2.0
EMP0092,BR10,2026-06-04,2.0
EMP0087,BR10,2026-06-05,2.3
EMP0088,BR10,2026-06-05,1.9
EMP0090,BR10,2026-06-05,2.1
EMP0091,BR10,2026-06-05,2.3
EMP0092,BR10,2026-06-05,2.2
EMP0085,BR10,2026-06-06,2.0
EMP0086,BR10,2026-06-06,2.1
EMP0087,BR10,2026-06-06,2.2
EMP0088,BR10,2026-06-06,2.2
EMP0089,BR10,2026-06-06,2.5
EMP0090,BR10,2026-06-06,2.2
EMP0091,BR10,2026-06-06,2.5
EMP0085,BR10,2026-06-07,2.2
EMP0087,BR10,2026-06-07,2.3
EMP0088,BR10,2026-06-07,1.9
EMP0089,BR10,2026-06-07,2.3
EMP0090,BR10,2026-06-07,1.8
EMP0086,BR10,2026-06-08,2.1
EMP0087,BR10,2026-06-08,2.2
EMP0088,BR10,2026-06-08,2.2
EMP0090,BR10,2026-06-08,2.4
EMP0091,BR10,2026-06-08,1.9
EMP0085,BR10,2026-06-09,2.4
EMP0087,BR10,2026-06-09,2.3
EMP0088,BR10,2026-06-09,2.1
EMP0089,BR10,2026-06-09,2.2
EMP0090,BR10,2026-06-09,1.9
EMP0088,BR10,2026-06-10,2.0
EMP0090,BR10,2026-06-10,2.5
EMP0091,BR10,2026-06-10,2.1
EMP0085,BR10,2026-06-11,2.4
EMP0086,BR10,2026-06-11,2.1
EMP0089,BR10,2026-06-11,2.6
EMP0085,BR10,2026-06-12,2.2
EMP0086,BR10,2026-06-12,2.4
EMP0087,BR10,2026-06-12,2.5
EMP0088,BR10,2026-06-12,2.3
EMP0089,BR10,2026-06-12,2.4
EMP0090,BR10,2026-06-12,2.3
EMP0091,BR10,2026-06-12,2.2
EMP0092,BR10,2026-06-12,2.0
EMP0086,BR10,2026-06-13,2.1
EMP0087,BR10,2026-06-13,2.2
EMP0088,BR10,2026-06-13,2.3
EMP0089,BR10,2026-06-13,2.0
EMP0090,BR10,2026-06-13,2.1
EMP0091,BR10,2026-06-13,2.0
EMP0092,BR10,2026-06-13,2.0
EMP0085,BR10,2026-06-14,2.1
EMP0086,BR10,2026-06-14,2.4
EMP0087,BR10,2026-06-14,1.7
EMP0088,BR10,2026-06-14,2.0
EMP0090,BR10,2026-06-14,2.3
EMP0091,BR10,2026-06-14,2.1
EMP0092,BR10,2026-06-14,2.1
EMP0085,BR10,2026-06-15,2.2
EMP0086,BR10,2026-06-15,2.2
EMP0088,BR10,2026-06-15,2.0
EMP0089,BR10,2026-06-15,2.3
EMP0090,BR10,2026-06-15,2.2
EMP0091,BR10,2026-06-15,2.2
EMP0086,BR10,2026-06-16,2.4
EMP0087,BR10,2026-06-16,2.0
EMP0088,BR10,2026-06-16,2.1
EMP0089,BR10,2026-06-16,2.2
EMP0090,BR10,2026-06-16,2.2
EMP0085,BR10,2026-06-17,2.2
EMP0086,BR10,2026-06-17,2.3
EMP0087,BR10,2026-06-17,2.5
EMP0089,BR10,2026-06-17,2.3
EMP0091,BR10,2026-06-17,2.1
EMP0092,BR10,2026-06-17,2.3
EMP0085,BR10,2026-06-18,2.2
EMP0086,BR10,2026-06-18,1.9
EMP0087,BR10,2026-06-18,2.5
EMP0088,BR10,2026-06-18,2.5
EMP0089,BR10,2026-06-18,2.4
EMP0090,BR10,2026-06-18,2.3
EMP0092,BR10,2026-06-18,1.8
EMP0085,BR10,2026-06-19,2.3
EMP0088,BR10,2026-06-19,2.2
EMP0089,BR10,2026-06-19,2.2
EMP0090,BR10,2026-06-19,1.5
EMP0091,BR10,2026-06-19,2.2
EMP0085,BR10,2026-06-20,2.2
EMP0087,BR10,2026-06-20,2.3
EMP0089,BR10,2026-06-20,2.0
EMP0090,BR10,2026-06-20,2.5
EMP0091,BR10,2026-06-20,2.4
EMP0092,BR10,2026-06-20,2.1
EMP0085,BR10,2026-06-21,2.3
EMP0087,BR10,2026-06-21,2.0
EMP0088,BR10,2026-06-21,2.6
EMP0089,BR10,2026-06-21,2.3
EMP0090,BR10,2026-06-21,2.2
EMP0092,BR10,2026-06-21,2.4
EMP0085,BR10,2026-06-22,2.4
EMP0086,BR10,2026-06-22,2.0
EMP0087,BR10,2026-06-22,2.2
EMP0088,BR10,2026-06-22,2.3
EMP0089,BR10,2026-06-22,2.3
EMP0090,BR10,2026-06-22,1.9
EMP0091,BR10,2026-06-22,2.1
EMP0092,BR10,2026-06-22,2.4
EMP0085,BR10,2026-06-23,2.2
EMP0086,BR10,2026-06-23,2.4
EMP0087,BR10,2026-06-23,2.0
EMP0088,BR10,2026-06-23,1.9
EMP0089,BR10,2026-06-23,2.1
EMP0091,BR10,2026-06-23,2.4
EMP0092,BR10,2026-06-23,2.2
EMP0085,BR10,2026-06-24,2.2
EMP0086,BR10,2026-06-24,2.7
EMP0087,BR10,2026-06-24,2.0
EMP0088,BR10,2026-06-24,2.2
EMP0089,BR10,2026-06-24,2.1
EMP0090,BR10,2026-06-24,2.3
EMP0091,BR10,2026-06-24,2.4
EMP0092,BR10,2026-06-24,2.3
EMP0085,BR10,2026-06-25,2.2
EMP0087,BR10,2026-06-25,1.9
EMP0088,BR10,2026-06-25,1.9
EMP0089,BR10,2026-06-25,1.9
EMP0090,BR10,2026-06-25,2.6
EMP0091,BR10,2026-06-25,1.9
EMP0092,BR10,2026-06-25,2.1
EMP0086,BR10,2026-06-26,2.4
EMP0087,BR10,2026-06-26,1.9
EMP0088,BR10,2026-06-26,2.1
EMP0089,BR10,2026-06-26,2.2
EMP0091,BR10,2026-06-26,2.1
EMP0092,BR10,2026-06-26,2.0
EMP0085,BR10,2026-06-27,2.0
EMP0086,BR10,2026-06-27,2.3
EMP0089,BR10,2026-06-27,2.4
EMP0090,BR10,2026-06-27,2.3
EMP0091,BR10,2026-06-27,2.0
EMP0092,BR10,2026-06-27,2.3
EMP0085,BR10,2026-06-28,2.0
EMP0086,BR10,2026-06-28,2.1
EMP0087,BR10,2026-06-28,2.6
EMP0088,BR10,2026-06-28,2.2
EMP0089,BR10,2026-06-28,2.3
EMP0091,BR10,2026-06-28,2.3
EMP0092,BR10,2026-06-28,1.9
EMP0085,BR10,2026-06-29,2.4
EMP0088,BR10,2026-06-29,2.2
EMP0090,BR10,2026-06-29,2.3
EMP0085,BR10,2026-06-30,2.3
EMP0086,BR10,2026-06-30,2.2
EMP0089,BR10,2026-06-30,2.3
EMP0090,BR10,2026-06-30,2.2
EMP0092,BR10,2026-06-30,2.2
EMP0085,BR10,2026-07-01,2.2
EMP0086,BR10,2026-07-01,2.2
EMP0087,BR10,2026-07-01,1.9
EMP0088,BR10,2026-07-01,2.1
EMP0089,BR10,2026-07-01,2.3
EMP0090,BR10,2026-07-01,2.6
EMP0091,BR10,2026-07-01,2.4
EMP0092,BR10,2026-07-01,2.7
EMP0085,BR10,2026-07-02,2.3
EMP0086,BR10,2026-07-02,2.7
EMP0087,BR10,2026-07-02,3.0
EMP0088,BR10,2026-07-02,2.5
EMP0089,BR10,2026-07-02,1.9
EMP0090,BR10,2026-07-02,1.9
EMP0091,BR10,2026-07-02,2.1
EMP0092,BR10,2026-07-02,2.2
EMP0085,BR10,2026-07-03,2.6
EMP0086,BR10,2026-07-03,2.3
EMP0087,BR10,2026-07-03,2.7
EMP0088,BR10,2026-07-03,2.3
EMP0089,BR10,2026-07-03,3.0
EMP0090,BR10,2026-07-03,2.7
EMP0091,BR10,2026-07-03,2.3
EMP0092,BR10,2026-07-03,2.2
EMP0085,BR10,2026-07-04,2.7
EMP0086,BR10,2026-07-04,2.1
EMP0087,BR10,2026-07-04,2.3
EMP0088,BR10,2026-07-04,2.1
EMP0089,BR10,2026-07-04,2.5
EMP0092,BR10,2026-07-04,2.3
EMP0086,BR10,2026-07-05,2.3
EMP0087,BR10,2026-07-05,2.3
EMP0089,BR10,2026-07-05,2.3
EMP0090,BR10,2026-07-05,2.1
EMP0091,BR10,2026-07-05,2.1
EMP0085,BR10,2026-07-06,2.5
EMP0086,BR10,2026-07-06,2.3
EMP0090,BR10,2026-07-06,2.2
EMP0091,BR10,2026-07-06,2.3
EMP0092,BR10,2026-07-06,2.5
EMP0085,BR10,2026-07-07,2.0
EMP0086,BR10,2026-07-07,1.9
EMP0087,BR10,2026-07-07,2.3
EMP0088,BR10,2026-07-07,2.2
EMP0089,BR10,2026-07-07,2.7
EMP0090,BR10,2026-07-07,2.2
EMP0092,BR10,2026-07-07,2.0
EMP0085,BR10,2026-07-08,1.7
EMP0086,BR10,2026-07-08,2.1
EMP0087,BR10,2026-07-08,3.0
EMP0088,BR10,2026-07-08,2.2
EMP0090,BR10,2026-07-08,2.2
EMP0086,BR10,2026-07-09,2.6
EMP0087,BR10,2026-07-09,2.5
EMP0088,BR10,2026-07-09,2.7
EMP0090,BR10,2026-07-09,2.7
EMP0092,BR10,2026-07-09,2.3
EMP0085,BR10,2026-07-10,2.4
EMP0086,BR10,2026-07-10,2.2
EMP0088,BR10,2026-07-10,2.3
EMP0089,BR10,2026-07-10,2.7
EMP0090,BR10,2026-07-10,2.8
EMP0091,BR10,2026-07-10,2.4
EMP0086,BR10,2026-07-11,2.3
EMP0087,BR10,2026-07-11,2.4
EMP0089,BR10,2026-07-11,2.8
EMP0091,BR10,2026-07-11,2.6
EMP0092,BR10,2026-07-11,2.1
EMP0085,BR10,2026-07-12,2.8
EMP0086,BR10,2026-07-12,2.3
EMP0087,BR10,2026-07-12,2.7
EMP0088,BR10,2026-07-12,2.5
EMP0089,BR10,2026-07-12,2.1
EMP0090,BR10,2026-07-12,2.7
EMP0091,BR10,2026-07-12,2.4
EMP0092,BR10,2026-07-12,2.5
EMP0086,BR10,2026-07-13,2.3
EMP0087,BR10,2026-07-13,2.2
EMP0088,BR10,2026-07-13,2.4
EMP0089,BR10,2026-07-13,2.4
EMP0090,BR10,2026-07-13,2.2
EMP0091,BR10,2026-07-13,2.4
EMP0085,BR10,2026-07-14,2.5
EMP0087,BR10,2026-07-14,2.5
EMP0088,BR10,2026-07-14,2.6
EMP0089,BR10,2026-07-14,2.4
EMP0091,BR10,2026-07-14,1.8
EMP0092,BR10,2026-07-14,2.5
EMP0085,BR10,2026-07-15,2.8
EMP0086,BR10,2026-07-15,1.9
EMP0087,BR10,2026-07-15,2.5
EMP0089,BR10,2026-07-15,1.8
EMP0090,BR10,2026-07-15,2.5
EMP0092,BR10,2026-07-15,2.5
EMP0085,BR10,2026-07-16,2.2
EMP0088,BR10,2026-07-16,2.6
EMP0089,BR10,2026-07-16,2.5
EMP0090,BR10,2026-07-16,2.4
EMP0091,BR10,2026-07-16,2.7
EMP0092,BR10,2026-07-16,2.3
EMP0088,BR10,2026-07-17,2.1
EMP0091,BR10,2026-07-17,2.2
EMP0085,BR10,2026-07-18,2.2
EMP0086,BR10,2026-07-18,2.4
EMP0087,BR10,2026-07-18,2.2
EMP0089,BR10,2026-07-18,2.2
EMP0090,BR10,2026-07-18,2.5
EMP0091,BR10,2026-07-18,2.4
EMP0092,BR10,2026-07-18,2.2
EMP0085,BR10,2026-07-19,2.4
EMP0086,BR10,2026-07-19,2.4
EMP0088,BR10,2026-07-19,2.4
EMP0090,BR10,2026-07-19,2.3
EMP0091,BR10,2026-07-19,2.4
EMP0085,BR10,2026-07-20,2.2
EMP0086,BR10,2026-07-20,2.2
EMP0087,BR10,2026-07-20,2.4
EMP0088,BR10,2026-07-20,2.4
EMP0091,BR10,2026-07-20,2.2
EMP0085,BR10,2026-07-21,2.2
EMP0086,BR10,2026-07-21,2.4
EMP0088,BR10,2026-07-21,2.3
EMP0090,BR10,2026-07-21,2.1
EMP0092,BR10,2026-07-21,2.3
EMP0085,BR10,2026-07-22,2.6
EMP0087,BR10,2026-07-22,2.3
EMP0088,BR10,2026-07-22,2.6
EMP0089,BR10,2026-07-22,2.1
EMP0090,BR10,2026-07-22,2.2
EMP0091,BR10,2026-07-22,2.5
EMP0092,BR10,2026-07-22,2.4
EMP0085,BR10,2026-07-23,2.7
EMP0086,BR10,2026-07-23,2.4
EMP0089,BR10,2026-07-23,2.6
EMP0090,BR10,2026-07-23,2.6
EMP0091,BR10,2026-07-23,2.5
EMP0092,BR10,2026-07-23,2.9
EMP0085,BR10,2026-07-24,2.4
EMP0086,BR10,2026-07-24,2.4
EMP0087,BR10,2026-07-24,2.2
EMP0089,BR10,2026-07-24,2.1
EMP0090,BR10,2026-07-24,2.2
EMP0092,BR10,2026-07-24,2.0
EMP0085,BR10,2026-07-25,2.1
EMP0086,BR10,2026-07-25,2.1
EMP0087,BR10,2026-07-25,2.3
EMP0088,BR10,2026-07-25,2.7
EMP0089,BR10,2026-07-25,2.8
EMP0091,BR10,2026-07-25,2.2
EMP0092,BR10,2026-07-25,2.4
EMP0085,BR10,2026-07-26,2.5
EMP0087,BR10,2026-07-26,2.1
EMP0088,BR10,2026-07-26,2.5
EMP0089,BR10,2026-07-26,2.3
EMP0090,BR10,2026-07-26,2.0
EMP0091,BR10,2026-07-26,2.5
EMP0092,BR10,2026-07-26,2.2
EMP0085,BR10,2026-07-27,2.3
EMP0086,BR10,2026-07-27,2.3
EMP0087,BR10,2026-07-27,2.5
EMP0089,BR10,2026-07-27,2.6
EMP0091,BR10,2026-07-27,2.7
EMP0092,BR10,2026-07-27,2.3
EMP0085,BR10,2026-07-28,2.5
EMP0086,BR10,2026-07-28,2.3
EMP0087,BR10,2026-07-28,3.0
EMP0088,BR10,2026-07-28,2.6
EMP0089,BR10,2026-07-28,2.8
EMP0090,BR10,2026-07-28,2.4
EMP0091,BR10,2026-07-28,2.7
EMP0092,BR10,2026-07-28,2.1
EMP0086,BR10,2026-07-29,2.5
EMP0088,BR10,2026-07-29,2.5
EMP0089,BR10,2026-07-29,2.7
EMP0090,BR10,2026-07-29,2.4
EMP0091,BR10,2026-07-29,2.3
EMP0092,BR10,2026-07-29,2.6
EMP0086,BR10,2026-07-30,2.5
EMP0087,BR10,2026-07-30,2.5
EMP0088,BR10,2026-07-30,1.9
EMP0089,BR10,2026-07-30,1.9
EMP0090,BR10,2026-07-30,2.4
EMP0086,BR10,2026-07-31,2.5
EMP0087,BR10,2026-07-31,2.8
EMP0091,BR10,2026-07-31,2.7
EMP0086,BR10,2026-08-01,2.9
EMP0087,BR10,2026-08-01,3.1
EMP0088,BR10,2026-08-01,2.6
EMP0089,BR10,2026-08-01,3.2
EMP0090,BR10,2026-08-01,2.6
EMP0091,BR10,2026-08-01,3.2
EMP0085,BR10,2026-08-02,3.0
EMP0086,BR10,2026-08-02,3.2
EMP0087,BR10,2026-08-02,2.7
EMP0088,BR10,2026-08-02,3.2
EMP0089,BR10,2026-08-02,3.0
EMP0090,BR10,2026-08-02,3.2
EMP0085,BR10,2026-08-03,2.8
EMP0086,BR10,2026-08-03,2.8
EMP0087,BR10,2026-08-03,2.9
EMP0090,BR10,2026-08-03,2.9
EMP0091,BR10,2026-08-03,3.0
EMP0092,BR10,2026-08-03,2.7
EMP0086,BR10,2026-08-04,2.9
EMP0087,BR10,2026-08-04,2.5
EMP0088,BR10,2026-08-04,2.4
EMP0089,BR10,2026-08-04,2.7
EMP0091,BR10,2026-08-04,2.5
EMP0092,BR10,2026-08-04,2.7
EMP0085,BR10,2026-08-05,2.9
EMP0086,BR10,2026-08-05,2.6
EMP0087,BR10,2026-08-05,2.4
EMP0088,BR10,2026-08-05,2.0
EMP0090,BR10,2026-08-05,3.3
EMP0092,BR10,2026-08-05,2.7
EMP0085,BR10,2026-08-06,2.5
EMP0088,BR10,2026-08-06,2.3
EMP0090,BR10,2026-08-06,2.6
EMP0091,BR10,2026-08-06,3.3
EMP0085,BR10,2026-08-07,2.8
EMP0087,BR10,2026-08-07,2.2
EMP0088,BR10,2026-08-07,2.8
EMP0089,BR10,2026-08-07,2.8
EMP0085,BR10,2026-08-08,2.9
EMP0086,BR10,2026-08-08,2.8
EMP0088,BR10,2026-08-08,2.7
EMP0090,BR10,2026-08-08,2.5
EMP0092,BR10,2026-08-08,2.6
EMP0085,BR10,2026-08-09,2.7
EMP0086,BR10,2026-08-09,3.2
EMP0087,BR10,2026-08-09,3.1
EMP0088,BR10,2026-08-09,2.6
EMP0090,BR10,2026-08-09,3.3
EMP0091,BR10,2026-08-09,2.7
EMP0086,BR10,2026-08-10,2.7
EMP0087,BR10,2026-08-10,2.6
EMP0088,BR10,2026-08-10,2.7
EMP0089,BR10,2026-08-10,2.9
EMP0090,BR10,2026-08-10,2.6
EMP0091,BR10,2026-08-10,3.0
EMP0092,BR10,2026-08-10,2.4
EMP0086,BR10,2026-08-11,3.1
EMP0087,BR10,2026-08-11,2.1
EMP0088,BR10,2026-08-11,2.9
EMP0089,BR10,2026-08-11,3.1
EMP0091,BR10,2026-08-11,2.6
EMP0092,BR10,2026-08-11,2.6
EMP0085,BR10,2026-08-12,2.9
EMP0086,BR10,2026-08-12,2.7
EMP0087,BR10,2026-08-12,2.6
EMP0088,BR10,2026-08-12,2.6
EMP0089,BR10,2026-08-12,3.2
EMP0092,BR10,2026-08-12,2.9
EMP0085,BR10,2026-08-13,2.8
EMP0086,BR10,2026-08-13,2.9
EMP0087,BR10,2026-08-13,2.9
EMP0089,BR10,2026-08-13,2.6
EMP0091,BR10,2026-08-13,2.7
EMP0092,BR10,2026-08-13,2.7
EMP0086,BR10,2026-08-14,2.7
EMP0087,BR10,2026-08-14,3.0
EMP0088,BR10,2026-08-14,2.8
EMP0089,BR10,2026-08-14,2.4
EMP0091,BR10,2026-08-14,2.4
EMP0092,BR10,2026-08-14,2.7
EMP0085,BR10,2026-08-15,3.0
EMP0086,BR10,2026-08-15,2.6
EMP0087,BR10,2026-08-15,2.4
EMP0088,BR10,2026-08-15,3.0
EMP0090,BR10,2026-08-15,2.7
EMP0092,BR10,2026-08-15,2.7
EMP0085,BR10,2026-08-16,2.6
EMP0087,BR10,2026-08-16,3.0
EMP0088,BR10,2026-08-16,3.3
EMP0089,BR10,2026-08-16,2.9
EMP0090,BR10,2026-08-16,2.7
EMP0091,BR10,2026-08-16,3.0
EMP0092,BR10,2026-08-16,2.7
EMP0085,BR10,2026-08-17,2.8
EMP0088,BR10,2026-08-17,2.6
EMP0089,BR10,2026-08-17,2.7
EMP0090,BR10,2026-08-17,3.1
EMP0091,BR10,2026-08-17,3.3
EMP0085,BR10,2026-08-18,3.1
EMP0086,BR10,2026-08-18,3.4
EMP0087,BR10,2026-08-18,3.0
EMP0088,BR10,2026-08-18,2.9
EMP0089,BR10,2026-08-18,2.6
EMP0090,BR10,2026-08-18,3.1
EMP0091,BR10,2026-08-18,3.2
EMP0092,BR10,2026-08-18,2.7
EMP0085,BR10,2026-08-19,3.3
EMP0086,BR10,2026-08-19,3.1
EMP0087,BR10,2026-08-19,3.0
EMP0088,BR10,2026-08-19,2.8
EMP0089,BR10,2026-08-19,2.5
EMP0090,BR10,2026-08-19,3.3
EMP0091,BR10,2026-08-19,2.5
EMP0092,BR10,2026-08-19,3.3
EMP0086,BR10,2026-08-20,2.9
EMP0087,BR10,2026-08-20,2.5
EMP0088,BR10,2026-08-20,2.8
EMP0089,BR10,2026-08-20,2.7
EMP0090,BR10,2026-08-20,3.1
EMP0091,BR10,2026-08-20,2.6
EMP0092,BR10,2026-08-20,3.1
EMP0085,BR10,2026-08-21,2.9
EMP0086,BR10,2026-08-21,3.6
EMP0087,BR10,2026-08-21,3.0
EMP0088,BR10,2026-08-21,2.9
EMP0090,BR10,2026-08-21,2.7
EMP0091,BR10,2026-08-21,3.0
EMP0092,BR10,2026-08-21,2.5
EMP0085,BR10,2026-08-22,3.2
EMP0087,BR10,2026-08-22,3.0
EMP0088,BR10,2026-08-22,2.8
EMP0089,BR10,2026-08-22,3.0
EMP0091,BR10,2026-08-22,2.8
EMP0092,BR10,2026-08-22,2.5
EMP0085,BR10,2026-08-23,2.6
EMP0087,BR10,2026-08-23,2.6
EMP0088,BR10,2026-08-23,3.1
EMP0089,BR10,2026-08-23,2.6
EMP0091,BR10,2026-08-23,2.8
EMP0092,BR10,2026-08-23,2.8
EMP0087,BR10,2026-08-24,2.8
EMP0088,BR10,2026-08-24,2.4
EMP0090,BR10,2026-08-24,3.2
EMP0091,BR10,2026-08-24,2.8
EMP0085,BR10,2026-08-25,2.9
EMP0086,BR10,2026-08-25,2.3
EMP0087,BR10,2026-08-25,2.8
EMP0088,BR10,2026-08-25,2.9
EMP0089,BR10,2026-08-25,2.9
EMP0091,BR10,2026-08-25,3.1
EMP0092,BR10,2026-08-25,2.6
EMP0085,BR10,2026-08-26,2.7
EMP0086,BR10,2026-08-26,2.7
EMP0089,BR10,2026-08-26,2.9
EMP0090,BR10,2026-08-26,2.8
EMP0092,BR10,2026-08-26,2.7
EMP0086,BR10,2026-08-27,2.8
EMP0087,BR10,2026-08-27,2.5
EMP0088,BR10,2026-08-27,3.1
EMP0089,BR10,2026-08-27,3.0
EMP0091,BR10,2026-08-27,2.4
EMP0092,BR10,2026-08-27,3.0
EMP0085,BR10,2026-08-28,2.7
EMP0086,BR10,2026-08-28,2.6
EMP0087,BR10,2026-08-28,2.3
EMP0088,BR10,2026-08-28,2.8
EMP0089,BR10,2026-08-28,2.7
EMP0090,BR10,2026-08-28,2.7
EMP0092,BR10,2026-08-28,2.8
EMP0085,BR10,2026-08-29,3.0
EMP0086,BR10,2026-08-29,2.9
EMP0087,BR10,2026-08-29,2.7
EMP0088,BR10,2026-08-29,3.1
EMP0090,BR10,2026-08-29,2.8
EMP0092,BR10,2026-08-29,2.9
EMP0086,BR10,2026-08-30,3.0
EMP0087,BR10,2026-08-30,2.8
EMP0088,BR10,2026-08-30,2.9
EMP0089,BR10,2026-08-30,2.6
EMP0091,BR10,2026-08-30,3.2
EMP0092,BR10,2026-08-30,2.9
EMP0085,BR10,2026-08-31,2.8
EMP0086,BR10,2026-08-31,3.0
EMP0087,BR10,2026-08-31,2.4
EMP0089,BR10,2026-08-31,3.2
EMP0090,BR10,2026-08-31,2.4
EMP0092,BR10,2026-08-31,3.2
EMP0085,BR10,2026-09-01,2.4
EMP0086,BR10,2026-09-01,2.3
EMP0087,BR10,2026-09-01,2.1
EMP0088,BR10,2026-09-01,2.5
EMP0090,BR10,2026-09-01,1.9
EMP0092,BR10,2026-09-01,2.3
EMP0085,BR10,2026-09-02,2.4
EMP0087,BR10,2026-09-02,2.0
EMP0088,BR10,2026-09-02,2.0
EMP0089,BR10,2026-09-02,1.9
EMP0090,BR10,2026-09-02,2.1
EMP0091,BR10,2026-09-02,2.3
EMP0092,BR10,2026-09-02,2.3
EMP0085,BR10,2026-09-03,2.1
EMP0086,BR10,2026-09-03,2.3
EMP0087,BR10,2026-09-03,1.9
EMP0091,BR10,2026-09-03,2.2
EMP0092,BR10,2026-09-03,2.3
EMP0085,BR10,2026-09-04,2.0
EMP0086,BR10,2026-09-04,2.5
EMP0087,BR10,2026-09-04,2.4
EMP0089,BR10,2026-09-04,2.2
EMP0090,BR10,2026-09-04,2.1
EMP0091,BR10,2026-09-04,1.8
EMP0092,BR10,2026-09-04,2.6
EMP0086,BR10,2026-09-05,2.2
EMP0087,BR10,2026-09-05,2.1
EMP0089,BR10,2026-09-05,2.3
EMP0091,BR10,2026-09-05,2.3
EMP0085,BR10,2026-09-06,2.0
EMP0089,BR10,2026-09-06,2.2
EMP0090,BR10,2026-09-06,2.7
EMP0092,BR10,2026-09-06,2.6
EMP0085,BR10,2026-09-07,2.4
EMP0088,BR10,2026-09-07,1.7
EMP0089,BR10,2026-09-07,2.5
EMP0090,BR10,2026-09-07,2.6
EMP0092,BR10,2026-09-07,2.1
EMP0085,BR10,2026-09-08,2.5
EMP0086,BR10,2026-09-08,2.1
EMP0087,BR10,2026-09-08,2.4
EMP0088,BR10,2026-09-08,2.2
EMP0090,BR10,2026-09-08,1.9
EMP0091,BR10,2026-09-08,2.2
EMP0092,BR10,2026-09-08,2.4
EMP0085,BR10,2026-09-09,2.1
EMP0087,BR10,2026-09-09,2.3
EMP0088,BR10,2026-09-09,2.0
EMP0090,BR10,2026-09-09,2.2
EMP0091,BR10,2026-09-09,2.3
EMP0092,BR10,2026-09-09,2.1
EMP0085,BR10,2026-09-10,2.5
EMP0086,BR10,2026-09-10,2.0
EMP0087,BR10,2026-09-10,1.8
EMP0088,BR10,2026-09-10,2.4
EMP0090,BR10,2026-09-10,2.4
EMP0091,BR10,2026-09-10,2.2
EMP0092,BR10,2026-09-10,2.0
EMP0086,BR10,2026-09-11,2.1
EMP0088,BR10,2026-09-11,2.4
EMP0089,BR10,2026-09-11,2.0
EMP0090,BR10,2026-09-11,2.2
EMP0091,BR10,2026-09-11,2.0
EMP0092,BR10,2026-09-11,2.5
EMP0085,BR10,2026-09-12,2.4
EMP0086,BR10,2026-09-12,2.0
EMP0087,BR10,2026-09-12,2.2
EMP0088,BR10,2026-09-12,2.5
EMP0089,BR10,2026-09-12,2.3
EMP0090,BR10,2026-09-12,2.5
EMP0091,BR10,2026-09-12,2.4
EMP0092,BR10,2026-09-12,2.2
EMP0085,BR10,2026-09-13,2.6
EMP0086,BR10,2026-09-13,2.2
EMP0087,BR10,2026-09-13,1.9
EMP0088,BR10,2026-09-13,2.0
EMP0089,BR10,2026-09-13,2.5
EMP0090,BR10,2026-09-13,1.9
EMP0091,BR10,2026-09-13,2.1
EMP0085,BR10,2026-09-14,2.5
EMP0086,BR10,2026-09-14,1.8
EMP0087,BR10,2026-09-14,2.4
EMP0088,BR10,2026-09-14,2.0
EMP0089,BR10,2026-09-14,2.4
EMP0090,BR10,2026-09-14,2.2
EMP0091,BR10,2026-09-14,2.1
EMP0092,BR10,2026-09-14,2.5
EMP0085,BR10,2026-09-15,2.1
EMP0086,BR10,2026-09-15,2.5
EMP0087,BR10,2026-09-15,2.1
EMP0089,BR10,2026-09-15,2.1
EMP0090,BR10,2026-09-15,2.3
EMP0091,BR10,2026-09-15,2.2
EMP0085,BR10,2026-09-16,2.0
EMP0086,BR10,2026-09-16,2.0
EMP0087,BR10,2026-09-16,2.0
EMP0088,BR10,2026-09-16,2.1
EMP0089,BR10,2026-09-16,2.5
EMP0090,BR10,2026-09-16,2.0
EMP0091,BR10,2026-09-16,2.3
EMP0092,BR10,2026-09-16,2.5
EMP0085,BR10,2026-09-17,2.1
EMP0086,BR10,2026-09-17,2.2
EMP0087,BR10,2026-09-17,2.5
EMP0088,BR10,2026-09-17,2.3
EMP0090,BR10,2026-09-17,2.0
EMP0092,BR10,2026-09-17,2.5
EMP0085,BR10,2026-09-18,2.1
EMP0086,BR10,2026-09-18,2.1
EMP0087,BR10,2026-09-18,2.1
EMP0089,BR10,2026-09-18,2.0
EMP0090,BR10,2026-09-18,2.2
EMP0091,BR10,2026-09-18,2.5
EMP0092,BR10,2026-09-18,2.0
EMP0086,BR10,2026-09-19,2.0
EMP0087,BR10,2026-09-19,2.3
EMP0088,BR10,2026-09-19,2.4
EMP0089,BR10,2026-09-19,2.1
EMP0090,BR10,2026-09-19,1.8
EMP0091,BR10,2026-09-19,2.2
EMP0086,BR10,2026-09-20,1.8
EMP0087,BR10,2026-09-20,2.1
EMP0088,BR10,2026-09-20,2.0
EMP0089,BR10,2026-09-20,2.5
EMP0090,BR10,2026-09-20,2.5
EMP0091,BR10,2026-09-20,2.3
EMP0092,BR10,2026-09-20,2.1
EMP0095,BR11,2026-04-01,1.4
EMP0097,BR11,2026-04-01,1.3
EMP0098,BR11,2026-04-01,1.6
EMP0099,BR11,2026-04-01,1.3
EMP0100,BR11,2026-04-01,1.6
EMP0101,BR11,2026-04-01,1.4
EMP0104,BR11,2026-04-01,1.3
EMP0094,BR11,2026-04-02,1.5
EMP0095,BR11,2026-04-02,1.4
EMP0096,BR11,2026-04-02,1.6
EMP0097,BR11,2026-04-02,1.4
EMP0098,BR11,2026-04-02,1.6
EMP0099,BR11,2026-04-02,1.5
EMP0100,BR11,2026-04-02,1.7
EMP0102,BR11,2026-04-02,1.5
EMP0103,BR11,2026-04-02,1.4
EMP0093,BR11,2026-04-03,1.8
EMP0094,BR11,2026-04-03,1.5
EMP0095,BR11,2026-04-03,1.6
EMP0097,BR11,2026-04-03,1.4
EMP0098,BR11,2026-04-03,1.5
EMP0099,BR11,2026-04-03,1.3
EMP0101,BR11,2026-04-03,1.3
EMP0102,BR11,2026-04-03,1.7
EMP0103,BR11,2026-04-03,1.5
EMP0104,BR11,2026-04-03,1.4
EMP0093,BR11,2026-04-04,1.8
EMP0094,BR11,2026-04-04,1.6
EMP0095,BR11,2026-04-04,1.5
EMP0098,BR11,2026-04-04,1.5
EMP0099,BR11,2026-04-04,1.6
EMP0100,BR11,2026-04-04,1.5
EMP0101,BR11,2026-04-04,1.6
EMP0103,BR11,2026-04-04,1.7
EMP0104,BR11,2026-04-04,1.4
EMP0093,BR11,2026-04-05,1.6
EMP0094,BR11,2026-04-05,1.5
EMP0096,BR11,2026-04-05,1.5
EMP0097,BR11,2026-04-05,1.5
EMP0099,BR11,2026-04-05,1.4
EMP0100,BR11,2026-04-05,1.4
EMP0101,BR11,2026-04-05,1.3
EMP0103,BR11,2026-04-05,1.5
EMP0104,BR11,2026-04-05,1.5
EMP0093,BR11,2026-04-06,1.5
EMP0094,BR11,2026-04-06,1.8
EMP0095,BR11,2026-04-06,1.7
EMP0096,BR11,2026-04-06,1.4
EMP0097,BR11,2026-04-06,1.7
EMP0098,BR11,2026-04-06,1.4
EMP0099,BR11,2026-04-06,1.4
EMP0100,BR11,2026-04-06,1.5
EMP0102,BR11,2026-04-06,1.1
EMP0104,BR11,2026-04-06,1.3
EMP0093,BR11,2026-04-07,1.5
EMP0094,BR11,2026-04-07,1.4
EMP0095,BR11,2026-04-07,1.5
EMP0096,BR11,2026-04-07,1.7
EMP0097,BR11,2026-04-07,1.5
EMP0098,BR11,2026-04-07,1.3
EMP0099,BR11,2026-04-07,1.7
EMP0100,BR11,2026-04-07,1.6
EMP0101,BR11,2026-04-07,1.6
EMP0102,BR11,2026-04-07,1.5
EMP0103,BR11,2026-04-07,1.5
EMP0104,BR11,2026-04-07,1.8
EMP0093,BR11,2026-04-08,1.6
EMP0094,BR11,2026-04-08,1.7
EMP0095,BR11,2026-04-08,2.0
EMP0096,BR11,2026-04-08,1.8
EMP0097,BR11,2026-04-08,1.4
EMP0098,BR11,2026-04-08,1.4
EMP0099,BR11,2026-04-08,1.3
EMP0101,BR11,2026-04-08,1.6
EMP0102,BR11,2026-04-08,1.4
EMP0104,BR11,2026-04-08,1.4
EMP0095,BR11,2026-04-09,1.4
EMP0096,BR11,2026-04-09,1.5
EMP0098,BR11,2026-04-09,1.7
EMP0100,BR11,2026-04-09,1.6
EMP0101,BR11,2026-04-09,1.5
EMP0102,BR11,2026-04-09,1.4
EMP0104,BR11,2026-04-09,1.4
EMP0094,BR11,2026-04-10,1.5
EMP0095,BR11,2026-04-10,1.4
EMP0097,BR11,2026-04-10,1.4
EMP0100,BR11,2026-04-10,1.5
EMP0101,BR11,2026-04-10,1.3
EMP0102,BR11,2026-04-10,1.4
EMP0103,BR11,2026-04-10,1.7
EMP0104,BR11,2026-04-10,1.4
EMP0093,BR11,2026-04-11,1.3
EMP0094,BR11,2026-04-11,1.6
EMP0095,BR11,2026-04-11,1.7
EMP0096,BR11,2026-04-11,1.7
EMP0097,BR11,2026-04-11,1.4
EMP0098,BR11,2026-04-11,1.5
EMP0099,BR11,2026-04-11,1.7
EMP0100,BR11,2026-04-11,1.6
EMP0101,BR11,2026-04-11,1.6
EMP0102,BR11,2026-04-11,1.3
EMP0103,BR11,2026-04-11,1.4
EMP0093,BR11,2026-04-12,1.4
EMP0094,BR11,2026-04-12,1.8
EMP0095,BR11,2026-04-12,1.6
EMP0096,BR11,2026-04-12,1.4
EMP0097,BR11,2026-04-12,1.4
EMP0098,BR11,2026-04-12,1.6
EMP0099,BR11,2026-04-12,1.3
EMP0100,BR11,2026-04-12,1.5
EMP0101,BR11,2026-04-12,1.9
EMP0102,BR11,2026-04-12,1.1
EMP0103,BR11,2026-04-12,1.5
EMP0104,BR11,2026-04-12,1.4
EMP0093,BR11,2026-04-13,1.8
EMP0096,BR11,2026-04-13,1.4
EMP0097,BR11,2026-04-13,1.3
EMP0098,BR11,2026-04-13,1.3
EMP0099,BR11,2026-04-13,1.8
EMP0100,BR11,2026-04-13,1.2
EMP0101,BR11,2026-04-13,1.6
EMP0102,BR11,2026-04-13,1.7
EMP0103,BR11,2026-04-13,1.5
EMP0093,BR11,2026-04-14,1.4
EMP0094,BR11,2026-04-14,1.3
EMP0095,BR11,2026-04-14,1.6
EMP0096,BR11,2026-04-14,1.6
EMP0097,BR11,2026-04-14,1.6
EMP0100,BR11,2026-04-14,1.4
EMP0101,BR11,2026-04-14,1.4
EMP0102,BR11,2026-04-14,1.6
EMP0104,BR11,2026-04-14,1.5
EMP0093,BR11,2026-04-15,1.7
EMP0095,BR11,2026-04-15,1.6
EMP0096,BR11,2026-04-15,1.2
EMP0097,BR11,2026-04-15,1.5
EMP0098,BR11,2026-04-15,1.5
EMP0100,BR11,2026-04-15,1.3
EMP0102,BR11,2026-04-15,1.5
EMP0103,BR11,2026-04-15,1.2
EMP0093,BR11,2026-04-16,1.4
EMP0094,BR11,2026-04-16,1.6
EMP0095,BR11,2026-04-16,1.5
EMP0096,BR11,2026-04-16,1.6
EMP0097,BR11,2026-04-16,1.6
EMP0098,BR11,2026-04-16,1.8
EMP0099,BR11,2026-04-16,1.3
EMP0100,BR11,2026-04-16,1.6
EMP0101,BR11,2026-04-16,1.4
EMP0103,BR11,2026-04-16,1.5
EMP0104,BR11,2026-04-16,1.8
EMP0094,BR11,2026-04-17,1.5
EMP0098,BR11,2026-04-17,1.4
EMP0099,BR11,2026-04-17,1.4
EMP0101,BR11,2026-04-17,1.6
EMP0102,BR11,2026-04-17,1.5
EMP0103,BR11,2026-04-17,1.4
EMP0104,BR11,2026-04-17,1.6
EMP0093,BR11,2026-04-18,1.6
EMP0095,BR11,2026-04-18,1.6
EMP0096,BR11,2026-04-18,1.6
EMP0097,BR11,2026-04-18,1.7
EMP0099,BR11,2026-04-18,1.5
EMP0102,BR11,2026-04-18,1.4
EMP0103,BR11,2026-04-18,1.3
EMP0104,BR11,2026-04-18,1.7
EMP0095,BR11,2026-04-19,1.7
EMP0097,BR11,2026-04-19,1.6
EMP0098,BR11,2026-04-19,1.3
EMP0099,BR11,2026-04-19,1.5
EMP0100,BR11,2026-04-19,1.3
EMP0101,BR11,2026-04-19,1.6
EMP0102,BR11,2026-04-19,1.6
EMP0103,BR11,2026-04-19,1.8
EMP0104,BR11,2026-04-19,1.5
EMP0093,BR11,2026-04-20,1.3
EMP0094,BR11,2026-04-20,1.5
EMP0095,BR11,2026-04-20,1.5
EMP0097,BR11,2026-04-20,1.7
EMP0099,BR11,2026-04-20,1.4
EMP0100,BR11,2026-04-20,1.8
EMP0101,BR11,2026-04-20,1.4
EMP0102,BR11,2026-04-20,1.6
EMP0104,BR11,2026-04-20,1.5
EMP0093,BR11,2026-04-21,1.8
EMP0094,BR11,2026-04-21,1.5
EMP0095,BR11,2026-04-21,1.6
EMP0099,BR11,2026-04-21,1.6
EMP0100,BR11,2026-04-21,1.5
EMP0101,BR11,2026-04-21,1.4
EMP0102,BR11,2026-04-21,1.4
EMP0103,BR11,2026-04-21,1.5
EMP0104,BR11,2026-04-21,1.7
EMP0093,BR11,2026-04-22,1.3
EMP0094,BR11,2026-04-22,1.4
EMP0095,BR11,2026-04-22,1.6
EMP0097,BR11,2026-04-22,1.4
EMP0098,BR11,2026-04-22,1.3
EMP0099,BR11,2026-04-22,1.5
EMP0101,BR11,2026-04-22,1.7
EMP0102,BR11,2026-04-22,1.5
EMP0104,BR11,2026-04-22,1.3
EMP0093,BR11,2026-04-23,1.4
EMP0094,BR11,2026-04-23,1.5
EMP0095,BR11,2026-04-23,1.5
EMP0096,BR11,2026-04-23,1.5
EMP0097,BR11,2026-04-23,1.5
EMP0098,BR11,2026-04-23,1.5
EMP0102,BR11,2026-04-23,1.5
EMP0103,BR11,2026-04-23,1.4
EMP0093,BR11,2026-04-24,1.4
EMP0094,BR11,2026-04-24,1.6
EMP0095,BR11,2026-04-24,1.6
EMP0096,BR11,2026-04-24,1.4
EMP0099,BR11,2026-04-24,1.4
EMP0100,BR11,2026-04-24,1.7
EMP0102,BR11,2026-04-24,1.6
EMP0103,BR11,2026-04-24,1.5
EMP0104,BR11,2026-04-24,1.3
EMP0093,BR11,2026-04-25,1.6
EMP0094,BR11,2026-04-25,1.6
EMP0096,BR11,2026-04-25,1.7
EMP0097,BR11,2026-04-25,1.4
EMP0098,BR11,2026-04-25,1.6
EMP0100,BR11,2026-04-25,1.4
EMP0102,BR11,2026-04-25,1.4
EMP0103,BR11,2026-04-25,1.7
EMP0104,BR11,2026-04-25,1.3
EMP0093,BR11,2026-04-26,1.4
EMP0095,BR11,2026-04-26,1.6
EMP0097,BR11,2026-04-26,1.5
EMP0098,BR11,2026-04-26,1.6
EMP0100,BR11,2026-04-26,1.6
EMP0102,BR11,2026-04-26,1.5
EMP0093,BR11,2026-04-27,1.6
EMP0094,BR11,2026-04-27,1.5
EMP0097,BR11,2026-04-27,1.6
EMP0099,BR11,2026-04-27,1.7
EMP0100,BR11,2026-04-27,1.5
EMP0102,BR11,2026-04-27,1.3
EMP0095,BR11,2026-04-28,1.6
EMP0096,BR11,2026-04-28,1.8
EMP0097,BR11,2026-04-28,1.7
EMP0098,BR11,2026-04-28,1.4
EMP0099,BR11,2026-04-28,1.6
EMP0102,BR11,2026-04-28,1.7
EMP0103,BR11,2026-04-28,1.6
EMP0094,BR11,2026-04-29,1.5
EMP0095,BR11,2026-04-29,1.6
EMP0096,BR11,2026-04-29,1.5
EMP0097,BR11,2026-04-29,1.6
EMP0098,BR11,2026-04-29,1.4
EMP0099,BR11,2026-04-29,1.5
EMP0100,BR11,2026-04-29,1.5
EMP0102,BR11,2026-04-29,1.4
EMP0103,BR11,2026-04-29,1.5
EMP0104,BR11,2026-04-29,1.7
EMP0093,BR11,2026-04-30,1.5
EMP0094,BR11,2026-04-30,1.6
EMP0095,BR11,2026-04-30,1.4
EMP0096,BR11,2026-04-30,1.3
EMP0097,BR11,2026-04-30,1.5
EMP0098,BR11,2026-04-30,1.3
EMP0099,BR11,2026-04-30,1.3
EMP0100,BR11,2026-04-30,1.4
EMP0101,BR11,2026-04-30,1.4
EMP0102,BR11,2026-04-30,1.4
EMP0103,BR11,2026-04-30,1.5
EMP0093,BR11,2026-05-01,1.6
EMP0094,BR11,2026-05-01,1.4
EMP0096,BR11,2026-05-01,1.4
EMP0097,BR11,2026-05-01,1.5
EMP0098,BR11,2026-05-01,1.6
EMP0099,BR11,2026-05-01,1.6
EMP0100,BR11,2026-05-01,1.8
EMP0102,BR11,2026-05-01,1.5
EMP0103,BR11,2026-05-01,1.7
EMP0104,BR11,2026-05-01,1.5
EMP0094,BR11,2026-05-02,1.7
EMP0095,BR11,2026-05-02,1.6
EMP0098,BR11,2026-05-02,1.9
EMP0099,BR11,2026-05-02,1.7
EMP0102,BR11,2026-05-02,1.7
EMP0104,BR11,2026-05-02,1.6
EMP0093,BR11,2026-05-03,1.5
EMP0094,BR11,2026-05-03,1.5
EMP0095,BR11,2026-05-03,1.5
EMP0097,BR11,2026-05-03,1.2
EMP0098,BR11,2026-05-03,1.5
EMP0099,BR11,2026-05-03,1.5
EMP0100,BR11,2026-05-03,1.5
EMP0101,BR11,2026-05-03,1.8
EMP0102,BR11,2026-05-03,1.4
EMP0103,BR11,2026-05-03,1.6
EMP0104,BR11,2026-05-03,1.5
EMP0093,BR11,2026-05-04,1.6
EMP0095,BR11,2026-05-04,1.5
EMP0096,BR11,2026-05-04,1.5
EMP0097,BR11,2026-05-04,1.6
EMP0098,BR11,2026-05-04,1.7
EMP0099,BR11,2026-05-04,1.5
EMP0100,BR11,2026-05-04,1.5
EMP0101,BR11,2026-05-04,1.4
EMP0102,BR11,2026-05-04,1.5
EMP0103,BR11,2026-05-04,1.7
EMP0104,BR11,2026-05-04,1.5
EMP0094,BR11,2026-05-05,1.2
EMP0096,BR11,2026-05-05,1.3
EMP0098,BR11,2026-05-05,1.5
EMP0099,BR11,2026-05-05,1.4
EMP0103,BR11,2026-05-05,1.6
EMP0104,BR11,2026-05-05,1.5
EMP0095,BR11,2026-05-06,1.5
EMP0096,BR11,2026-05-06,1.7
EMP0097,BR11,2026-05-06,1.4
EMP0099,BR11,2026-05-06,1.6
EMP0100,BR11,2026-05-06,1.5
EMP0101,BR11,2026-05-06,1.6
EMP0102,BR11,2026-05-06,1.4
EMP0103,BR11,2026-05-06,1.5
EMP0104,BR11,2026-05-06,1.5
EMP0093,BR11,2026-05-07,1.5
EMP0094,BR11,2026-05-07,1.6
EMP0095,BR11,2026-05-07,1.7
EMP0096,BR11,2026-05-07,1.8
EMP0097,BR11,2026-05-07,1.3
EMP0098,BR11,2026-05-07,1.6
EMP0099,BR11,2026-05-07,1.6
EMP0101,BR11,2026-05-07,1.7
EMP0103,BR11,2026-05-07,1.6
EMP0104,BR11,2026-05-07,1.6
EMP0093,BR11,2026-05-08,1.5
EMP0094,BR11,2026-05-08,1.5
EMP0095,BR11,2026-05-08,1.7
EMP0096,BR11,2026-05-08,1.4
EMP0099,BR11,2026-05-08,1.5
EMP0100,BR11,2026-05-08,1.4
EMP0104,BR11,2026-05-08,1.5
EMP0093,BR11,2026-05-09,1.5
EMP0094,BR11,2026-05-09,1.6
EMP0097,BR11,2026-05-09,1.6
EMP0098,BR11,2026-05-09,1.4
EMP0099,BR11,2026-05-09,1.7
EMP0100,BR11,2026-05-09,1.7
EMP0102,BR11,2026-05-09,1.5
EMP0103,BR11,2026-05-09,1.3
EMP0104,BR11,2026-05-09,1.6
EMP0093,BR11,2026-05-10,1.4
EMP0094,BR11,2026-05-10,1.3
EMP0099,BR11,2026-05-10,1.5
EMP0100,BR11,2026-05-10,1.5
EMP0101,BR11,2026-05-10,1.4
EMP0103,BR11,2026-05-10,1.6
EMP0104,BR11,2026-05-10,1.5
EMP0093,BR11,2026-05-11,1.5
EMP0094,BR11,2026-05-11,1.7
EMP0095,BR11,2026-05-11,1.4
EMP0096,BR11,2026-05-11,1.7
EMP0097,BR11,2026-05-11,1.2
EMP0098,BR11,2026-05-11,1.5
EMP0099,BR11,2026-05-11,1.5
EMP0100,BR11,2026-05-11,1.9
EMP0101,BR11,2026-05-11,1.6
EMP0103,BR11,2026-05-11,1.7
EMP0104,BR11,2026-05-11,1.5
EMP0093,BR11,2026-05-12,1.5
EMP0095,BR11,2026-05-12,1.8
EMP0096,BR11,2026-05-12,1.7
EMP0097,BR11,2026-05-12,1.7
EMP0098,BR11,2026-05-12,1.7
EMP0100,BR11,2026-05-12,1.3
EMP0101,BR11,2026-05-12,1.6
EMP0102,BR11,2026-05-12,1.6
EMP0103,BR11,2026-05-12,1.7
EMP0104,BR11,2026-05-12,1.6
EMP0095,BR11,2026-05-13,1.4
EMP0097,BR11,2026-05-13,1.5
EMP0098,BR11,2026-05-13,1.6
EMP0099,BR11,2026-05-13,1.3
EMP0100,BR11,2026-05-13,1.5
EMP0101,BR11,2026-05-13,1.4
EMP0102,BR11,2026-05-13,1.4
EMP0103,BR11,2026-05-13,1.3
EMP0093,BR11,2026-05-14,1.6
EMP0095,BR11,2026-05-14,1.4
EMP0096,BR11,2026-05-14,1.4
EMP0097,BR11,2026-05-14,1.5
EMP0098,BR11,2026-05-14,1.6
EMP0099,BR11,2026-05-14,1.5
EMP0100,BR11,2026-05-14,1.3
EMP0101,BR11,2026-05-14,1.3
EMP0102,BR11,2026-05-14,1.5
EMP0104,BR11,2026-05-14,1.7
EMP0093,BR11,2026-05-15,1.5
EMP0094,BR11,2026-05-15,1.2
EMP0095,BR11,2026-05-15,1.4
EMP0096,BR11,2026-05-15,1.5
EMP0097,BR11,2026-05-15,1.5
EMP0098,BR11,2026-05-15,1.7
EMP0099,BR11,2026-05-15,1.7
EMP0100,BR11,2026-05-15,1.4
EMP0101,BR11,2026-05-15,1.4
EMP0104,BR11,2026-05-15,1.7
EMP0093,BR11,2026-05-16,1.4
EMP0094,BR11,2026-05-16,1.5
EMP0095,BR11,2026-05-16,1.6
EMP0097,BR11,2026-05-16,1.7
EMP0098,BR11,2026-05-16,1.7
EMP0099,BR11,2026-05-16,1.8
EMP0100,BR11,2026-05-16,1.5
EMP0101,BR11,2026-05-16,1.7
EMP0102,BR11,2026-05-16,1.4
EMP0103,BR11,2026-05-16,1.5
EMP0093,BR11,2026-05-17,1.4
EMP0094,BR11,2026-05-17,1.3
EMP0095,BR11,2026-05-17,1.4
EMP0096,BR11,2026-05-17,1.4
EMP0097,BR11,2026-05-17,1.3
EMP0099,BR11,2026-05-17,1.5
EMP0100,BR11,2026-05-17,1.4
EMP0101,BR11,2026-05-17,1.4
EMP0102,BR11,2026-05-17,1.4
EMP0104,BR11,2026-05-17,1.6
EMP0093,BR11,2026-05-18,1.5
EMP0094,BR11,2026-05-18,1.3
EMP0095,BR11,2026-05-18,1.7
EMP0096,BR11,2026-05-18,1.3
EMP0098,BR11,2026-05-18,1.5
EMP0099,BR11,2026-05-18,1.7
EMP0100,BR11,2026-05-18,1.6
EMP0102,BR11,2026-05-18,1.7
EMP0103,BR11,2026-05-18,1.7
EMP0104,BR11,2026-05-18,1.5
EMP0094,BR11,2026-05-19,1.6
EMP0095,BR11,2026-05-19,1.5
EMP0096,BR11,2026-05-19,1.4
EMP0098,BR11,2026-05-19,1.3
EMP0100,BR11,2026-05-19,1.3
EMP0101,BR11,2026-05-19,1.4
EMP0102,BR11,2026-05-19,1.3
EMP0103,BR11,2026-05-19,1.7
EMP0104,BR11,2026-05-19,1.3
EMP0096,BR11,2026-05-20,1.3
EMP0097,BR11,2026-05-20,1.8
EMP0098,BR11,2026-05-20,1.6
EMP0101,BR11,2026-05-20,1.8
EMP0102,BR11,2026-05-20,1.6
EMP0103,BR11,2026-05-20,1.5
EMP0093,BR11,2026-05-21,1.8
EMP0095,BR11,2026-05-21,1.5
EMP0096,BR11,2026-05-21,1.9
EMP0098,BR11,2026-05-21,1.7
EMP0100,BR11,2026-05-21,1.3
EMP0102,BR11,2026-05-21,1.7
EMP0103,BR11,2026-05-21,1.4
EMP0104,BR11,2026-05-21,1.5
EMP0093,BR11,2026-05-22,1.5
EMP0094,BR11,2026-05-22,1.4
EMP0095,BR11,2026-05-22,1.4
EMP0096,BR11,2026-05-22,1.5
EMP0099,BR11,2026-05-22,1.7
EMP0100,BR11,2026-05-22,1.4
EMP0101,BR11,2026-05-22,1.4
EMP0103,BR11,2026-05-22,1.5
EMP0104,BR11,2026-05-22,1.7
EMP0093,BR11,2026-05-23,1.7
EMP0094,BR11,2026-05-23,1.6
EMP0096,BR11,2026-05-23,1.5
EMP0097,BR11,2026-05-23,1.6
EMP0098,BR11,2026-05-23,1.4
EMP0100,BR11,2026-05-23,1.6
EMP0101,BR11,2026-05-23,1.6
EMP0102,BR11,2026-05-23,1.3
EMP0103,BR11,2026-05-23,1.7
EMP0104,BR11,2026-05-23,1.3
EMP0093,BR11,2026-05-24,1.6
EMP0095,BR11,2026-05-24,1.6
EMP0097,BR11,2026-05-24,1.5
EMP0098,BR11,2026-05-24,1.3
EMP0100,BR11,2026-05-24,1.7
EMP0101,BR11,2026-05-24,1.7
EMP0102,BR11,2026-05-24,1.5
EMP0104,BR11,2026-05-24,1.4
EMP0094,BR11,2026-05-25,1.4
EMP0097,BR11,2026-05-25,1.5
EMP0098,BR11,2026-05-25,1.6
EMP0099,BR11,2026-05-25,1.5
EMP0101,BR11,2026-05-25,1.4
EMP0102,BR11,2026-05-25,1.7
EMP0103,BR11,2026-05-25,1.6
EMP0104,BR11,2026-05-25,1.3
EMP0093,BR11,2026-05-26,1.3
EMP0095,BR11,2026-05-26,1.3
EMP0097,BR11,2026-05-26,1.3
EMP0098,BR11,2026-05-26,1.5
EMP0099,BR11,2026-05-26,1.5
EMP0101,BR11,2026-05-26,1.4
EMP0102,BR11,2026-05-26,1.3
EMP0103,BR11,2026-05-26,1.5
EMP0093,BR11,2026-05-27,1.2
EMP0094,BR11,2026-05-27,1.4
EMP0095,BR11,2026-05-27,1.7
EMP0097,BR11,2026-05-27,1.5
EMP0098,BR11,2026-05-27,1.7
EMP0099,BR11,2026-05-27,1.6
EMP0102,BR11,2026-05-27,1.6
EMP0103,BR11,2026-05-27,1.3
EMP0104,BR11,2026-05-27,1.5
EMP0094,BR11,2026-05-28,1.6
EMP0097,BR11,2026-05-28,1.5
EMP0098,BR11,2026-05-28,1.4
EMP0099,BR11,2026-05-28,1.4
EMP0100,BR11,2026-05-28,1.7
EMP0101,BR11,2026-05-28,1.8
EMP0102,BR11,2026-05-28,1.7
EMP0104,BR11,2026-05-28,1.6
EMP0093,BR11,2026-05-29,1.3
EMP0095,BR11,2026-05-29,1.5
EMP0096,BR11,2026-05-29,1.4
EMP0097,BR11,2026-05-29,1.5
EMP0098,BR11,2026-05-29,1.5
EMP0099,BR11,2026-05-29,1.4
EMP0100,BR11,2026-05-29,1.5
EMP0102,BR11,2026-05-29,1.3
EMP0103,BR11,2026-05-29,1.7
EMP0104,BR11,2026-05-29,1.7
EMP0093,BR11,2026-05-30,1.6
EMP0095,BR11,2026-05-30,1.7
EMP0097,BR11,2026-05-30,1.6
EMP0099,BR11,2026-05-30,1.5
EMP0100,BR11,2026-05-30,1.6
EMP0101,BR11,2026-05-30,1.6
EMP0103,BR11,2026-05-30,1.4
EMP0104,BR11,2026-05-30,1.6
EMP0093,BR11,2026-05-31,1.5
EMP0094,BR11,2026-05-31,1.4
EMP0096,BR11,2026-05-31,1.2
EMP0097,BR11,2026-05-31,1.4
EMP0098,BR11,2026-05-31,1.7
EMP0099,BR11,2026-05-31,1.3
EMP0100,BR11,2026-05-31,1.4
EMP0101,BR11,2026-05-31,1.6
EMP0102,BR11,2026-05-31,1.5
EMP0103,BR11,2026-05-31,1.6
EMP0104,BR11,2026-05-31,1.6
EMP0093,BR11,2026-06-01,1.5
EMP0094,BR11,2026-06-01,1.2
EMP0095,BR11,2026-06-01,1.5
EMP0096,BR11,2026-06-01,1.4
EMP0097,BR11,2026-06-01,1.4
EMP0098,BR11,2026-06-01,1.4
EMP0099,BR11,2026-06-01,1.3
EMP0100,BR11,2026-06-01,1.4
EMP0101,BR11,2026-06-01,1.4
EMP0102,BR11,2026-06-01,1.5
EMP0104,BR11,2026-06-01,1.5
EMP0093,BR11,2026-06-02,1.3
EMP0095,BR11,2026-06-02,1.1
EMP0096,BR11,2026-06-02,1.5
EMP0097,BR11,2026-06-02,1.2
EMP0100,BR11,2026-06-02,1.2
EMP0101,BR11,2026-06-02,1.4
EMP0102,BR11,2026-06-02,1.2
EMP0103,BR11,2026-06-02,1.2
EMP0093,BR11,2026-06-03,1.4
EMP0094,BR11,2026-06-03,1.5
EMP0095,BR11,2026-06-03,1.5
EMP0096,BR11,2026-06-03,1.5
EMP0098,BR11,2026-06-03,1.4
EMP0101,BR11,2026-06-03,1.5
EMP0102,BR11,2026-06-03,1.2
EMP0103,BR11,2026-06-03,1.3
EMP0104,BR11,2026-06-03,1.5
EMP0094,BR11,2026-06-04,1.5
EMP0095,BR11,2026-06-04,1.5
EMP0096,BR11,2026-06-04,1.3
EMP0097,BR11,2026-06-04,1.1
EMP0098,BR11,2026-06-04,1.4
EMP0099,BR11,2026-06-04,1.2
EMP0100,BR11,2026-06-04,1.4
EMP0102,BR11,2026-06-04,1.4
EMP0103,BR11,2026-06-04,1.5
EMP0104,BR11,2026-06-04,1.4
EMP0094,BR11,2026-06-05,1.3
EMP0095,BR11,2026-06-05,1.3
EMP0096,BR11,2026-06-05,1.5
EMP0097,BR11,2026-06-05,1.5
EMP0098,BR11,2026-06-05,1.6
EMP0099,BR11,2026-06-05,1.5
EMP0100,BR11,2026-06-05,1.2
EMP0101,BR11,2026-06-05,1.1
EMP0102,BR11,2026-06-05,1.2
EMP0103,BR11,2026-06-05,1.4
EMP0104,BR11,2026-06-05,1.3
EMP0094,BR11,2026-06-06,1.7
EMP0095,BR11,2026-06-06,1.3
EMP0096,BR11,2026-06-06,1.5
EMP0099,BR11,2026-06-06,1.5
EMP0100,BR11,2026-06-06,1.4
EMP0101,BR11,2026-06-06,1.3
EMP0102,BR11,2026-06-06,1.4
EMP0093,BR11,2026-06-07,1.5
EMP0094,BR11,2026-06-07,1.3
EMP0095,BR11,2026-06-07,1.2
EMP0096,BR11,2026-06-07,1.4
EMP0097,BR11,2026-06-07,1.4
EMP0098,BR11,2026-06-07,1.5
EMP0100,BR11,2026-06-07,1.4
EMP0101,BR11,2026-06-07,1.3
EMP0102,BR11,2026-06-07,1.4
EMP0103,BR11,2026-06-07,1.3
EMP0104,BR11,2026-06-07,1.4
EMP0095,BR11,2026-06-08,1.6
EMP0096,BR11,2026-06-08,1.3
EMP0097,BR11,2026-06-08,1.4
EMP0098,BR11,2026-06-08,1.5
EMP0099,BR11,2026-06-08,1.3
EMP0100,BR11,2026-06-08,1.4
EMP0101,BR11,2026-06-08,1.5
EMP0102,BR11,2026-06-08,1.4
EMP0103,BR11,2026-06-08,1.3
EMP0093,BR11,2026-06-09,1.4
EMP0094,BR11,2026-06-09,1.4
EMP0095,BR11,2026-06-09,1.4
EMP0096,BR11,2026-06-09,1.4
EMP0098,BR11,2026-06-09,1.3
EMP0099,BR11,2026-06-09,1.5
EMP0100,BR11,2026-06-09,1.4
EMP0101,BR11,2026-06-09,1.5
EMP0102,BR11,2026-06-09,1.6
EMP0103,BR11,2026-06-09,1.4
EMP0104,BR11,2026-06-09,1.4
EMP0093,BR11,2026-06-10,1.3
EMP0094,BR11,2026-06-10,1.2
EMP0095,BR11,2026-06-10,1.5
EMP0096,BR11,2026-06-10,1.3
EMP0097,BR11,2026-06-10,1.2
EMP0098,BR11,2026-06-10,1.5
EMP0099,BR11,2026-06-10,1.3
EMP0100,BR11,2026-06-10,1.3
EMP0101,BR11,2026-06-10,1.4
EMP0104,BR11,2026-06-10,1.4
EMP0093,BR11,2026-06-11,1.4
EMP0094,BR11,2026-06-11,1.2
EMP0095,BR11,2026-06-11,1.5
EMP0096,BR11,2026-06-11,1.3
EMP0097,BR11,2026-06-11,1.4
EMP0098,BR11,2026-06-11,1.3
EMP0099,BR11,2026-06-11,1.4
EMP0100,BR11,2026-06-11,1.4
EMP0103,BR11,2026-06-11,1.3
EMP0104,BR11,2026-06-11,1.4
EMP0093,BR11,2026-06-12,1.3
EMP0095,BR11,2026-06-12,1.2
EMP0096,BR11,2026-06-12,1.3
EMP0099,BR11,2026-06-12,1.5
EMP0100,BR11,2026-06-12,1.5
EMP0101,BR11,2026-06-12,1.6
EMP0102,BR11,2026-06-12,1.4
EMP0103,BR11,2026-06-12,1.3
EMP0104,BR11,2026-06-12,1.4
EMP0093,BR11,2026-06-13,1.1
EMP0094,BR11,2026-06-13,1.2
EMP0095,BR11,2026-06-13,1.4
EMP0096,BR11,2026-06-13,1.4
EMP0097,BR11,2026-06-13,1.5
EMP0098,BR11,2026-06-13,1.5
EMP0099,BR11,2026-06-13,1.3
EMP0100,BR11,2026-06-13,1.5
EMP0101,BR11,2026-06-13,1.1
EMP0102,BR11,2026-06-13,1.3
EMP0104,BR11,2026-06-13,1.3
EMP0093,BR11,2026-06-14,1.6
EMP0095,BR11,2026-06-14,1.5
EMP0096,BR11,2026-06-14,1.5
EMP0098,BR11,2026-06-14,1.5
EMP0099,BR11,2026-06-14,1.4
EMP0101,BR11,2026-06-14,1.0
EMP0102,BR11,2026-06-14,1.5
EMP0103,BR11,2026-06-14,1.2
EMP0094,BR11,2026-06-15,1.3
EMP0095,BR11,2026-06-15,1.2
EMP0096,BR11,2026-06-15,1.4
EMP0097,BR11,2026-06-15,1.4
EMP0099,BR11,2026-06-15,1.4
EMP0100,BR11,2026-06-15,1.3
EMP0101,BR11,2026-06-15,1.3
EMP0102,BR11,2026-06-15,1.3
EMP0094,BR11,2026-06-16,1.3
EMP0095,BR11,2026-06-16,1.4
EMP0096,BR11,2026-06-16,1.4
EMP0098,BR11,2026-06-16,1.5
EMP0099,BR11,2026-06-16,1.4
EMP0100,BR11,2026-06-16,1.5
EMP0101,BR11,2026-06-16,1.4
EMP0102,BR11,2026-06-16,1.4
EMP0103,BR11,2026-06-16,1.2
EMP0104,BR11,2026-06-16,1.4
EMP0093,BR11,2026-06-17,1.5
EMP0095,BR11,2026-06-17,1.3
EMP0096,BR11,2026-06-17,1.4
EMP0097,BR11,2026-06-17,1.4
EMP0101,BR11,2026-06-17,1.5
EMP0102,BR11,2026-06-17,1.6
EMP0095,BR11,2026-06-18,1.4
EMP0097,BR11,2026-06-18,1.3
EMP0098,BR11,2026-06-18,1.5
EMP0099,BR11,2026-06-18,1.3
EMP0102,BR11,2026-06-18,1.3
EMP0103,BR11,2026-06-18,1.2
EMP0095,BR11,2026-06-19,1.4
EMP0096,BR11,2026-06-19,1.4
EMP0098,BR11,2026-06-19,1.4
EMP0100,BR11,2026-06-19,1.4
EMP0102,BR11,2026-06-19,1.3
EMP0103,BR11,2026-06-19,1.3
EMP0104,BR11,2026-06-19,1.2
EMP0093,BR11,2026-06-20,1.3
EMP0094,BR11,2026-06-20,1.5
EMP0095,BR11,2026-06-20,1.6
EMP0097,BR11,2026-06-20,1.3
EMP0098,BR11,2026-06-20,1.3
EMP0099,BR11,2026-06-20,1.4
EMP0100,BR11,2026-06-20,1.3
EMP0101,BR11,2026-06-20,1.2
EMP0102,BR11,2026-06-20,1.4
EMP0103,BR11,2026-06-20,1.3
EMP0093,BR11,2026-06-21,1.6
EMP0094,BR11,2026-06-21,1.3
EMP0095,BR11,2026-06-21,1.3
EMP0096,BR11,2026-06-21,1.5
EMP0098,BR11,2026-06-21,1.3
EMP0100,BR11,2026-06-21,1.4
EMP0102,BR11,2026-06-21,1.3
EMP0103,BR11,2026-06-21,1.3
EMP0104,BR11,2026-06-21,1.6
EMP0093,BR11,2026-06-22,1.4
EMP0094,BR11,2026-06-22,1.6
EMP0095,BR11,2026-06-22,1.4
EMP0096,BR11,2026-06-22,1.3
EMP0097,BR11,2026-06-22,1.3
EMP0098,BR11,2026-06-22,1.5
EMP0100,BR11,2026-06-22,1.4
EMP0101,BR11,2026-06-22,1.1
EMP0103,BR11,2026-06-22,1.3
EMP0093,BR11,2026-06-23,1.1
EMP0094,BR11,2026-06-23,1.2
EMP0095,BR11,2026-06-23,1.5
EMP0097,BR11,2026-06-23,1.3
EMP0098,BR11,2026-06-23,1.7
EMP0099,BR11,2026-06-23,1.4
EMP0100,BR11,2026-06-23,1.3
EMP0101,BR11,2026-06-23,1.6
EMP0102,BR11,2026-06-23,1.5
EMP0103,BR11,2026-06-23,1.2
EMP0096,BR11,2026-06-24,1.3
EMP0097,BR11,2026-06-24,1.3
EMP0099,BR11,2026-06-24,1.4
EMP0100,BR11,2026-06-24,1.3
EMP0101,BR11,2026-06-24,1.5
EMP0102,BR11,2026-06-24,1.3
EMP0103,BR11,2026-06-24,1.5
EMP0104,BR11,2026-06-24,1.2
EMP0093,BR11,2026-06-25,1.3
EMP0096,BR11,2026-06-25,1.4
EMP0098,BR11,2026-06-25,1.3
EMP0099,BR11,2026-06-25,1.3
EMP0101,BR11,2026-06-25,1.3
EMP0102,BR11,2026-06-25,1.3
EMP0103,BR11,2026-06-25,1.3
EMP0104,BR11,2026-06-25,1.4
EMP0093,BR11,2026-06-26,1.3
EMP0094,BR11,2026-06-26,1.4
EMP0095,BR11,2026-06-26,1.6
EMP0096,BR11,2026-06-26,1.4
EMP0098,BR11,2026-06-26,1.3
EMP0100,BR11,2026-06-26,1.6
EMP0101,BR11,2026-06-26,1.4
EMP0102,BR11,2026-06-26,1.6
EMP0103,BR11,2026-06-26,1.3
EMP0104,BR11,2026-06-26,1.3
EMP0093,BR11,2026-06-27,1.3
EMP0094,BR11,2026-06-27,1.2
EMP0095,BR11,2026-06-27,1.5
EMP0096,BR11,2026-06-27,1.3
EMP0098,BR11,2026-06-27,1.3
EMP0099,BR11,2026-06-27,1.4
EMP0100,BR11,2026-06-27,1.4
EMP0103,BR11,2026-06-27,1.3
EMP0104,BR11,2026-06-27,1.3
EMP0093,BR11,2026-06-28,1.5
EMP0094,BR11,2026-06-28,1.4
EMP0095,BR11,2026-06-28,1.6
EMP0097,BR11,2026-06-28,1.2
EMP0098,BR11,2026-06-28,1.4
EMP0099,BR11,2026-06-28,1.3
EMP0102,BR11,2026-06-28,1.3
EMP0103,BR11,2026-06-28,1.3
EMP0104,BR11,2026-06-28,1.4
EMP0093,BR11,2026-06-29,1.5
EMP0094,BR11,2026-06-29,1.3
EMP0095,BR11,2026-06-29,1.1
EMP0096,BR11,2026-06-29,1.3
EMP0097,BR11,2026-06-29,1.3
EMP0099,BR11,2026-06-29,1.3
EMP0100,BR11,2026-06-29,1.4
EMP0101,BR11,2026-06-29,1.4
EMP0102,BR11,2026-06-29,1.5
EMP0103,BR11,2026-06-29,1.3
EMP0104,BR11,2026-06-29,1.2
EMP0094,BR11,2026-06-30,1.4
EMP0095,BR11,2026-06-30,1.5
EMP0096,BR11,2026-06-30,1.1
EMP0098,BR11,2026-06-30,1.5
EMP0100,BR11,2026-06-30,1.5
EMP0103,BR11,2026-06-30,1.5
EMP0104,BR11,2026-06-30,1.3
EMP0093,BR11,2026-07-01,1.4
EMP0094,BR11,2026-07-01,1.3
EMP0097,BR11,2026-07-01,1.3
EMP0099,BR11,2026-07-01,1.1
EMP0100,BR11,2026-07-01,1.2
EMP0101,BR11,2026-07-01,1.3
EMP0102,BR11,2026-07-01,1.4
EMP0104,BR11,2026-07-01,1.2
EMP0094,BR11,2026-07-02,1.5
EMP0095,BR11,2026-07-02,1.3
EMP0096,BR11,2026-07-02,1.2
EMP0097,BR11,2026-07-02,1.1
EMP0099,BR11,2026-07-02,1.3
EMP0100,BR11,2026-07-02,1.2
EMP0101,BR11,2026-07-02,1.1
EMP0103,BR11,2026-07-02,1.3
EMP0093,BR11,2026-07-03,1.2
EMP0094,BR11,2026-07-03,1.3
EMP0095,BR11,2026-07-03,1.1
EMP0096,BR11,2026-07-03,1.3
EMP0097,BR11,2026-07-03,1.4
EMP0099,BR11,2026-07-03,1.0
EMP0102,BR11,2026-07-03,1.5
EMP0103,BR11,2026-07-03,1.1
EMP0104,BR11,2026-07-03,1.2
EMP0093,BR11,2026-07-04,1.2
EMP0094,BR11,2026-07-04,1.4
EMP0095,BR11,2026-07-04,1.5
EMP0098,BR11,2026-07-04,1.3
EMP0099,BR11,2026-07-04,1.4
EMP0101,BR11,2026-07-04,1.2
EMP0103,BR11,2026-07-04,1.3
EMP0093,BR11,2026-07-05,1.4
EMP0094,BR11,2026-07-05,1.2
EMP0095,BR11,2026-07-05,1.5
EMP0096,BR11,2026-07-05,1.2
EMP0097,BR11,2026-07-05,1.1
EMP0098,BR11,2026-07-05,1.1
EMP0099,BR11,2026-07-05,1.3
EMP0100,BR11,2026-07-05,1.1
EMP0101,BR11,2026-07-05,1.3
EMP0102,BR11,2026-07-05,1.2
EMP0103,BR11,2026-07-05,1.2
EMP0094,BR11,2026-07-06,1.4
EMP0095,BR11,2026-07-06,1.3
EMP0096,BR11,2026-07-06,1.6
EMP0097,BR11,2026-07-06,1.3
EMP0098,BR11,2026-07-06,1.3
EMP0099,BR11,2026-07-06,1.4
EMP0100,BR11,2026-07-06,1.6
EMP0101,BR11,2026-07-06,1.1
EMP0102,BR11,2026-07-06,1.2
EMP0103,BR11,2026-07-06,1.2
EMP0104,BR11,2026-07-06,1.1
EMP0093,BR11,2026-07-07,1.3
EMP0094,BR11,2026-07-07,1.4
EMP0095,BR11,2026-07-07,1.3
EMP0096,BR11,2026-07-07,1.4
EMP0097,BR11,2026-07-07,1.2
EMP0098,BR11,2026-07-07,1.4
EMP0100,BR11,2026-07-07,1.2
EMP0102,BR11,2026-07-07,1.3
EMP0103,BR11,2026-07-07,1.2
EMP0104,BR11,2026-07-07,1.7
EMP0093,BR11,2026-07-08,1.4
EMP0094,BR11,2026-07-08,1.3
EMP0095,BR11,2026-07-08,1.5
EMP0096,BR11,2026-07-08,1.4
EMP0099,BR11,2026-07-08,1.5
EMP0100,BR11,2026-07-08,1.1
EMP0101,BR11,2026-07-08,1.5
EMP0102,BR11,2026-07-08,1.3
EMP0103,BR11,2026-07-08,1.3
EMP0093,BR11,2026-07-09,1.4
EMP0095,BR11,2026-07-09,1.3
EMP0096,BR11,2026-07-09,1.4
EMP0097,BR11,2026-07-09,1.3
EMP0098,BR11,2026-07-09,1.3
EMP0099,BR11,2026-07-09,1.3
EMP0100,BR11,2026-07-09,1.4
EMP0101,BR11,2026-07-09,1.2
EMP0102,BR11,2026-07-09,1.3
EMP0104,BR11,2026-07-09,1.3
EMP0093,BR11,2026-07-10,1.3
EMP0094,BR11,2026-07-10,1.1
EMP0095,BR11,2026-07-10,1.3
EMP0096,BR11,2026-07-10,1.4
EMP0097,BR11,2026-07-10,1.3
EMP0098,BR11,2026-07-10,1.3
EMP0099,BR11,2026-07-10,1.4
EMP0100,BR11,2026-07-10,1.3
EMP0101,BR11,2026-07-10,1.4
EMP0102,BR11,2026-07-10,1.1
EMP0103,BR11,2026-07-10,1.3
EMP0104,BR11,2026-07-10,1.3
EMP0093,BR11,2026-07-11,1.4
EMP0095,BR11,2026-07-11,1.2
EMP0096,BR11,2026-07-11,1.2
EMP0097,BR11,2026-07-11,1.2
EMP0098,BR11,2026-07-11,1.3
EMP0099,BR11,2026-07-11,1.2
EMP0100,BR11,2026-07-11,1.4
EMP0101,BR11,2026-07-11,1.3
EMP0102,BR11,2026-07-11,1.2
EMP0103,BR11,2026-07-11,1.1
EMP0093,BR11,2026-07-12,1.3
EMP0094,BR11,2026-07-12,1.4
EMP0095,BR11,2026-07-12,1.3
EMP0096,BR11,2026-07-12,1.1
EMP0097,BR11,2026-07-12,1.1
EMP0098,BR11,2026-07-12,1.3
EMP0099,BR11,2026-07-12,1.3
EMP0100,BR11,2026-07-12,1.2
EMP0101,BR11,2026-07-12,1.0
EMP0093,BR11,2026-07-13,1.1
EMP0094,BR11,2026-07-13,1.3
EMP0095,BR11,2026-07-13,1.2
EMP0096,BR11,2026-07-13,1.2
EMP0099,BR11,2026-07-13,1.2
EMP0100,BR11,2026-07-13,1.3
EMP0101,BR11,2026-07-13,1.3
EMP0102,BR11,2026-07-13,1.3
EMP0104,BR11,2026-07-13,1.3
EMP0093,BR11,2026-07-14,1.5
EMP0095,BR11,2026-07-14,1.4
EMP0096,BR11,2026-07-14,1.1
EMP0097,BR11,2026-07-14,1.4
EMP0098,BR11,2026-07-14,1.4
EMP0099,BR11,2026-07-14,1.5
EMP0101,BR11,2026-07-14,1.3
EMP0103,BR11,2026-07-14,1.1
EMP0104,BR11,2026-07-14,1.4
EMP0093,BR11,2026-07-15,1.4
EMP0094,BR11,2026-07-15,1.4
EMP0096,BR11,2026-07-15,1.4
EMP0097,BR11,2026-07-15,1.3
EMP0098,BR11,2026-07-15,1.2
EMP0099,BR11,2026-07-15,1.3
EMP0100,BR11,2026-07-15,1.3
EMP0101,BR11,2026-07-15,1.4
EMP0102,BR11,2026-07-15,1.5
EMP0103,BR11,2026-07-15,1.3
EMP0104,BR11,2026-07-15,1.3
EMP0093,BR11,2026-07-16,1.0
EMP0097,BR11,2026-07-16,1.1
EMP0098,BR11,2026-07-16,1.3
EMP0099,BR11,2026-07-16,1.1
EMP0100,BR11,2026-07-16,1.1
EMP0101,BR11,2026-07-16,1.4
EMP0103,BR11,2026-07-16,1.4
EMP0093,BR11,2026-07-17,1.3
EMP0096,BR11,2026-07-17,1.3
EMP0097,BR11,2026-07-17,1.3
EMP0098,BR11,2026-07-17,1.3
EMP0100,BR11,2026-07-17,1.6
EMP0101,BR11,2026-07-17,1.3
EMP0102,BR11,2026-07-17,1.3
EMP0103,BR11,2026-07-17,1.1
EMP0093,BR11,2026-07-18,1.5
EMP0096,BR11,2026-07-18,1.2
EMP0097,BR11,2026-07-18,1.1
EMP0099,BR11,2026-07-18,1.3
EMP0101,BR11,2026-07-18,1.4
EMP0102,BR11,2026-07-18,1.3
EMP0103,BR11,2026-07-18,1.3
EMP0104,BR11,2026-07-18,1.2
EMP0093,BR11,2026-07-19,1.2
EMP0094,BR11,2026-07-19,1.1
EMP0095,BR11,2026-07-19,1.1
EMP0096,BR11,2026-07-19,1.2
EMP0098,BR11,2026-07-19,1.2
EMP0099,BR11,2026-07-19,1.3
EMP0100,BR11,2026-07-19,1.4
EMP0101,BR11,2026-07-19,1.3
EMP0102,BR11,2026-07-19,1.2
EMP0093,BR11,2026-07-20,1.3
EMP0094,BR11,2026-07-20,1.2
EMP0096,BR11,2026-07-20,1.3
EMP0099,BR11,2026-07-20,1.5
EMP0100,BR11,2026-07-20,1.2
EMP0102,BR11,2026-07-20,1.3
EMP0103,BR11,2026-07-20,1.3
EMP0104,BR11,2026-07-20,1.3
EMP0093,BR11,2026-07-21,1.4
EMP0094,BR11,2026-07-21,1.4
EMP0095,BR11,2026-07-21,1.4
EMP0097,BR11,2026-07-21,1.2
EMP0099,BR11,2026-07-21,1.6
EMP0100,BR11,2026-07-21,1.5
EMP0101,BR11,2026-07-21,1.3
EMP0102,BR11,2026-07-21,1.2
EMP0103,BR11,2026-07-21,1.4
EMP0094,BR11,2026-07-22,1.5
EMP0095,BR11,2026-07-22,1.2
EMP0096,BR11,2026-07-22,1.2
EMP0097,BR11,2026-07-22,1.1
EMP0098,BR11,2026-07-22,1.5
EMP0099,BR11,2026-07-22,1.2
EMP0103,BR11,2026-07-22,1.0
EMP0104,BR11,2026-07-22,1.5
EMP0093,BR11,2026-07-23,1.2
EMP0095,BR11,2026-07-23,1.7
EMP0096,BR11,2026-07-23,1.5
EMP0097,BR11,2026-07-23,1.1
EMP0098,BR11,2026-07-23,1.4
EMP0099,BR11,2026-07-23,1.3
EMP0101,BR11,2026-07-23,1.2
EMP0102,BR11,2026-07-23,1.2
EMP0103,BR11,2026-07-23,1.2
EMP0104,BR11,2026-07-23,1.1
EMP0093,BR11,2026-07-24,1.3
EMP0094,BR11,2026-07-24,1.3
EMP0095,BR11,2026-07-24,1.1
EMP0096,BR11,2026-07-24,1.1
EMP0098,BR11,2026-07-24,1.3
EMP0099,BR11,2026-07-24,1.4
EMP0101,BR11,2026-07-24,1.4
EMP0103,BR11,2026-07-24,1.3
EMP0104,BR11,2026-07-24,1.5
EMP0093,BR11,2026-07-25,1.3
EMP0096,BR11,2026-07-25,1.3
EMP0097,BR11,2026-07-25,1.5
EMP0098,BR11,2026-07-25,1.3
EMP0099,BR11,2026-07-25,1.2
EMP0101,BR11,2026-07-25,1.4
EMP0103,BR11,2026-07-25,1.5
EMP0093,BR11,2026-07-26,1.2
EMP0094,BR11,2026-07-26,1.1
EMP0095,BR11,2026-07-26,1.3
EMP0096,BR11,2026-07-26,1.4
EMP0097,BR11,2026-07-26,1.3
EMP0098,BR11,2026-07-26,1.3
EMP0099,BR11,2026-07-26,1.2
EMP0101,BR11,2026-07-26,1.2
EMP0102,BR11,2026-07-26,1.2
EMP0103,BR11,2026-07-26,1.3
EMP0104,BR11,2026-07-26,1.3
EMP0093,BR11,2026-07-27,1.3
EMP0095,BR11,2026-07-27,1.2
EMP0096,BR11,2026-07-27,1.4
EMP0097,BR11,2026-07-27,1.3
EMP0098,BR11,2026-07-27,1.2
EMP0100,BR11,2026-07-27,1.3
EMP0101,BR11,2026-07-27,1.3
EMP0103,BR11,2026-07-27,1.2
EMP0104,BR11,2026-07-27,1.4
EMP0093,BR11,2026-07-28,1.2
EMP0094,BR11,2026-07-28,1.1
EMP0095,BR11,2026-07-28,1.3
EMP0097,BR11,2026-07-28,1.3
EMP0098,BR11,2026-07-28,1.2
EMP0099,BR11,2026-07-28,1.5
EMP0100,BR11,2026-07-28,1.3
EMP0101,BR11,2026-07-28,1.2
EMP0104,BR11,2026-07-28,1.3
EMP0093,BR11,2026-07-29,1.3
EMP0094,BR11,2026-07-29,1.4
EMP0095,BR11,2026-07-29,1.5
EMP0096,BR11,2026-07-29,1.4
EMP0097,BR11,2026-07-29,1.2
EMP0098,BR11,2026-07-29,1.2
EMP0099,BR11,2026-07-29,1.1
EMP0100,BR11,2026-07-29,1.2
EMP0101,BR11,2026-07-29,1.4
EMP0102,BR11,2026-07-29,1.2
EMP0104,BR11,2026-07-29,1.2
EMP0093,BR11,2026-07-30,1.4
EMP0094,BR11,2026-07-30,1.1
EMP0095,BR11,2026-07-30,1.4
EMP0096,BR11,2026-07-30,1.4
EMP0097,BR11,2026-07-30,1.3
EMP0098,BR11,2026-07-30,1.3
EMP0099,BR11,2026-07-30,1.3
EMP0100,BR11,2026-07-30,1.2
EMP0101,BR11,2026-07-30,1.4
EMP0102,BR11,2026-07-30,1.0
EMP0103,BR11,2026-07-30,1.3
EMP0104,BR11,2026-07-30,1.5
EMP0094,BR11,2026-07-31,1.3
EMP0096,BR11,2026-07-31,1.3
EMP0097,BR11,2026-07-31,1.5
EMP0098,BR11,2026-07-31,1.4
EMP0099,BR11,2026-07-31,1.3
EMP0100,BR11,2026-07-31,1.1
EMP0101,BR11,2026-07-31,1.5
EMP0102,BR11,2026-07-31,1.4
EMP0103,BR11,2026-07-31,1.3
EMP0104,BR11,2026-07-31,1.3
EMP0094,BR11,2026-08-01,1.5
EMP0095,BR11,2026-08-01,1.9
EMP0096,BR11,2026-08-01,1.4
EMP0097,BR11,2026-08-01,1.6
EMP0098,BR11,2026-08-01,1.6
EMP0099,BR11,2026-08-01,1.5
EMP0100,BR11,2026-08-01,1.8
EMP0101,BR11,2026-08-01,1.5
EMP0102,BR11,2026-08-01,1.6
EMP0103,BR11,2026-08-01,1.6
EMP0104,BR11,2026-08-01,1.4
EMP0093,BR11,2026-08-02,1.6
EMP0095,BR11,2026-08-02,1.3
EMP0096,BR11,2026-08-02,1.4
EMP0097,BR11,2026-08-02,1.7
EMP0098,BR11,2026-08-02,1.8
EMP0099,BR11,2026-08-02,1.7
EMP0102,BR11,2026-08-02,1.5
EMP0103,BR11,2026-08-02,1.5
EMP0094,BR11,2026-08-03,1.6
EMP0098,BR11,2026-08-03,1.7
EMP0100,BR11,2026-08-03,1.7
EMP0101,BR11,2026-08-03,1.4
EMP0093,BR11,2026-08-04,1.5
EMP0094,BR11,2026-08-04,1.5
EMP0095,BR11,2026-08-04,1.6
EMP0099,BR11,2026-08-04,1.7
EMP0100,BR11,2026-08-04,1.6
EMP0101,BR11,2026-08-04,1.5
EMP0102,BR11,2026-08-04,1.6
EMP0104,BR11,2026-08-04,1.5
EMP0094,BR11,2026-08-05,1.8
EMP0096,BR11,2026-08-05,1.5
EMP0097,BR11,2026-08-05,1.7
EMP0098,BR11,2026-08-05,1.6
EMP0100,BR11,2026-08-05,1.8
EMP0101,BR11,2026-08-05,1.7
EMP0102,BR11,2026-08-05,1.7
EMP0103,BR11,2026-08-05,1.4
EMP0104,BR11,2026-08-05,1.6
EMP0093,BR11,2026-08-06,1.6
EMP0094,BR11,2026-08-06,1.7
EMP0095,BR11,2026-08-06,1.9
EMP0096,BR11,2026-08-06,1.5
EMP0098,BR11,2026-08-06,1.7
EMP0099,BR11,2026-08-06,1.6
EMP0101,BR11,2026-08-06,1.6
EMP0103,BR11,2026-08-06,1.7
EMP0093,BR11,2026-08-07,1.7
EMP0094,BR11,2026-08-07,1.6
EMP0095,BR11,2026-08-07,1.8
EMP0097,BR11,2026-08-07,1.4
EMP0098,BR11,2026-08-07,1.5
EMP0099,BR11,2026-08-07,1.6
EMP0100,BR11,2026-08-07,1.2
EMP0103,BR11,2026-08-07,1.6
EMP0104,BR11,2026-08-07,1.3
EMP0093,BR11,2026-08-08,1.7
EMP0094,BR11,2026-08-08,1.7
EMP0095,BR11,2026-08-08,1.7
EMP0097,BR11,2026-08-08,1.6
EMP0099,BR11,2026-08-08,1.8
EMP0101,BR11,2026-08-08,1.6
EMP0102,BR11,2026-08-08,1.8
EMP0103,BR11,2026-08-08,1.2
EMP0104,BR11,2026-08-08,1.7
EMP0093,BR11,2026-08-09,1.6
EMP0095,BR11,2026-08-09,1.6
EMP0096,BR11,2026-08-09,1.6
EMP0097,BR11,2026-08-09,1.4
EMP0098,BR11,2026-08-09,1.3
EMP0099,BR11,2026-08-09,1.5
EMP0100,BR11,2026-08-09,1.7
EMP0101,BR11,2026-08-09,2.0
EMP0102,BR11,2026-08-09,1.6
EMP0103,BR11,2026-08-09,1.5
EMP0104,BR11,2026-08-09,1.5
EMP0093,BR11,2026-08-10,1.5
EMP0094,BR11,2026-08-10,1.7
EMP0095,BR11,2026-08-10,1.3
EMP0096,BR11,2026-08-10,1.5
EMP0097,BR11,2026-08-10,1.7
EMP0098,BR11,2026-08-10,1.7
EMP0100,BR11,2026-08-10,1.7
EMP0101,BR11,2026-08-10,1.8
EMP0103,BR11,2026-08-10,1.9
EMP0104,BR11,2026-08-10,1.5
EMP0093,BR11,2026-08-11,1.5
EMP0095,BR11,2026-08-11,1.8
EMP0098,BR11,2026-08-11,1.6
EMP0100,BR11,2026-08-11,1.8
EMP0102,BR11,2026-08-11,1.7
EMP0103,BR11,2026-08-11,1.7
EMP0093,BR11,2026-08-12,1.4
EMP0094,BR11,2026-08-12,1.7
EMP0095,BR11,2026-08-12,1.6
EMP0096,BR11,2026-08-12,1.6
EMP0098,BR11,2026-08-12,1.5
EMP0100,BR11,2026-08-12,1.5
EMP0101,BR11,2026-08-12,1.7
EMP0103,BR11,2026-08-12,1.7
EMP0104,BR11,2026-08-12,1.7
EMP0093,BR11,2026-08-13,1.6
EMP0094,BR11,2026-08-13,1.6
EMP0095,BR11,2026-08-13,1.6
EMP0097,BR11,2026-08-13,1.7
EMP0099,BR11,2026-08-13,1.4
EMP0100,BR11,2026-08-13,1.4
EMP0101,BR11,2026-08-13,1.4
EMP0102,BR11,2026-08-13,1.5
EMP0103,BR11,2026-08-13,1.5
EMP0104,BR11,2026-08-13,1.7
EMP0093,BR11,2026-08-14,1.6
EMP0094,BR11,2026-08-14,1.5
EMP0095,BR11,2026-08-14,1.7
EMP0096,BR11,2026-08-14,1.7
EMP0097,BR11,2026-08-14,1.5
EMP0098,BR11,2026-08-14,1.6
EMP0099,BR11,2026-08-14,1.7
EMP0100,BR11,2026-08-14,1.9
EMP0101,BR11,2026-08-14,1.7
EMP0102,BR11,2026-08-14,1.8
EMP0103,BR11,2026-08-14,1.5
EMP0104,BR11,2026-08-14,1.6
EMP0094,BR11,2026-08-15,1.6
EMP0095,BR11,2026-08-15,1.5
EMP0096,BR11,2026-08-15,1.6
EMP0097,BR11,2026-08-15,1.7
EMP0098,BR11,2026-08-15,1.8
EMP0099,BR11,2026-08-15,1.8
EMP0100,BR11,2026-08-15,1.7
EMP0104,BR11,2026-08-15,1.6
EMP0093,BR11,2026-08-16,1.7
EMP0094,BR11,2026-08-16,1.6
EMP0095,BR11,2026-08-16,1.6
EMP0096,BR11,2026-08-16,1.6
EMP0097,BR11,2026-08-16,1.8
EMP0099,BR11,2026-08-16,1.6
EMP0101,BR11,2026-08-16,1.7
EMP0102,BR11,2026-08-16,1.7
EMP0103,BR11,2026-08-16,1.6
EMP0104,BR11,2026-08-16,1.9
EMP0093,BR11,2026-08-17,1.7
EMP0094,BR11,2026-08-17,1.8
EMP0095,BR11,2026-08-17,1.5
EMP0096,BR11,2026-08-17,1.4
EMP0098,BR11,2026-08-17,1.8
EMP0099,BR11,2026-08-17,1.5
EMP0100,BR11,2026-08-17,1.3
EMP0101,BR11,2026-08-17,1.5
EMP0102,BR11,2026-08-17,1.7
EMP0104,BR11,2026-08-17,1.9
EMP0095,BR11,2026-08-18,1.5
EMP0097,BR11,2026-08-18,1.8
EMP0098,BR11,2026-08-18,1.4
EMP0099,BR11,2026-08-18,1.6
EMP0100,BR11,2026-08-18,1.6
EMP0101,BR11,2026-08-18,1.7
EMP0102,BR11,2026-08-18,1.5
EMP0103,BR11,2026-08-18,1.6
EMP0104,BR11,2026-08-18,1.8
EMP0093,BR11,2026-08-19,1.6
EMP0094,BR11,2026-08-19,1.2
EMP0095,BR11,2026-08-19,1.6
EMP0096,BR11,2026-08-19,1.5
EMP0097,BR11,2026-08-19,1.5
EMP0098,BR11,2026-08-19,1.5
EMP0099,BR11,2026-08-19,1.3
EMP0100,BR11,2026-08-19,1.8
EMP0101,BR11,2026-08-19,1.8
EMP0102,BR11,2026-08-19,1.9
EMP0103,BR11,2026-08-19,1.9
EMP0104,BR11,2026-08-19,1.6
EMP0093,BR11,2026-08-20,1.5
EMP0094,BR11,2026-08-20,1.7
EMP0095,BR11,2026-08-20,1.7
EMP0096,BR11,2026-08-20,1.5
EMP0097,BR11,2026-08-20,1.5
EMP0100,BR11,2026-08-20,1.5
EMP0101,BR11,2026-08-20,1.7
EMP0102,BR11,2026-08-20,1.4
EMP0104,BR11,2026-08-20,1.7
EMP0093,BR11,2026-08-21,1.8
EMP0096,BR11,2026-08-21,1.5
EMP0097,BR11,2026-08-21,1.7
EMP0098,BR11,2026-08-21,1.7
EMP0099,BR11,2026-08-21,1.4
EMP0100,BR11,2026-08-21,1.7
EMP0101,BR11,2026-08-21,1.5
EMP0103,BR11,2026-08-21,1.6
EMP0104,BR11,2026-08-21,1.3
EMP0093,BR11,2026-08-22,1.7
EMP0094,BR11,2026-08-22,1.4
EMP0095,BR11,2026-08-22,1.7
EMP0096,BR11,2026-08-22,1.7
EMP0097,BR11,2026-08-22,1.8
EMP0098,BR11,2026-08-22,1.3
EMP0099,BR11,2026-08-22,1.7
EMP0100,BR11,2026-08-22,1.6
EMP0101,BR11,2026-08-22,1.9
EMP0104,BR11,2026-08-22,1.6
EMP0093,BR11,2026-08-23,1.5
EMP0094,BR11,2026-08-23,1.6
EMP0095,BR11,2026-08-23,1.8
EMP0096,BR11,2026-08-23,1.6
EMP0097,BR11,2026-08-23,1.6
EMP0098,BR11,2026-08-23,1.6
EMP0099,BR11,2026-08-23,1.5
EMP0100,BR11,2026-08-23,1.5
EMP0101,BR11,2026-08-23,1.5
EMP0093,BR11,2026-08-24,1.7
EMP0095,BR11,2026-08-24,1.7
EMP0097,BR11,2026-08-24,1.8
EMP0098,BR11,2026-08-24,1.7
EMP0099,BR11,2026-08-24,1.6
EMP0102,BR11,2026-08-24,1.9
EMP0103,BR11,2026-08-24,1.7
EMP0094,BR11,2026-08-25,1.6
EMP0095,BR11,2026-08-25,1.3
EMP0096,BR11,2026-08-25,1.5
EMP0098,BR11,2026-08-25,1.6
EMP0099,BR11,2026-08-25,1.7
EMP0100,BR11,2026-08-25,1.7
EMP0101,BR11,2026-08-25,1.6
EMP0102,BR11,2026-08-25,1.5
EMP0104,BR11,2026-08-25,1.8
EMP0093,BR11,2026-08-26,1.5
EMP0094,BR11,2026-08-26,1.6
EMP0095,BR11,2026-08-26,1.5
EMP0096,BR11,2026-08-26,1.8
EMP0097,BR11,2026-08-26,1.6
EMP0098,BR11,2026-08-26,1.4
EMP0099,BR11,2026-08-26,1.7
EMP0100,BR11,2026-08-26,1.7
EMP0103,BR11,2026-08-26,1.6
EMP0104,BR11,2026-08-26,1.7
EMP0094,BR11,2026-08-27,1.7
EMP0096,BR11,2026-08-27,1.5
EMP0097,BR11,2026-08-27,1.8
EMP0098,BR11,2026-08-27,1.6
EMP0099,BR11,2026-08-27,1.7
EMP0101,BR11,2026-08-27,1.6
EMP0102,BR11,2026-08-27,1.6
EMP0104,BR11,2026-08-27,1.5
EMP0093,BR11,2026-08-28,2.0
EMP0094,BR11,2026-08-28,1.5
EMP0095,BR11,2026-08-28,1.5
EMP0096,BR11,2026-08-28,1.6
EMP0097,BR11,2026-08-28,1.6
EMP0098,BR11,2026-08-28,1.4
EMP0099,BR11,2026-08-28,1.7
EMP0101,BR11,2026-08-28,1.7
EMP0102,BR11,2026-08-28,1.7
EMP0103,BR11,2026-08-28,1.7
EMP0104,BR11,2026-08-28,1.5
EMP0093,BR11,2026-08-29,1.7
EMP0094,BR11,2026-08-29,1.8
EMP0098,BR11,2026-08-29,1.5
EMP0099,BR11,2026-08-29,1.7
EMP0100,BR11,2026-08-29,1.6
EMP0101,BR11,2026-08-29,1.5
EMP0102,BR11,2026-08-29,1.4
EMP0103,BR11,2026-08-29,1.5
EMP0104,BR11,2026-08-29,1.8
EMP0093,BR11,2026-08-30,1.5
EMP0095,BR11,2026-08-30,1.5
EMP0098,BR11,2026-08-30,1.6
EMP0101,BR11,2026-08-30,1.6
EMP0102,BR11,2026-08-30,1.8
EMP0103,BR11,2026-08-30,1.7
EMP0093,BR11,2026-08-31,1.8
EMP0094,BR11,2026-08-31,1.8
EMP0096,BR11,2026-08-31,1.5
EMP0097,BR11,2026-08-31,1.7
EMP0100,BR11,2026-08-31,1.6
EMP0101,BR11,2026-08-31,1.6
EMP0103,BR11,2026-08-31,1.5
EMP0104,BR11,2026-08-31,1.6
EMP0095,BR11,2026-09-01,1.2
EMP0096,BR11,2026-09-01,1.4
EMP0097,BR11,2026-09-01,1.6
EMP0098,BR11,2026-09-01,1.5
EMP0099,BR11,2026-09-01,1.4
EMP0100,BR11,2026-09-01,1.3
EMP0101,BR11,2026-09-01,1.1
EMP0102,BR11,2026-09-01,1.3
EMP0103,BR11,2026-09-01,1.4
EMP0104,BR11,2026-09-01,1.3
EMP0093,BR11,2026-09-02,1.5
EMP0094,BR11,2026-09-02,1.5
EMP0095,BR11,2026-09-02,1.4
EMP0096,BR11,2026-09-02,1.4
EMP0097,BR11,2026-09-02,1.4
EMP0098,BR11,2026-09-02,1.5
EMP0099,BR11,2026-09-02,1.3
EMP0100,BR11,2026-09-02,1.8
EMP0101,BR11,2026-09-02,1.2
EMP0102,BR11,2026-09-02,1.3
EMP0103,BR11,2026-09-02,1.5
EMP0093,BR11,2026-09-03,1.4
EMP0096,BR11,2026-09-03,1.3
EMP0097,BR11,2026-09-03,1.3
EMP0098,BR11,2026-09-03,1.3
EMP0099,BR11,2026-09-03,1.5
EMP0100,BR11,2026-09-03,1.5
EMP0093,BR11,2026-09-04,1.4
EMP0095,BR11,2026-09-04,1.3
EMP0096,BR11,2026-09-04,1.4
EMP0097,BR11,2026-09-04,1.3
EMP0098,BR11,2026-09-04,1.3
EMP0099,BR11,2026-09-04,1.4
EMP0100,BR11,2026-09-04,1.5
EMP0102,BR11,2026-09-04,1.5
EMP0103,BR11,2026-09-04,1.5
EMP0093,BR11,2026-09-05,1.4
EMP0094,BR11,2026-09-05,1.7
EMP0095,BR11,2026-09-05,1.2
EMP0098,BR11,2026-09-05,1.4
EMP0099,BR11,2026-09-05,1.6
EMP0100,BR11,2026-09-05,1.4
EMP0101,BR11,2026-09-05,1.1
EMP0102,BR11,2026-09-05,1.3
EMP0103,BR11,2026-09-05,1.4
EMP0104,BR11,2026-09-05,1.6
EMP0093,BR11,2026-09-06,1.5
EMP0094,BR11,2026-09-06,1.4
EMP0095,BR11,2026-09-06,1.5
EMP0098,BR11,2026-09-06,1.7
EMP0099,BR11,2026-09-06,1.3
EMP0101,BR11,2026-09-06,1.5
EMP0102,BR11,2026-09-06,1.3
EMP0103,BR11,2026-09-06,1.3
EMP0104,BR11,2026-09-06,1.2
EMP0093,BR11,2026-09-07,1.6
EMP0094,BR11,2026-09-07,1.6
EMP0095,BR11,2026-09-07,1.4
EMP0096,BR11,2026-09-07,1.3
EMP0098,BR11,2026-09-07,1.3
EMP0099,BR11,2026-09-07,1.4
EMP0100,BR11,2026-09-07,1.4
EMP0101,BR11,2026-09-07,1.8
EMP0104,BR11,2026-09-07,1.7
EMP0093,BR11,2026-09-08,1.5
EMP0096,BR11,2026-09-08,1.4
EMP0097,BR11,2026-09-08,1.5
EMP0099,BR11,2026-09-08,1.4
EMP0100,BR11,2026-09-08,1.4
EMP0101,BR11,2026-09-08,1.2
EMP0102,BR11,2026-09-08,1.5
EMP0103,BR11,2026-09-08,1.6
EMP0104,BR11,2026-09-08,1.6
EMP0093,BR11,2026-09-09,1.4
EMP0095,BR11,2026-09-09,1.6
EMP0096,BR11,2026-09-09,1.6
EMP0097,BR11,2026-09-09,1.4
EMP0098,BR11,2026-09-09,1.3
EMP0100,BR11,2026-09-09,1.4
EMP0101,BR11,2026-09-09,1.3
EMP0102,BR11,2026-09-09,1.4
EMP0103,BR11,2026-09-09,1.4
EMP0104,BR11,2026-09-09,1.5
EMP0094,BR11,2026-09-10,1.3
EMP0095,BR11,2026-09-10,1.3
EMP0096,BR11,2026-09-10,1.4
EMP0098,BR11,2026-09-10,1.4
EMP0099,BR11,2026-09-10,1.7
EMP0100,BR11,2026-09-10,1.5
EMP0101,BR11,2026-09-10,1.4
EMP0102,BR11,2026-09-10,1.4
EMP0103,BR11,2026-09-10,1.2
EMP0104,BR11,2026-09-10,1.4
EMP0093,BR11,2026-09-11,1.5
EMP0095,BR11,2026-09-11,1.3
EMP0098,BR11,2026-09-11,1.2
EMP0099,BR11,2026-09-11,1.4
EMP0100,BR11,2026-09-11,1.5
EMP0102,BR11,2026-09-11,1.3
EMP0103,BR11,2026-09-11,1.6
EMP0104,BR11,2026-09-11,1.4
EMP0094,BR11,2026-09-12,1.4
EMP0095,BR11,2026-09-12,1.5
EMP0096,BR11,2026-09-12,1.5
EMP0097,BR11,2026-09-12,1.4
EMP0099,BR11,2026-09-12,1.2
EMP0100,BR11,2026-09-12,1.3
EMP0102,BR11,2026-09-12,1.2
EMP0103,BR11,2026-09-12,1.3
EMP0104,BR11,2026-09-12,1.5
EMP0093,BR11,2026-09-13,1.3
EMP0094,BR11,2026-09-13,1.4
EMP0096,BR11,2026-09-13,1.4
EMP0097,BR11,2026-09-13,1.1
EMP0098,BR11,2026-09-13,1.2
EMP0100,BR11,2026-09-13,1.6
EMP0101,BR11,2026-09-13,1.4
EMP0102,BR11,2026-09-13,1.3
EMP0103,BR11,2026-09-13,1.2
EMP0093,BR11,2026-09-14,1.3
EMP0094,BR11,2026-09-14,1.3
EMP0096,BR11,2026-09-14,1.2
EMP0097,BR11,2026-09-14,1.5
EMP0098,BR11,2026-09-14,1.5
EMP0099,BR11,2026-09-14,1.5
EMP0100,BR11,2026-09-14,1.5
EMP0102,BR11,2026-09-14,1.5
EMP0103,BR11,2026-09-14,1.2
EMP0104,BR11,2026-09-14,1.3
EMP0093,BR11,2026-09-15,1.3
EMP0094,BR11,2026-09-15,1.4
EMP0095,BR11,2026-09-15,1.5
EMP0096,BR11,2026-09-15,1.5
EMP0097,BR11,2026-09-15,1.4
EMP0098,BR11,2026-09-15,1.6
EMP0099,BR11,2026-09-15,1.4
EMP0100,BR11,2026-09-15,1.4
EMP0101,BR11,2026-09-15,1.2
EMP0104,BR11,2026-09-15,1.5
EMP0093,BR11,2026-09-16,1.3
EMP0094,BR11,2026-09-16,1.7
EMP0095,BR11,2026-09-16,1.3
EMP0096,BR11,2026-09-16,1.5
EMP0097,BR11,2026-09-16,1.2
EMP0098,BR11,2026-09-16,1.2
EMP0099,BR11,2026-09-16,1.3
EMP0100,BR11,2026-09-16,1.5
EMP0103,BR11,2026-09-16,1.2
EMP0104,BR11,2026-09-16,1.5
EMP0093,BR11,2026-09-17,1.4
EMP0094,BR11,2026-09-17,1.5
EMP0096,BR11,2026-09-17,1.5
EMP0097,BR11,2026-09-17,1.3
EMP0098,BR11,2026-09-17,1.4
EMP0099,BR11,2026-09-17,1.3
EMP0101,BR11,2026-09-17,1.3
EMP0103,BR11,2026-09-17,1.2
EMP0104,BR11,2026-09-17,1.5
EMP0094,BR11,2026-09-18,1.3
EMP0096,BR11,2026-09-18,1.3
EMP0097,BR11,2026-09-18,1.3
EMP0098,BR11,2026-09-18,1.4
EMP0099,BR11,2026-09-18,1.5
EMP0100,BR11,2026-09-18,1.6
EMP0101,BR11,2026-09-18,1.4
EMP0102,BR11,2026-09-18,1.4
EMP0103,BR11,2026-09-18,1.2
EMP0104,BR11,2026-09-18,1.3
EMP0093,BR11,2026-09-19,1.4
EMP0094,BR11,2026-09-19,1.4
EMP0095,BR11,2026-09-19,1.5
EMP0097,BR11,2026-09-19,1.4
EMP0098,BR11,2026-09-19,1.4
EMP0099,BR11,2026-09-19,1.6
EMP0101,BR11,2026-09-19,1.6
EMP0102,BR11,2026-09-19,1.3
EMP0104,BR11,2026-09-19,1.5
EMP0094,BR11,2026-09-20,1.3
EMP0097,BR11,2026-09-20,1.4
EMP0098,BR11,2026-09-20,1.6
EMP0099,BR11,2026-09-20,1.2
EMP0101,BR11,2026-09-20,1.4
EMP0102,BR11,2026-09-20,1.5
EMP0103,BR11,2026-09-20,1.3
EMP0104,BR11,2026-09-20,1.2
EMP0105,BR12,2026-04-01,2.0
EMP0106,BR12,2026-04-01,1.9
EMP0107,BR12,2026-04-01,2.5
EMP0108,BR12,2026-04-01,2.0
EMP0109,BR12,2026-04-01,2.2
EMP0110,BR12,2026-04-01,2.0
EMP0111,BR12,2026-04-01,2.1
EMP0112,BR12,2026-04-01,2.3
EMP0113,BR12,2026-04-01,2.3
EMP0114,BR12,2026-04-01,2.3
EMP0105,BR12,2026-04-02,2.5
EMP0106,BR12,2026-04-02,2.1
EMP0107,BR12,2026-04-02,1.9
EMP0108,BR12,2026-04-02,1.9
EMP0110,BR12,2026-04-02,1.8
EMP0112,BR12,2026-04-02,2.1
EMP0114,BR12,2026-04-02,2.2
EMP0107,BR12,2026-04-03,2.2
EMP0108,BR12,2026-04-03,2.1
EMP0111,BR12,2026-04-03,2.0
EMP0112,BR12,2026-04-03,2.0
EMP0113,BR12,2026-04-03,2.1
EMP0114,BR12,2026-04-03,2.2
EMP0106,BR12,2026-04-04,2.1
EMP0107,BR12,2026-04-04,2.0
EMP0108,BR12,2026-04-04,2.3
EMP0109,BR12,2026-04-04,2.1
EMP0110,BR12,2026-04-04,1.7
EMP0112,BR12,2026-04-04,1.8
EMP0113,BR12,2026-04-04,2.1
EMP0106,BR12,2026-04-05,2.0
EMP0107,BR12,2026-04-05,2.2
EMP0108,BR12,2026-04-05,2.0
EMP0109,BR12,2026-04-05,1.9
EMP0110,BR12,2026-04-05,2.3
EMP0105,BR12,2026-04-06,2.1
EMP0107,BR12,2026-04-06,1.7
EMP0108,BR12,2026-04-06,2.2
EMP0109,BR12,2026-04-06,2.0
EMP0111,BR12,2026-04-06,1.7
EMP0113,BR12,2026-04-06,2.2
EMP0105,BR12,2026-04-07,2.2
EMP0106,BR12,2026-04-07,2.1
EMP0107,BR12,2026-04-07,2.1
EMP0109,BR12,2026-04-07,2.1
EMP0110,BR12,2026-04-07,2.2
EMP0111,BR12,2026-04-07,1.8
EMP0112,BR12,2026-04-07,1.7
EMP0113,BR12,2026-04-07,1.8
EMP0105,BR12,2026-04-08,2.4
EMP0106,BR12,2026-04-08,2.0
EMP0107,BR12,2026-04-08,2.2
EMP0108,BR12,2026-04-08,2.3
EMP0111,BR12,2026-04-08,2.3
EMP0112,BR12,2026-04-08,1.8
EMP0113,BR12,2026-04-08,1.8
EMP0114,BR12,2026-04-08,2.5
EMP0105,BR12,2026-04-09,2.0
EMP0106,BR12,2026-04-09,2.2
EMP0107,BR12,2026-04-09,1.9
EMP0108,BR12,2026-04-09,1.9
EMP0109,BR12,2026-04-09,2.3
EMP0110,BR12,2026-04-09,2.2
EMP0111,BR12,2026-04-09,2.2
EMP0112,BR12,2026-04-09,2.2
EMP0113,BR12,2026-04-09,2.0
EMP0106,BR12,2026-04-10,2.2
EMP0107,BR12,2026-04-10,2.0
EMP0108,BR12,2026-04-10,2.1
EMP0110,BR12,2026-04-10,2.4
EMP0111,BR12,2026-04-10,2.0
EMP0112,BR12,2026-04-10,2.1
EMP0113,BR12,2026-04-10,1.9
EMP0114,BR12,2026-04-10,2.7
EMP0105,BR12,2026-04-11,2.1
EMP0106,BR12,2026-04-11,2.0
EMP0107,BR12,2026-04-11,2.3
EMP0108,BR12,2026-04-11,1.9
EMP0109,BR12,2026-04-11,2.4
EMP0110,BR12,2026-04-11,2.1
EMP0113,BR12,2026-04-11,2.2
EMP0114,BR12,2026-04-11,2.1
EMP0106,BR12,2026-04-12,2.3
EMP0107,BR12,2026-04-12,2.2
EMP0108,BR12,2026-04-12,2.2
EMP0109,BR12,2026-04-12,2.4
EMP0111,BR12,2026-04-12,2.2
EMP0112,BR12,2026-04-12,1.6
EMP0113,BR12,2026-04-12,2.1
EMP0114,BR12,2026-04-12,2.0
EMP0105,BR12,2026-04-13,2.0
EMP0106,BR12,2026-04-13,2.2
EMP0107,BR12,2026-04-13,2.0
EMP0108,BR12,2026-04-13,2.0
EMP0109,BR12,2026-04-13,1.9
EMP0110,BR12,2026-04-13,2.1
EMP0111,BR12,2026-04-13,2.3
EMP0112,BR12,2026-04-13,2.3
EMP0113,BR12,2026-04-13,2.2
EMP0114,BR12,2026-04-13,1.7
EMP0105,BR12,2026-04-14,2.2
EMP0107,BR12,2026-04-14,2.0
EMP0108,BR12,2026-04-14,2.0
EMP0109,BR12,2026-04-14,2.0
EMP0110,BR12,2026-04-14,2.3
EMP0112,BR12,2026-04-14,2.1
EMP0114,BR12,2026-04-14,2.0
EMP0106,BR12,2026-04-15,2.5
EMP0107,BR12,2026-04-15,2.1
EMP0108,BR12,2026-04-15,2.4
EMP0109,BR12,2026-04-15,2.2
EMP0110,BR12,2026-04-15,2.0
EMP0111,BR12,2026-04-15,2.0
EMP0105,BR12,2026-04-16,2.3
EMP0106,BR12,2026-04-16,1.9
EMP0107,BR12,2026-04-16,1.8
EMP0109,BR12,2026-04-16,1.8
EMP0110,BR12,2026-04-16,2.1
EMP0111,BR12,2026-04-16,2.3
EMP0112,BR12,2026-04-16,2.5
EMP0113,BR12,2026-04-16,2.0
EMP0106,BR12,2026-04-17,2.3
EMP0107,BR12,2026-04-17,2.4
EMP0108,BR12,2026-04-17,1.6
EMP0110,BR12,2026-04-17,2.0
EMP0111,BR12,2026-04-17,2.1
EMP0112,BR12,2026-04-17,2.2
EMP0113,BR12,2026-04-17,2.4
EMP0105,BR12,2026-04-18,2.2
EMP0106,BR12,2026-04-18,2.4
EMP0107,BR12,2026-04-18,2.0
EMP0108,BR12,2026-04-18,1.7
EMP0110,BR12,2026-04-18,2.1
EMP0111,BR12,2026-04-18,2.1
EMP0112,BR12,2026-04-18,1.9
EMP0113,BR12,2026-04-18,2.1
EMP0114,BR12,2026-04-18,1.9
EMP0105,BR12,2026-04-19,2.0
EMP0108,BR12,2026-04-19,2.2
EMP0109,BR12,2026-04-19,2.2
EMP0110,BR12,2026-04-19,2.1
EMP0112,BR12,2026-04-19,2.4
EMP0113,BR12,2026-04-19,1.9
EMP0114,BR12,2026-04-19,2.2
EMP0105,BR12,2026-04-20,1.9
EMP0106,BR12,2026-04-20,2.2
EMP0108,BR12,2026-04-20,1.9
EMP0109,BR12,2026-04-20,2.3
EMP0111,BR12,2026-04-20,1.9
EMP0112,BR12,2026-04-20,2.2
EMP0113,BR12,2026-04-20,2.1
EMP0114,BR12,2026-04-20,2.1
EMP0105,BR12,2026-04-21,2.0
EMP0108,BR12,2026-04-21,2.2
EMP0111,BR12,2026-04-21,2.3
EMP0113,BR12,2026-04-21,2.2
EMP0114,BR12,2026-04-21,2.4
EMP0107,BR12,2026-04-22,1.7
EMP0109,BR12,2026-04-22,1.7
EMP0110,BR12,2026-04-22,2.1
EMP0111,BR12,2026-04-22,2.2
EMP0112,BR12,2026-04-22,2.1
EMP0106,BR12,2026-04-23,2.4
EMP0107,BR12,2026-04-23,1.9
EMP0108,BR12,2026-04-23,2.0
EMP0109,BR12,2026-04-23,2.2
EMP0110,BR12,2026-04-23,2.0
EMP0112,BR12,2026-04-23,2.1
EMP0113,BR12,2026-04-23,2.2
EMP0114,BR12,2026-04-23,2.1
EMP0105,BR12,2026-04-24,1.9
EMP0106,BR12,2026-04-24,2.2
EMP0107,BR12,2026-04-24,2.2
EMP0110,BR12,2026-04-24,2.1
EMP0113,BR12,2026-04-24,2.0
EMP0114,BR12,2026-04-24,1.9
EMP0106,BR12,2026-04-25,1.8
EMP0107,BR12,2026-04-25,2.1
EMP0108,BR12,2026-04-25,1.8
EMP0109,BR12,2026-04-25,2.1
EMP0111,BR12,2026-04-25,2.1
EMP0112,BR12,2026-04-25,2.5
EMP0113,BR12,2026-04-25,2.3
EMP0106,BR12,2026-04-26,2.3
EMP0107,BR12,2026-04-26,1.9
EMP0108,BR12,2026-04-26,2.6
EMP0109,BR12,2026-04-26,2.1
EMP0110,BR12,2026-04-26,2.0
EMP0113,BR12,2026-04-26,2.1
EMP0105,BR12,2026-04-27,2.1
EMP0106,BR12,2026-04-27,1.9
EMP0109,BR12,2026-04-27,2.4
EMP0111,BR12,2026-04-27,2.1
EMP0112,BR12,2026-04-27,1.9
EMP0113,BR12,2026-04-27,2.1
EMP0106,BR12,2026-04-28,2.2
EMP0107,BR12,2026-04-28,2.2
EMP0108,BR12,2026-04-28,2.4
EMP0109,BR12,2026-04-28,2.4
EMP0112,BR12,2026-04-28,2.1
EMP0113,BR12,2026-04-28,2.1
EMP0114,BR12,2026-04-28,1.9
EMP0106,BR12,2026-04-29,2.1
EMP0107,BR12,2026-04-29,2.2
EMP0108,BR12,2026-04-29,2.2
EMP0110,BR12,2026-04-29,1.9
EMP0111,BR12,2026-04-29,1.9
EMP0112,BR12,2026-04-29,2.4
EMP0113,BR12,2026-04-29,1.9
EMP0114,BR12,2026-04-29,2.0
EMP0105,BR12,2026-04-30,2.1
EMP0106,BR12,2026-04-30,2.1
EMP0107,BR12,2026-04-30,2.0
EMP0109,BR12,2026-04-30,2.1
EMP0111,BR12,2026-04-30,2.2
EMP0112,BR12,2026-04-30,2.0
EMP0114,BR12,2026-04-30,2.1
EMP0106,BR12,2026-05-01,2.2
EMP0107,BR12,2026-05-01,2.1
EMP0108,BR12,2026-05-01,1.6
EMP0109,BR12,2026-05-01,2.0
EMP0112,BR12,2026-05-01,2.1
EMP0113,BR12,2026-05-01,2.4
EMP0114,BR12,2026-05-01,2.1
EMP0105,BR12,2026-05-02,1.9
EMP0107,BR12,2026-05-02,2.0
EMP0108,BR12,2026-05-02,1.7
EMP0109,BR12,2026-05-02,2.0
EMP0110,BR12,2026-05-02,2.2
EMP0111,BR12,2026-05-02,2.0
EMP0113,BR12,2026-05-02,2.0
EMP0114,BR12,2026-05-02,2.2
EMP0105,BR12,2026-05-03,1.9
EMP0106,BR12,2026-05-03,2.1
EMP0107,BR12,2026-05-03,2.3
EMP0108,BR12,2026-05-03,2.1
EMP0110,BR12,2026-05-03,2.0
EMP0112,BR12,2026-05-03,2.1
EMP0113,BR12,2026-05-03,2.1
EMP0114,BR12,2026-05-03,1.7
EMP0105,BR12,2026-05-04,2.1
EMP0106,BR12,2026-05-04,2.0
EMP0107,BR12,2026-05-04,2.1
EMP0109,BR12,2026-05-04,1.8
EMP0110,BR12,2026-05-04,2.1
EMP0111,BR12,2026-05-04,2.2
EMP0112,BR12,2026-05-04,1.8
EMP0113,BR12,2026-05-04,2.0
EMP0114,BR12,2026-05-04,2.5
EMP0105,BR12,2026-05-05,2.0
EMP0106,BR12,2026-05-05,2.1
EMP0107,BR12,2026-05-05,1.9
EMP0108,BR12,2026-05-05,2.0
EMP0110,BR12,2026-05-05,2.1
EMP0113,BR12,2026-05-05,2.0
EMP0114,BR12,2026-05-05,2.0
EMP0106,BR12,2026-05-06,2.0
EMP0107,BR12,2026-05-06,2.0
EMP0108,BR12,2026-05-06,2.0
EMP0109,BR12,2026-05-06,2.0
EMP0111,BR12,2026-05-06,2.1
EMP0112,BR12,2026-05-06,1.8
EMP0113,BR12,2026-05-06,1.9
EMP0114,BR12,2026-05-06,1.7
EMP0106,BR12,2026-05-07,2.1
EMP0107,BR12,2026-05-07,1.7
EMP0108,BR12,2026-05-07,1.7
EMP0109,BR12,2026-05-07,1.9
EMP0110,BR12,2026-05-07,2.3
EMP0111,BR12,2026-05-07,2.0
EMP0113,BR12,2026-05-07,2.1
EMP0114,BR12,2026-05-07,2.1
EMP0105,BR12,2026-05-08,1.8
EMP0106,BR12,2026-05-08,1.8
EMP0108,BR12,2026-05-08,2.0
EMP0109,BR12,2026-05-08,2.1
EMP0110,BR12,2026-05-08,1.8
EMP0111,BR12,2026-05-08,2.1
EMP0112,BR12,2026-05-08,2.0
EMP0113,BR12,2026-05-08,2.0
EMP0114,BR12,2026-05-08,2.3
EMP0105,BR12,2026-05-09,2.0
EMP0106,BR12,2026-05-09,1.9
EMP0107,BR12,2026-05-09,2.2
EMP0108,BR12,2026-05-09,2.1
EMP0109,BR12,2026-05-09,2.3
EMP0110,BR12,2026-05-09,2.1
EMP0111,BR12,2026-05-09,2.1
EMP0113,BR12,2026-05-09,2.0
EMP0107,BR12,2026-05-10,2.1
EMP0109,BR12,2026-05-10,2.1
EMP0110,BR12,2026-05-10,1.8
EMP0111,BR12,2026-05-10,2.0
EMP0112,BR12,2026-05-10,2.1
EMP0105,BR12,2026-05-11,2.3
EMP0106,BR12,2026-05-11,2.0
EMP0107,BR12,2026-05-11,1.6
EMP0108,BR12,2026-05-11,2.1
EMP0110,BR12,2026-05-11,2.4
EMP0111,BR12,2026-05-11,2.1
EMP0112,BR12,2026-05-11,2.0
EMP0113,BR12,2026-05-11,1.8
EMP0114,BR12,2026-05-11,1.8
EMP0105,BR12,2026-05-12,1.9
EMP0106,BR12,2026-05-12,2.0
EMP0107,BR12,2026-05-12,1.8
EMP0108,BR12,2026-05-12,2.0
EMP0109,BR12,2026-05-12,2.0
EMP0110,BR12,2026-05-12,2.3
EMP0111,BR12,2026-05-12,2.4
EMP0112,BR12,2026-05-12,2.2
EMP0113,BR12,2026-05-12,2.2
EMP0105,BR12,2026-05-13,2.0
EMP0108,BR12,2026-05-13,2.1
EMP0109,BR12,2026-05-13,2.4
EMP0110,BR12,2026-05-13,1.9
EMP0111,BR12,2026-05-13,2.2
EMP0112,BR12,2026-05-13,2.2
EMP0113,BR12,2026-05-13,1.9
EMP0106,BR12,2026-05-14,2.1
EMP0110,BR12,2026-05-14,1.8
EMP0112,BR12,2026-05-14,2.3
EMP0114,BR12,2026-05-14,2.2
EMP0106,BR12,2026-05-15,1.9
EMP0107,BR12,2026-05-15,1.9
EMP0108,BR12,2026-05-15,1.8
EMP0109,BR12,2026-05-15,1.9
EMP0110,BR12,2026-05-15,2.5
EMP0111,BR12,2026-05-15,2.1
EMP0112,BR12,2026-05-15,2.2
EMP0113,BR12,2026-05-15,2.2
EMP0114,BR12,2026-05-15,2.5
EMP0105,BR12,2026-05-16,2.1
EMP0106,BR12,2026-05-16,2.0
EMP0107,BR12,2026-05-16,2.1
EMP0110,BR12,2026-05-16,1.5
EMP0111,BR12,2026-05-16,2.5
EMP0112,BR12,2026-05-16,2.0
EMP0113,BR12,2026-05-16,2.2
EMP0114,BR12,2026-05-16,2.1
EMP0105,BR12,2026-05-17,2.3
EMP0106,BR12,2026-05-17,2.3
EMP0109,BR12,2026-05-17,2.3
EMP0110,BR12,2026-05-17,1.9
EMP0111,BR12,2026-05-17,2.6
EMP0112,BR12,2026-05-17,2.1
EMP0113,BR12,2026-05-17,2.1
EMP0106,BR12,2026-05-18,1.9
EMP0107,BR12,2026-05-18,2.1
EMP0108,BR12,2026-05-18,1.9
EMP0110,BR12,2026-05-18,1.9
EMP0111,BR12,2026-05-18,2.2
EMP0112,BR12,2026-05-18,2.1
EMP0114,BR12,2026-05-18,1.8
EMP0107,BR12,2026-05-19,2.1
EMP0108,BR12,2026-05-19,1.9
EMP0109,BR12,2026-05-19,2.0
EMP0110,BR12,2026-05-19,1.9
EMP0111,BR12,2026-05-19,1.9
EMP0113,BR12,2026-05-19,1.8
EMP0106,BR12,2026-05-20,1.8
EMP0107,BR12,2026-05-20,2.4
EMP0108,BR12,2026-05-20,2.1
EMP0109,BR12,2026-05-20,2.1
EMP0111,BR12,2026-05-20,2.4
EMP0113,BR12,2026-05-20,2.0
EMP0107,BR12,2026-05-21,2.0
EMP0108,BR12,2026-05-21,1.9
EMP0110,BR12,2026-05-21,2.3
EMP0111,BR12,2026-05-21,2.1
EMP0112,BR12,2026-05-21,1.9
EMP0114,BR12,2026-05-21,2.5
EMP0106,BR12,2026-05-22,2.1
EMP0109,BR12,2026-05-22,2.1
EMP0110,BR12,2026-05-22,2.1
EMP0111,BR12,2026-05-22,1.7
EMP0112,BR12,2026-05-22,1.9
EMP0113,BR12,2026-05-22,1.9
EMP0105,BR12,2026-05-23,2.1
EMP0107,BR12,2026-05-23,2.3
EMP0108,BR12,2026-05-23,1.7
EMP0110,BR12,2026-05-23,1.4
EMP0113,BR12,2026-05-23,1.8
EMP0105,BR12,2026-05-24,1.9
EMP0107,BR12,2026-05-24,2.1
EMP0109,BR12,2026-05-24,2.0
EMP0110,BR12,2026-05-24,2.2
EMP0111,BR12,2026-05-24,2.3
EMP0112,BR12,2026-05-24,2.4
EMP0113,BR12,2026-05-24,2.1
EMP0105,BR12,2026-05-25,2.3
EMP0106,BR12,2026-05-25,2.5
EMP0107,BR12,2026-05-25,2.2
EMP0108,BR12,2026-05-25,2.1
EMP0109,BR12,2026-05-25,1.8
EMP0112,BR12,2026-05-25,2.1
EMP0113,BR12,2026-05-25,2.4
EMP0105,BR12,2026-05-26,2.3
EMP0106,BR12,2026-05-26,2.1
EMP0107,BR12,2026-05-26,2.0
EMP0108,BR12,2026-05-26,1.9
EMP0109,BR12,2026-05-26,2.0
EMP0110,BR12,2026-05-26,1.9
EMP0111,BR12,2026-05-26,2.2
EMP0112,BR12,2026-05-26,1.9
EMP0113,BR12,2026-05-26,1.8
EMP0114,BR12,2026-05-26,1.9
EMP0105,BR12,2026-05-27,1.9
EMP0106,BR12,2026-05-27,2.0
EMP0108,BR12,2026-05-27,2.3
EMP0110,BR12,2026-05-27,2.2
EMP0111,BR12,2026-05-27,2.0
EMP0113,BR12,2026-05-27,1.8
EMP0114,BR12,2026-05-27,1.9
EMP0105,BR12,2026-05-28,2.2
EMP0106,BR12,2026-05-28,2.1
EMP0107,BR12,2026-05-28,1.8
EMP0108,BR12,2026-05-28,2.1
EMP0110,BR12,2026-05-28,1.9
EMP0111,BR12,2026-05-28,1.8
EMP0113,BR12,2026-05-28,1.8
EMP0114,BR12,2026-05-28,2.1
EMP0105,BR12,2026-05-29,1.8
EMP0106,BR12,2026-05-29,2.0
EMP0107,BR12,2026-05-29,2.2
EMP0108,BR12,2026-05-29,2.5
EMP0109,BR12,2026-05-29,2.1
EMP0110,BR12,2026-05-29,2.0
EMP0111,BR12,2026-05-29,2.2
EMP0112,BR12,2026-05-29,2.2
EMP0113,BR12,2026-05-29,1.9
EMP0114,BR12,2026-05-29,2.0
EMP0105,BR12,2026-05-30,2.1
EMP0108,BR12,2026-05-30,1.9
EMP0109,BR12,2026-05-30,2.3
EMP0110,BR12,2026-05-30,2.2
EMP0112,BR12,2026-05-30,2.2
EMP0114,BR12,2026-05-30,2.1
EMP0105,BR12,2026-05-31,1.7
EMP0108,BR12,2026-05-31,2.0
EMP0110,BR12,2026-05-31,2.0
EMP0111,BR12,2026-05-31,1.9
EMP0112,BR12,2026-05-31,2.2
EMP0113,BR12,2026-05-31,1.7
EMP0114,BR12,2026-05-31,2.2
EMP0105,BR12,2026-06-01,1.7
EMP0106,BR12,2026-06-01,1.9
EMP0107,BR12,2026-06-01,2.0
EMP0108,BR12,2026-06-01,1.8
EMP0110,BR12,2026-06-01,1.7
EMP0111,BR12,2026-06-01,1.8
EMP0112,BR12,2026-06-01,2.1
EMP0114,BR12,2026-06-01,1.7
EMP0106,BR12,2026-06-02,1.7
EMP0107,BR12,2026-06-02,1.8
EMP0108,BR12,2026-06-02,1.6
EMP0109,BR12,2026-06-02,2.0
EMP0110,BR12,2026-06-02,2.0
EMP0113,BR12,2026-06-02,1.6
EMP0105,BR12,2026-06-03,1.8
EMP0106,BR12,2026-06-03,1.9
EMP0107,BR12,2026-06-03,1.9
EMP0111,BR12,2026-06-03,1.7
EMP0112,BR12,2026-06-03,1.9
EMP0113,BR12,2026-06-03,1.6
EMP0114,BR12,2026-06-03,2.1
EMP0105,BR12,2026-06-04,1.7
EMP0106,BR12,2026-06-04,1.7
EMP0107,BR12,2026-06-04,1.9
EMP0108,BR12,2026-06-04,1.8
EMP0110,BR12,2026-06-04,2.0
EMP0111,BR12,2026-06-04,1.6
EMP0112,BR12,2026-06-04,1.4
EMP0113,BR12,2026-06-04,1.7
EMP0114,BR12,2026-06-04,1.5
EMP0105,BR12,2026-06-05,1.9
EMP0106,BR12,2026-06-05,1.7
EMP0107,BR12,2026-06-05,1.5
EMP0108,BR12,2026-06-05,1.9
EMP0110,BR12,2026-06-05,1.8
EMP0111,BR12,2026-06-05,1.7
EMP0112,BR12,2026-06-05,1.7
EMP0113,BR12,2026-06-05,1.6
EMP0114,BR12,2026-06-05,1.7
EMP0107,BR12,2026-06-06,1.9
EMP0108,BR12,2026-06-06,1.7
EMP0109,BR12,2026-06-06,1.9
EMP0110,BR12,2026-06-06,2.1
EMP0112,BR12,2026-06-06,1.7
EMP0113,BR12,2026-06-06,2.0
EMP0107,BR12,2026-06-07,1.7
EMP0108,BR12,2026-06-07,2.1
EMP0109,BR12,2026-06-07,1.7
EMP0110,BR12,2026-06-07,1.7
EMP0111,BR12,2026-06-07,1.8
EMP0112,BR12,2026-06-07,1.7
EMP0113,BR12,2026-06-07,1.6
EMP0114,BR12,2026-06-07,2.0
EMP0105,BR12,2026-06-08,1.7
EMP0106,BR12,2026-06-08,1.5
EMP0108,BR12,2026-06-08,2.0
EMP0109,BR12,2026-06-08,1.8
EMP0110,BR12,2026-06-08,2.0
EMP0112,BR12,2026-06-08,1.7
EMP0113,BR12,2026-06-08,1.7
EMP0114,BR12,2026-06-08,1.7
EMP0107,BR12,2026-06-09,1.8
EMP0108,BR12,2026-06-09,1.8
EMP0109,BR12,2026-06-09,1.7
EMP0112,BR12,2026-06-09,1.8
EMP0113,BR12,2026-06-09,1.9
EMP0114,BR12,2026-06-09,1.7
EMP0105,BR12,2026-06-10,1.7
EMP0106,BR12,2026-06-10,1.9
EMP0107,BR12,2026-06-10,1.7
EMP0108,BR12,2026-06-10,1.6
EMP0109,BR12,2026-06-10,1.7
EMP0110,BR12,2026-06-10,1.9
EMP0113,BR12,2026-06-10,1.9
EMP0114,BR12,2026-06-10,2.0
EMP0105,BR12,2026-06-11,2.0
EMP0106,BR12,2026-06-11,2.1
EMP0108,BR12,2026-06-11,1.5
EMP0109,BR12,2026-06-11,1.6
EMP0110,BR12,2026-06-11,2.0
EMP0111,BR12,2026-06-11,1.6
EMP0112,BR12,2026-06-11,2.0
EMP0113,BR12,2026-06-11,2.0
EMP0105,BR12,2026-06-12,1.6
EMP0106,BR12,2026-06-12,1.6
EMP0108,BR12,2026-06-12,1.6
EMP0109,BR12,2026-06-12,1.3
EMP0110,BR12,2026-06-12,1.6
EMP0111,BR12,2026-06-12,1.7
EMP0112,BR12,2026-06-12,1.8
EMP0113,BR12,2026-06-12,1.6
EMP0105,BR12,2026-06-13,1.8
EMP0106,BR12,2026-06-13,1.6
EMP0107,BR12,2026-06-13,1.7
EMP0108,BR12,2026-06-13,1.6
EMP0109,BR12,2026-06-13,1.5
EMP0110,BR12,2026-06-13,1.8
EMP0111,BR12,2026-06-13,1.6
EMP0112,BR12,2026-06-13,1.5
EMP0105,BR12,2026-06-14,2.0
EMP0106,BR12,2026-06-14,1.6
EMP0107,BR12,2026-06-14,2.3
EMP0108,BR12,2026-06-14,1.9
EMP0109,BR12,2026-06-14,1.8
EMP0110,BR12,2026-06-14,1.5
EMP0111,BR12,2026-06-14,1.8
EMP0114,BR12,2026-06-14,1.6
EMP0105,BR12,2026-06-15,1.8
EMP0106,BR12,2026-06-15,2.1
EMP0108,BR12,2026-06-15,1.7
EMP0109,BR12,2026-06-15,1.8
EMP0110,BR12,2026-06-15,1.6
EMP0111,BR12,2026-06-15,1.6
EMP0112,BR12,2026-06-15,1.7
EMP0113,BR12,2026-06-15,1.7
EMP0114,BR12,2026-06-15,1.6
EMP0105,BR12,2026-06-16,2.0
EMP0107,BR12,2026-06-16,1.8
EMP0108,BR12,2026-06-16,2.0
EMP0109,BR12,2026-06-16,1.8
EMP0110,BR12,2026-06-16,1.6
EMP0112,BR12,2026-06-16,1.8
EMP0114,BR12,2026-06-16,1.4
EMP0105,BR12,2026-06-17,1.9
EMP0108,BR12,2026-06-17,1.8
EMP0109,BR12,2026-06-17,1.9
EMP0111,BR12,2026-06-17,2.0
EMP0113,BR12,2026-06-17,1.5
EMP0114,BR12,2026-06-17,1.6
EMP0105,BR12,2026-06-18,1.8
EMP0106,BR12,2026-06-18,1.8
EMP0108,BR12,2026-06-18,2.0
EMP0109,BR12,2026-06-18,2.0
EMP0110,BR12,2026-06-18,1.9
EMP0111,BR12,2026-06-18,1.5
EMP0112,BR12,2026-06-18,1.8
EMP0113,BR12,2026-06-18,1.6
EMP0114,BR12,2026-06-18,1.8
EMP0105,BR12,2026-06-19,1.8
EMP0106,BR12,2026-06-19,1.7
EMP0107,BR12,2026-06-19,1.9
EMP0109,BR12,2026-06-19,1.9
EMP0110,BR12,2026-06-19,1.8
EMP0111,BR12,2026-06-19,1.5
EMP0112,BR12,2026-06-19,1.5
EMP0114,BR12,2026-06-19,1.7
EMP0105,BR12,2026-06-20,1.7
EMP0106,BR12,2026-06-20,1.8
EMP0109,BR12,2026-06-20,2.0
EMP0110,BR12,2026-06-20,1.5
EMP0111,BR12,2026-06-20,1.7
EMP0113,BR12,2026-06-20,1.7
EMP0114,BR12,2026-06-20,1.9
EMP0106,BR12,2026-06-21,1.7
EMP0108,BR12,2026-06-21,1.8
EMP0110,BR12,2026-06-21,1.7
EMP0111,BR12,2026-06-21,2.1
EMP0113,BR12,2026-06-21,2.1
EMP0114,BR12,2026-06-21,1.4
EMP0105,BR12,2026-06-22,1.6
EMP0106,BR12,2026-06-22,1.7
EMP0107,BR12,2026-06-22,1.9
EMP0108,BR12,2026-06-22,1.6
EMP0109,BR12,2026-06-22,2.0
EMP0111,BR12,2026-06-22,1.8
EMP0112,BR12,2026-06-22,2.0
EMP0113,BR12,2026-06-22,1.8
EMP0114,BR12,2026-06-22,1.9
EMP0105,BR12,2026-06-23,1.7
EMP0106,BR12,2026-06-23,1.6
EMP0107,BR12,2026-06-23,1.6
EMP0108,BR12,2026-06-23,2.0
EMP0109,BR12,2026-06-23,1.7
EMP0111,BR12,2026-06-23,2.0
EMP0112,BR12,2026-06-23,1.2
EMP0113,BR12,2026-06-23,1.8
EMP0114,BR12,2026-06-23,1.9
EMP0105,BR12,2026-06-24,1.7
EMP0106,BR12,2026-06-24,1.8
EMP0107,BR12,2026-06-24,2.0
EMP0108,BR12,2026-06-24,1.7
EMP0113,BR12,2026-06-24,1.6
EMP0114,BR12,2026-06-24,1.7
EMP0105,BR12,2026-06-25,1.5
EMP0107,BR12,2026-06-25,1.8
EMP0108,BR12,2026-06-25,1.3
EMP0110,BR12,2026-06-25,1.6
EMP0111,BR12,2026-06-25,1.5
EMP0112,BR12,2026-06-25,1.7
EMP0114,BR12,2026-06-25,1.8
EMP0105,BR12,2026-06-26,1.5
EMP0106,BR12,2026-06-26,1.6
EMP0107,BR12,2026-06-26,1.6
EMP0109,BR12,2026-06-26,1.7
EMP0110,BR12,2026-06-26,1.6
EMP0111,BR12,2026-06-26,1.8
EMP0113,BR12,2026-06-26,2.0
EMP0114,BR12,2026-06-26,1.4
EMP0105,BR12,2026-06-27,2.1
EMP0106,BR12,2026-06-27,1.7
EMP0107,BR12,2026-06-27,1.8
EMP0109,BR12,2026-06-27,1.9
EMP0113,BR12,2026-06-27,2.0
EMP0114,BR12,2026-06-27,2.0
EMP0105,BR12,2026-06-28,1.9
EMP0107,BR12,2026-06-28,1.7
EMP0108,BR12,2026-06-28,1.8
EMP0109,BR12,2026-06-28,2.0
EMP0110,BR12,2026-06-28,1.8
EMP0113,BR12,2026-06-28,1.8
EMP0114,BR12,2026-06-28,1.7
EMP0105,BR12,2026-06-29,1.6
EMP0106,BR12,2026-06-29,1.9
EMP0107,BR12,2026-06-29,1.6
EMP0108,BR12,2026-06-29,2.0
EMP0109,BR12,2026-06-29,1.9
EMP0110,BR12,2026-06-29,1.6
EMP0112,BR12,2026-06-29,1.8
EMP0106,BR12,2026-06-30,1.8
EMP0109,BR12,2026-06-30,1.6
EMP0110,BR12,2026-06-30,2.0
EMP0113,BR12,2026-06-30,1.5
EMP0114,BR12,2026-06-30,1.9
EMP0105,BR12,2026-07-01,2.1
EMP0106,BR12,2026-07-01,1.8
EMP0107,BR12,2026-07-01,1.7
EMP0108,BR12,2026-07-01,2.0
EMP0109,BR12,2026-07-01,2.0
EMP0110,BR12,2026-07-01,2.1
EMP0111,BR12,2026-07-01,2.0
EMP0112,BR12,2026-07-01,1.9
EMP0113,BR12,2026-07-01,2.0
EMP0114,BR12,2026-07-01,1.7
EMP0106,BR12,2026-07-02,1.9
EMP0107,BR12,2026-07-02,2.2
EMP0108,BR12,2026-07-02,1.5
EMP0111,BR12,2026-07-02,1.8
EMP0113,BR12,2026-07-02,2.0
EMP0114,BR12,2026-07-02,1.8
EMP0105,BR12,2026-07-03,1.9
EMP0106,BR12,2026-07-03,2.0
EMP0107,BR12,2026-07-03,1.7
EMP0109,BR12,2026-07-03,2.0
EMP0110,BR12,2026-07-03,2.2
EMP0111,BR12,2026-07-03,2.2
EMP0112,BR12,2026-07-03,2.0
EMP0113,BR12,2026-07-03,1.9
EMP0105,BR12,2026-07-04,2.0
EMP0107,BR12,2026-07-04,1.9
EMP0109,BR12,2026-07-04,2.1
EMP0112,BR12,2026-07-04,2.0
EMP0113,BR12,2026-07-04,1.7
EMP0114,BR12,2026-07-04,1.9
EMP0105,BR12,2026-07-05,2.1
EMP0107,BR12,2026-07-05,2.0
EMP0108,BR12,2026-07-05,2.0
EMP0109,BR12,2026-07-05,2.1
EMP0110,BR12,2026-07-05,1.5
EMP0111,BR12,2026-07-05,2.1
EMP0112,BR12,2026-07-05,2.1
EMP0114,BR12,2026-07-05,2.2
EMP0105,BR12,2026-07-06,1.8
EMP0106,BR12,2026-07-06,2.1
EMP0108,BR12,2026-07-06,1.9
EMP0109,BR12,2026-07-06,1.9
EMP0110,BR12,2026-07-06,1.8
EMP0111,BR12,2026-07-06,1.8
EMP0112,BR12,2026-07-06,1.7
EMP0113,BR12,2026-07-06,2.0
EMP0114,BR12,2026-07-06,1.9
EMP0106,BR12,2026-07-07,1.9
EMP0108,BR12,2026-07-07,2.0
EMP0109,BR12,2026-07-07,1.9
EMP0111,BR12,2026-07-07,1.8
EMP0112,BR12,2026-07-07,2.2
EMP0113,BR12,2026-07-07,1.7
EMP0114,BR12,2026-07-07,2.4
EMP0105,BR12,2026-07-08,2.1
EMP0106,BR12,2026-07-08,1.9
EMP0108,BR12,2026-07-08,2.0
EMP0110,BR12,2026-07-08,2.0
EMP0111,BR12,2026-07-08,1.8
EMP0112,BR12,2026-07-08,2.1
EMP0113,BR12,2026-07-08,1.9
EMP0114,BR12,2026-07-08,1.6
EMP0105,BR12,2026-07-09,1.8
EMP0107,BR12,2026-07-09,2.1
EMP0111,BR12,2026-07-09,2.3
EMP0114,BR12,2026-07-09,1.7
EMP0105,BR12,2026-07-10,2.3
EMP0106,BR12,2026-07-10,1.9
EMP0107,BR12,2026-07-10,1.9
EMP0108,BR12,2026-07-10,2.0
EMP0109,BR12,2026-07-10,1.8
EMP0110,BR12,2026-07-10,2.0
EMP0111,BR12,2026-07-10,2.0
EMP0113,BR12,2026-07-10,1.9
EMP0114,BR12,2026-07-10,2.1
EMP0105,BR12,2026-07-11,1.8
EMP0107,BR12,2026-07-11,1.8
EMP0109,BR12,2026-07-11,1.9
EMP0110,BR12,2026-07-11,2.1
EMP0111,BR12,2026-07-11,2.2
EMP0112,BR12,2026-07-11,1.9
EMP0113,BR12,2026-07-11,2.1
EMP0114,BR12,2026-07-11,1.9
EMP0106,BR12,2026-07-12,2.1
EMP0107,BR12,2026-07-12,1.6
EMP0108,BR12,2026-07-12,1.6
EMP0109,BR12,2026-07-12,2.1
EMP0111,BR12,2026-07-12,1.9
EMP0112,BR12,2026-07-12,1.9
EMP0114,BR12,2026-07-12,1.7
EMP0109,BR12,2026-07-13,2.1
EMP0110,BR12,2026-07-13,1.6
EMP0112,BR12,2026-07-13,2.0
EMP0114,BR12,2026-07-13,1.8
EMP0106,BR12,2026-07-14,2.0
EMP0107,BR12,2026-07-14,2.0
EMP0108,BR12,2026-07-14,2.2
EMP0109,BR12,2026-07-14,1.8
EMP0110,BR12,2026-07-14,2.2
EMP0111,BR12,2026-07-14,2.4
EMP0112,BR12,2026-07-14,1.7
EMP0113,BR12,2026-07-14,1.8
EMP0114,BR12,2026-07-14,1.7
EMP0105,BR12,2026-07-15,1.6
EMP0106,BR12,2026-07-15,1.8
EMP0108,BR12,2026-07-15,2.0
EMP0109,BR12,2026-07-15,2.1
EMP0110,BR12,2026-07-15,1.9
EMP0111,BR12,2026-07-15,2.1
EMP0112,BR12,2026-07-15,1.8
EMP0113,BR12,2026-07-15,1.8
EMP0114,BR12,2026-07-15,1.9
EMP0108,BR12,2026-07-16,2.0
EMP0109,BR12,2026-07-16,2.0
EMP0112,BR12,2026-07-16,2.3
EMP0114,BR12,2026-07-16,1.9
EMP0106,BR12,2026-07-17,2.3
EMP0107,BR12,2026-07-17,1.9
EMP0109,BR12,2026-07-17,2.2
EMP0110,BR12,2026-07-17,2.0
EMP0111,BR12,2026-07-17,1.9
EMP0112,BR12,2026-07-17,1.9
EMP0113,BR12,2026-07-17,1.6
EMP0114,BR12,2026-07-17,1.8
EMP0105,BR12,2026-07-18,2.2
EMP0108,BR12,2026-07-18,2.2
EMP0109,BR12,2026-07-18,2.3
EMP0110,BR12,2026-07-18,2.0
EMP0111,BR12,2026-07-18,2.2
EMP0112,BR12,2026-07-18,2.2
EMP0113,BR12,2026-07-18,1.9
EMP0114,BR12,2026-07-18,1.7
EMP0105,BR12,2026-07-19,1.9
EMP0106,BR12,2026-07-19,2.0
EMP0107,BR12,2026-07-19,1.7
EMP0108,BR12,2026-07-19,2.1
EMP0109,BR12,2026-07-19,2.0
EMP0110,BR12,2026-07-19,1.8
EMP0111,BR12,2026-07-19,2.0
EMP0114,BR12,2026-07-19,1.9
EMP0105,BR12,2026-07-20,1.9
EMP0107,BR12,2026-07-20,1.9
EMP0109,BR12,2026-07-20,2.2
EMP0110,BR12,2026-07-20,2.0
EMP0112,BR12,2026-07-20,2.1
EMP0113,BR12,2026-07-20,2.4
EMP0114,BR12,2026-07-20,1.9
EMP0106,BR12,2026-07-21,2.4
EMP0107,BR12,2026-07-21,2.3
EMP0108,BR12,2026-07-21,1.7
EMP0110,BR12,2026-07-21,2.0
EMP0111,BR12,2026-07-21,2.2
EMP0112,BR12,2026-07-21,1.9
EMP0113,BR12,2026-07-21,2.2
EMP0114,BR12,2026-07-21,2.1
EMP0105,BR12,2026-07-22,2.1
EMP0106,BR12,2026-07-22,2.0
EMP0107,BR12,2026-07-22,2.0
EMP0108,BR12,2026-07-22,1.8
EMP0110,BR12,2026-07-22,2.2
EMP0111,BR12,2026-07-22,1.8
EMP0112,BR12,2026-07-22,2.3
EMP0113,BR12,2026-07-22,2.0
EMP0105,BR12,2026-07-23,2.2
EMP0106,BR12,2026-07-23,2.2
EMP0107,BR12,2026-07-23,2.1
EMP0108,BR12,2026-07-23,2.0
EMP0109,BR12,2026-07-23,2.0
EMP0110,BR12,2026-07-23,2.3
EMP0111,BR12,2026-07-23,1.8
EMP0112,BR12,2026-07-23,1.7
EMP0114,BR12,2026-07-23,1.9
EMP0106,BR12,2026-07-24,2.3
EMP0108,BR12,2026-07-24,1.8
EMP0110,BR12,2026-07-24,2.1
EMP0111,BR12,2026-07-24,1.8
EMP0112,BR12,2026-07-24,2.1
EMP0113,BR12,2026-07-24,1.6
EMP0106,BR12,2026-07-25,1.9
EMP0108,BR12,2026-07-25,2.0
EMP0109,BR12,2026-07-25,1.9
EMP0111,BR12,2026-07-25,1.9
EMP0112,BR12,2026-07-25,1.9
EMP0113,BR12,2026-07-25,2.0
EMP0114,BR12,2026-07-25,1.6
EMP0105,BR12,2026-07-26,2.0
EMP0107,BR12,2026-07-26,2.1
EMP0108,BR12,2026-07-26,2.3
EMP0109,BR12,2026-07-26,2.2
EMP0110,BR12,2026-07-26,2.1
EMP0111,BR12,2026-07-26,1.9
EMP0112,BR12,2026-07-26,2.0
EMP0113,BR12,2026-07-26,2.1
EMP0114,BR12,2026-07-26,1.9
EMP0106,BR12,2026-07-27,2.2
EMP0107,BR12,2026-07-27,1.9
EMP0108,BR12,2026-07-27,1.8
EMP0110,BR12,2026-07-27,2.0
EMP0112,BR12,2026-07-27,2.0
EMP0113,BR12,2026-07-27,2.2
EMP0114,BR12,2026-07-27,1.9
EMP0105,BR12,2026-07-28,1.9
EMP0106,BR12,2026-07-28,2.4
EMP0111,BR12,2026-07-28,1.9
EMP0112,BR12,2026-07-28,1.9
EMP0114,BR12,2026-07-28,2.0
EMP0105,BR12,2026-07-29,2.1
EMP0107,BR12,2026-07-29,2.1
EMP0109,BR12,2026-07-29,2.0
EMP0111,BR12,2026-07-29,2.1
EMP0112,BR12,2026-07-29,2.1
EMP0113,BR12,2026-07-29,2.4
EMP0114,BR12,2026-07-29,2.3
EMP0105,BR12,2026-07-30,2.0
EMP0107,BR12,2026-07-30,2.0
EMP0109,BR12,2026-07-30,2.0
EMP0110,BR12,2026-07-30,2.2
EMP0111,BR12,2026-07-30,2.2
EMP0112,BR12,2026-07-30,2.1
EMP0113,BR12,2026-07-30,1.9
EMP0105,BR12,2026-07-31,1.7
EMP0109,BR12,2026-07-31,2.0
EMP0110,BR12,2026-07-31,2.3
EMP0112,BR12,2026-07-31,2.0
EMP0113,BR12,2026-07-31,1.8
EMP0114,BR12,2026-07-31,2.1
EMP0107,BR12,2026-08-01,1.9
EMP0109,BR12,2026-08-01,2.5
EMP0110,BR12,2026-08-01,2.0
EMP0111,BR12,2026-08-01,1.9
EMP0112,BR12,2026-08-01,2.0
EMP0113,BR12,2026-08-01,1.8
EMP0114,BR12,2026-08-01,1.9
EMP0105,BR12,2026-08-02,2.1
EMP0106,BR12,2026-08-02,2.4
EMP0108,BR12,2026-08-02,2.3
EMP0109,BR12,2026-08-02,2.3
EMP0112,BR12,2026-08-02,2.3
EMP0113,BR12,2026-08-02,2.1
EMP0114,BR12,2026-08-02,1.7
EMP0107,BR12,2026-08-03,2.3
EMP0109,BR12,2026-08-03,2.2
EMP0110,BR12,2026-08-03,1.7
EMP0111,BR12,2026-08-03,1.9
EMP0112,BR12,2026-08-03,2.2
EMP0113,BR12,2026-08-03,1.9
EMP0114,BR12,2026-08-03,2.6
EMP0106,BR12,2026-08-04,2.0
EMP0107,BR12,2026-08-04,2.1
EMP0108,BR12,2026-08-04,2.2
EMP0110,BR12,2026-08-04,2.3
EMP0111,BR12,2026-08-04,2.0
EMP0112,BR12,2026-08-04,2.3
EMP0113,BR12,2026-08-04,2.4
EMP0114,BR12,2026-08-04,2.2
EMP0105,BR12,2026-08-05,2.0
EMP0107,BR12,2026-08-05,1.8
EMP0108,BR12,2026-08-05,2.2
EMP0109,BR12,2026-08-05,2.1
EMP0110,BR12,2026-08-05,2.0
EMP0112,BR12,2026-08-05,1.6
EMP0114,BR12,2026-08-05,2.1
EMP0106,BR12,2026-08-06,1.9
EMP0108,BR12,2026-08-06,2.3
EMP0109,BR12,2026-08-06,2.1
EMP0110,BR12,2026-08-06,2.0
EMP0111,BR12,2026-08-06,2.4
EMP0113,BR12,2026-08-06,2.0
EMP0114,BR12,2026-08-06,1.8
EMP0105,BR12,2026-08-07,1.8
EMP0107,BR12,2026-08-07,1.6
EMP0110,BR12,2026-08-07,2.1
EMP0114,BR12,2026-08-07,1.9
EMP0107,BR12,2026-08-08,2.2
EMP0108,BR12,2026-08-08,2.1
EMP0109,BR12,2026-08-08,1.7
EMP0110,BR12,2026-08-08,2.1
EMP0111,BR12,2026-08-08,2.0
EMP0113,BR12,2026-08-08,2.1
EMP0114,BR12,2026-08-08,2.2
EMP0105,BR12,2026-08-09,2.0
EMP0106,BR12,2026-08-09,2.1
EMP0107,BR12,2026-08-09,2.4
EMP0108,BR12,2026-08-09,2.2
EMP0109,BR12,2026-08-09,1.9
EMP0110,BR12,2026-08-09,2.3
EMP0112,BR12,2026-08-09,2.1
EMP0113,BR12,2026-08-09,1.7
EMP0114,BR12,2026-08-09,1.8
EMP0105,BR12,2026-08-10,1.8
EMP0106,BR12,2026-08-10,1.9
EMP0107,BR12,2026-08-10,2.1
EMP0108,BR12,2026-08-10,1.8
EMP0109,BR12,2026-08-10,2.1
EMP0111,BR12,2026-08-10,2.0
EMP0113,BR12,2026-08-10,2.5
EMP0114,BR12,2026-08-10,2.1
EMP0106,BR12,2026-08-11,2.0
EMP0107,BR12,2026-08-11,2.0
EMP0108,BR12,2026-08-11,1.9
EMP0109,BR12,2026-08-11,2.2
EMP0110,BR12,2026-08-11,2.2
EMP0112,BR12,2026-08-11,2.1
EMP0114,BR12,2026-08-11,2.1
EMP0107,BR12,2026-08-12,2.0
EMP0108,BR12,2026-08-12,1.5
EMP0109,BR12,2026-08-12,2.0
EMP0111,BR12,2026-08-12,1.9
EMP0112,BR12,2026-08-12,1.7
EMP0113,BR12,2026-08-12,2.0
EMP0114,BR12,2026-08-12,2.3
EMP0105,BR12,2026-08-13,1.8
EMP0106,BR12,2026-08-13,2.4
EMP0107,BR12,2026-08-13,1.9
EMP0108,BR12,2026-08-13,1.9
EMP0110,BR12,2026-08-13,1.9
EMP0111,BR12,2026-08-13,2.3
EMP0113,BR12,2026-08-13,2.1
EMP0114,BR12,2026-08-13,2.2
EMP0105,BR12,2026-08-14,2.1
EMP0107,BR12,2026-08-14,2.2
EMP0108,BR12,2026-08-14,1.7
EMP0109,BR12,2026-08-14,2.0
EMP0110,BR12,2026-08-14,2.2
EMP0111,BR12,2026-08-14,2.0
EMP0112,BR12,2026-08-14,1.9
EMP0114,BR12,2026-08-14,2.1
EMP0105,BR12,2026-08-15,2.0
EMP0106,BR12,2026-08-15,2.0
EMP0108,BR12,2026-08-15,2.4
EMP0109,BR12,2026-08-15,2.0
EMP0110,BR12,2026-08-15,2.1
EMP0111,BR12,2026-08-15,2.3
EMP0112,BR12,2026-08-15,1.7
EMP0114,BR12,2026-08-15,2.0
EMP0105,BR12,2026-08-16,1.8
EMP0106,BR12,2026-08-16,1.9
EMP0107,BR12,2026-08-16,2.2
EMP0108,BR12,2026-08-16,2.2
EMP0109,BR12,2026-08-16,2.0
EMP0110,BR12,2026-08-16,2.4
EMP0111,BR12,2026-08-16,2.0
EMP0112,BR12,2026-08-16,2.3
EMP0113,BR12,2026-08-16,2.0
EMP0114,BR12,2026-08-16,1.9
EMP0105,BR12,2026-08-17,2.0
EMP0106,BR12,2026-08-17,2.2
EMP0107,BR12,2026-08-17,2.2
EMP0108,BR12,2026-08-17,2.1
EMP0110,BR12,2026-08-17,2.3
EMP0111,BR12,2026-08-17,2.1
EMP0113,BR12,2026-08-17,1.9
EMP0114,BR12,2026-08-17,1.9
EMP0105,BR12,2026-08-18,2.1
EMP0107,BR12,2026-08-18,2.5
EMP0108,BR12,2026-08-18,2.1
EMP0109,BR12,2026-08-18,2.4
EMP0110,BR12,2026-08-18,2.1
EMP0111,BR12,2026-08-18,2.1
EMP0112,BR12,2026-08-18,2.0
EMP0113,BR12,2026-08-18,2.0
EMP0114,BR12,2026-08-18,1.7
EMP0105,BR12,2026-08-19,2.5
EMP0106,BR12,2026-08-19,2.3
EMP0107,BR12,2026-08-19,2.0
EMP0108,BR12,2026-08-19,2.1
EMP0111,BR12,2026-08-19,1.9
EMP0112,BR12,2026-08-19,2.0
EMP0113,BR12,2026-08-19,2.1
EMP0105,BR12,2026-08-20,2.3
EMP0106,BR12,2026-08-20,2.1
EMP0107,BR12,2026-08-20,2.1
EMP0108,BR12,2026-08-20,2.0
EMP0109,BR12,2026-08-20,1.8
EMP0110,BR12,2026-08-20,2.4
EMP0111,BR12,2026-08-20,1.9
EMP0112,BR12,2026-08-20,2.3
EMP0113,BR12,2026-08-20,2.1
EMP0114,BR12,2026-08-20,2.0
EMP0106,BR12,2026-08-21,1.8
EMP0107,BR12,2026-08-21,2.0
EMP0108,BR12,2026-08-21,2.2
EMP0110,BR12,2026-08-21,2.0
EMP0111,BR12,2026-08-21,2.2
EMP0112,BR12,2026-08-21,1.9
EMP0113,BR12,2026-08-21,1.9
EMP0114,BR12,2026-08-21,2.1
EMP0106,BR12,2026-08-22,2.2
EMP0108,BR12,2026-08-22,2.3
EMP0109,BR12,2026-08-22,2.0
EMP0110,BR12,2026-08-22,1.8
EMP0111,BR12,2026-08-22,2.0
EMP0112,BR12,2026-08-22,2.3
EMP0113,BR12,2026-08-22,2.1
EMP0114,BR12,2026-08-22,1.6
EMP0105,BR12,2026-08-23,2.1
EMP0106,BR12,2026-08-23,1.8
EMP0107,BR12,2026-08-23,2.4
EMP0108,BR12,2026-08-23,2.3
EMP0109,BR12,2026-08-23,1.9
EMP0110,BR12,2026-08-23,2.5
EMP0111,BR12,2026-08-23,2.0
EMP0112,BR12,2026-08-23,2.0
EMP0114,BR12,2026-08-23,2.1
EMP0106,BR12,2026-08-24,2.1
EMP0107,BR12,2026-08-24,2.1
EMP0108,BR12,2026-08-24,1.9
EMP0109,BR12,2026-08-24,2.3
EMP0111,BR12,2026-08-24,2.5
EMP0112,BR12,2026-08-24,2.0
EMP0113,BR12,2026-08-24,1.8
EMP0105,BR12,2026-08-25,1.9
EMP0107,BR12,2026-08-25,2.2
EMP0108,BR12,2026-08-25,1.9
EMP0110,BR12,2026-08-25,2.0
EMP0111,BR12,2026-08-25,2.1
EMP0112,BR12,2026-08-25,2.2
EMP0114,BR12,2026-08-25,2.0
EMP0105,BR12,2026-08-26,2.0
EMP0108,BR12,2026-08-26,2.1
EMP0109,BR12,2026-08-26,1.9
EMP0111,BR12,2026-08-26,2.2
EMP0112,BR12,2026-08-26,2.0
EMP0105,BR12,2026-08-27,1.7
EMP0106,BR12,2026-08-27,2.1
EMP0107,BR12,2026-08-27,2.1
EMP0108,BR12,2026-08-27,2.2
EMP0109,BR12,2026-08-27,2.2
EMP0111,BR12,2026-08-27,2.0
EMP0112,BR12,2026-08-27,2.2
EMP0113,BR12,2026-08-27,2.3
EMP0114,BR12,2026-08-27,2.2
EMP0105,BR12,2026-08-28,2.5
EMP0106,BR12,2026-08-28,2.3
EMP0107,BR12,2026-08-28,2.2
EMP0108,BR12,2026-08-28,2.4
EMP0109,BR12,2026-08-28,2.0
EMP0111,BR12,2026-08-28,2.6
EMP0112,BR12,2026-08-28,2.1
EMP0113,BR12,2026-08-28,2.1
EMP0114,BR12,2026-08-28,2.2
EMP0106,BR12,2026-08-29,2.0
EMP0107,BR12,2026-08-29,2.1
EMP0108,BR12,2026-08-29,2.1
EMP0109,BR12,2026-08-29,2.2
EMP0110,BR12,2026-08-29,2.0
EMP0111,BR12,2026-08-29,1.8
EMP0112,BR12,2026-08-29,1.9
EMP0113,BR12,2026-08-29,2.1
EMP0114,BR12,2026-08-29,2.1
EMP0105,BR12,2026-08-30,1.8
EMP0106,BR12,2026-08-30,1.9
EMP0107,BR12,2026-08-30,1.9
EMP0108,BR12,2026-08-30,2.1
EMP0109,BR12,2026-08-30,2.1
EMP0112,BR12,2026-08-30,2.0
EMP0113,BR12,2026-08-30,1.8
EMP0114,BR12,2026-08-30,2.3
EMP0105,BR12,2026-08-31,1.5
EMP0106,BR12,2026-08-31,2.5
EMP0107,BR12,2026-08-31,2.1
EMP0109,BR12,2026-08-31,2.2
EMP0110,BR12,2026-08-31,2.2
EMP0111,BR12,2026-08-31,2.1
EMP0112,BR12,2026-08-31,2.1
EMP0114,BR12,2026-08-31,2.2
EMP0105,BR12,2026-09-01,1.9
EMP0107,BR12,2026-09-01,1.8
EMP0108,BR12,2026-09-01,2.0
EMP0109,BR12,2026-09-01,1.8
EMP0111,BR12,2026-09-01,2.0
EMP0113,BR12,2026-09-01,1.9
EMP0114,BR12,2026-09-01,2.0
EMP0105,BR12,2026-09-02,1.9
EMP0106,BR12,2026-09-02,1.6
EMP0107,BR12,2026-09-02,2.0
EMP0108,BR12,2026-09-02,2.0
EMP0109,BR12,2026-09-02,1.8
EMP0110,BR12,2026-09-02,2.0
EMP0111,BR12,2026-09-02,1.7
EMP0112,BR12,2026-09-02,2.0
EMP0113,BR12,2026-09-02,1.8
EMP0114,BR12,2026-09-02,1.9
EMP0106,BR12,2026-09-03,1.9
EMP0107,BR12,2026-09-03,1.8
EMP0108,BR12,2026-09-03,1.6
EMP0110,BR12,2026-09-03,1.6
EMP0111,BR12,2026-09-03,1.9
EMP0112,BR12,2026-09-03,1.6
EMP0105,BR12,2026-09-04,1.8
EMP0106,BR12,2026-09-04,2.1
EMP0107,BR12,2026-09-04,2.0
EMP0108,BR12,2026-09-04,1.9
EMP0109,BR12,2026-09-04,1.5
EMP0110,BR12,2026-09-04,1.6
EMP0112,BR12,2026-09-04,1.9
EMP0113,BR12,2026-09-04,2.0
EMP0114,BR12,2026-09-04,2.0
EMP0105,BR12,2026-09-05,2.0
EMP0106,BR12,2026-09-05,2.0
EMP0107,BR12,2026-09-05,2.0
EMP0109,BR12,2026-09-05,2.0
EMP0110,BR12,2026-09-05,1.6
EMP0111,BR12,2026-09-05,2.0
EMP0112,BR12,2026-09-05,1.8
EMP0114,BR12,2026-09-05,1.9
EMP0105,BR12,2026-09-06,1.9
EMP0106,BR12,2026-09-06,1.8
EMP0107,BR12,2026-09-06,1.9
EMP0109,BR12,2026-09-06,1.8
EMP0110,BR12,2026-09-06,1.5
EMP0111,BR12,2026-09-06,2.0
EMP0112,BR12,2026-09-06,2.0
EMP0113,BR12,2026-09-06,1.8
EMP0105,BR12,2026-09-07,2.0
EMP0106,BR12,2026-09-07,1.8
EMP0107,BR12,2026-09-07,1.9
EMP0108,BR12,2026-09-07,1.9
EMP0109,BR12,2026-09-07,2.1
EMP0110,BR12,2026-09-07,1.6
EMP0111,BR12,2026-09-07,1.8
EMP0112,BR12,2026-09-07,1.7
EMP0113,BR12,2026-09-07,1.8
EMP0114,BR12,2026-09-07,1.7
EMP0105,BR12,2026-09-08,1.9
EMP0106,BR12,2026-09-08,1.8
EMP0107,BR12,2026-09-08,1.9
EMP0108,BR12,2026-09-08,1.8
EMP0110,BR12,2026-09-08,2.3
EMP0111,BR12,2026-09-08,2.4
EMP0112,BR12,2026-09-08,2.1
EMP0113,BR12,2026-09-08,1.7
EMP0105,BR12,2026-09-09,1.9
EMP0106,BR12,2026-09-09,1.8
EMP0107,BR12,2026-09-09,1.9
EMP0108,BR12,2026-09-09,1.7
EMP0110,BR12,2026-09-09,1.6
EMP0111,BR12,2026-09-09,1.5
EMP0112,BR12,2026-09-09,2.0
EMP0113,BR12,2026-09-09,2.0
EMP0114,BR12,2026-09-09,1.6
EMP0105,BR12,2026-09-10,1.6
EMP0106,BR12,2026-09-10,1.8
EMP0108,BR12,2026-09-10,1.8
EMP0109,BR12,2026-09-10,1.9
EMP0110,BR12,2026-09-10,1.8
EMP0111,BR12,2026-09-10,1.9
EMP0112,BR12,2026-09-10,2.0
EMP0113,BR12,2026-09-10,2.1
EMP0114,BR12,2026-09-10,1.8
EMP0105,BR12,2026-09-11,2.2
EMP0106,BR12,2026-09-11,2.2
EMP0107,BR12,2026-09-11,1.9
EMP0108,BR12,2026-09-11,1.8
EMP0109,BR12,2026-09-11,1.9
EMP0110,BR12,2026-09-11,2.1
EMP0111,BR12,2026-09-11,2.1
EMP0112,BR12,2026-09-11,1.8
EMP0113,BR12,2026-09-11,1.9
EMP0106,BR12,2026-09-12,1.7
EMP0107,BR12,2026-09-12,2.0
EMP0110,BR12,2026-09-12,1.7
EMP0111,BR12,2026-09-12,2.1
EMP0112,BR12,2026-09-12,1.8
EMP0114,BR12,2026-09-12,1.7
EMP0105,BR12,2026-09-13,1.9
EMP0106,BR12,2026-09-13,1.8
EMP0107,BR12,2026-09-13,1.7
EMP0109,BR12,2026-09-13,1.5
EMP0111,BR12,2026-09-13,1.7
EMP0112,BR12,2026-09-13,2.0
EMP0113,BR12,2026-09-13,1.6
EMP0114,BR12,2026-09-13,1.8
EMP0105,BR12,2026-09-14,2.1
EMP0106,BR12,2026-09-14,2.0
EMP0108,BR12,2026-09-14,1.8
EMP0109,BR12,2026-09-14,1.6
EMP0111,BR12,2026-09-14,1.8
EMP0105,BR12,2026-09-15,1.7
EMP0106,BR12,2026-09-15,1.9
EMP0107,BR12,2026-09-15,1.8
EMP0108,BR12,2026-09-15,1.9
EMP0109,BR12,2026-09-15,2.3
EMP0110,BR12,2026-09-15,1.8
EMP0111,BR12,2026-09-15,1.5
EMP0112,BR12,2026-09-15,2.0
EMP0105,BR12,2026-09-16,2.0
EMP0106,BR12,2026-09-16,2.1
EMP0109,BR12,2026-09-16,1.8
EMP0112,BR12,2026-09-16,1.8
EMP0113,BR12,2026-09-16,1.7
EMP0114,BR12,2026-09-16,1.9
EMP0105,BR12,2026-09-17,1.8
EMP0106,BR12,2026-09-17,1.8
EMP0107,BR12,2026-09-17,1.8
EMP0109,BR12,2026-09-17,2.0
EMP0110,BR12,2026-09-17,2.0
EMP0111,BR12,2026-09-17,2.0
EMP0113,BR12,2026-09-17,1.9
EMP0114,BR12,2026-09-17,1.7
EMP0106,BR12,2026-09-18,1.8
EMP0108,BR12,2026-09-18,1.8
EMP0110,BR12,2026-09-18,1.7
EMP0111,BR12,2026-09-18,1.8
EMP0112,BR12,2026-09-18,1.5
EMP0114,BR12,2026-09-18,1.6
EMP0105,BR12,2026-09-19,1.9
EMP0106,BR12,2026-09-19,1.8
EMP0107,BR12,2026-09-19,1.8
EMP0109,BR12,2026-09-19,2.2
EMP0110,BR12,2026-09-19,1.7
EMP0111,BR12,2026-09-19,2.0
EMP0113,BR12,2026-09-19,1.5
EMP0114,BR12,2026-09-19,1.8
EMP0105,BR12,2026-09-20,2.0
EMP0107,BR12,2026-09-20,1.8
EMP0109,BR12,2026-09-20,1.7
EMP0110,BR12,2026-09-20,1.7
EMP0111,BR12,2026-09-20,1.8
EMP0112,BR12,2026-09-20,1.6
EMP0113,BR12,2026-09-20,1.6
EMP0114,BR12,2026-09-20,1.8
EMP0116,BR13,2026-04-01,2.1
EMP0117,BR13,2026-04-01,2.3
EMP0118,BR13,2026-04-01,2.1
EMP0119,BR13,2026-04-01,1.8
EMP0120,BR13,2026-04-01,2.3
EMP0121,BR13,2026-04-01,2.5
EMP0122,BR13,2026-04-01,2.0
EMP0115,BR13,2026-04-02,2.9
EMP0116,BR13,2026-04-02,2.5
EMP0117,BR13,2026-04-02,2.2
EMP0118,BR13,2026-04-02,2.7
EMP0119,BR13,2026-04-02,2.5
EMP0120,BR13,2026-04-02,2.5
EMP0121,BR13,2026-04-02,2.4
EMP0122,BR13,2026-04-02,2.2
EMP0116,BR13,2026-04-03,2.3
EMP0117,BR13,2026-04-03,2.5
EMP0120,BR13,2026-04-03,2.2
EMP0121,BR13,2026-04-03,2.4
EMP0122,BR13,2026-04-03,2.4
EMP0115,BR13,2026-04-04,2.8
EMP0116,BR13,2026-04-04,2.4
EMP0119,BR13,2026-04-04,2.2
EMP0120,BR13,2026-04-04,2.4
EMP0122,BR13,2026-04-04,2.2
EMP0116,BR13,2026-04-05,2.5
EMP0118,BR13,2026-04-05,2.5
EMP0122,BR13,2026-04-05,2.7
EMP0115,BR13,2026-04-06,2.1
EMP0116,BR13,2026-04-06,2.2
EMP0117,BR13,2026-04-06,2.4
EMP0118,BR13,2026-04-06,2.5
EMP0119,BR13,2026-04-06,2.2
EMP0120,BR13,2026-04-06,2.2
EMP0121,BR13,2026-04-06,2.1
EMP0122,BR13,2026-04-06,2.2
EMP0115,BR13,2026-04-07,2.1
EMP0116,BR13,2026-04-07,2.3
EMP0117,BR13,2026-04-07,2.2
EMP0118,BR13,2026-04-07,2.2
EMP0119,BR13,2026-04-07,2.3
EMP0120,BR13,2026-04-07,2.4
EMP0122,BR13,2026-04-07,2.4
EMP0115,BR13,2026-04-08,2.3
EMP0117,BR13,2026-04-08,2.5
EMP0118,BR13,2026-04-08,2.0
EMP0120,BR13,2026-04-08,1.8
EMP0122,BR13,2026-04-08,1.8
EMP0116,BR13,2026-04-09,1.9
EMP0117,BR13,2026-04-09,2.4
EMP0118,BR13,2026-04-09,2.1
EMP0119,BR13,2026-04-09,2.2
EMP0120,BR13,2026-04-09,2.4
EMP0117,BR13,2026-04-10,2.6
EMP0118,BR13,2026-04-10,2.6
EMP0120,BR13,2026-04-10,2.3
EMP0121,BR13,2026-04-10,2.2
EMP0122,BR13,2026-04-10,2.1
EMP0116,BR13,2026-04-11,2.5
EMP0117,BR13,2026-04-11,2.6
EMP0118,BR13,2026-04-11,2.1
EMP0119,BR13,2026-04-11,2.3
EMP0120,BR13,2026-04-11,2.5
EMP0121,BR13,2026-04-11,1.9
EMP0115,BR13,2026-04-12,2.3
EMP0116,BR13,2026-04-12,2.8
EMP0119,BR13,2026-04-12,2.1
EMP0120,BR13,2026-04-12,2.7
EMP0121,BR13,2026-04-12,2.2
EMP0115,BR13,2026-04-13,2.4
EMP0116,BR13,2026-04-13,1.8
EMP0117,BR13,2026-04-13,2.4
EMP0119,BR13,2026-04-13,2.5
EMP0120,BR13,2026-04-13,2.2
EMP0115,BR13,2026-04-14,2.1
EMP0117,BR13,2026-04-14,1.8
EMP0119,BR13,2026-04-14,2.3
EMP0120,BR13,2026-04-14,2.2
EMP0122,BR13,2026-04-14,2.1
EMP0115,BR13,2026-04-15,1.8
EMP0117,BR13,2026-04-15,2.5
EMP0118,BR13,2026-04-15,2.3
EMP0119,BR13,2026-04-15,2.2
EMP0121,BR13,2026-04-15,2.2
EMP0118,BR13,2026-04-16,2.3
EMP0120,BR13,2026-04-16,2.2
EMP0121,BR13,2026-04-16,2.5
EMP0115,BR13,2026-04-17,2.2
EMP0116,BR13,2026-04-17,2.7
EMP0117,BR13,2026-04-17,2.4
EMP0118,BR13,2026-04-17,2.0
EMP0119,BR13,2026-04-17,2.8
EMP0120,BR13,2026-04-17,2.7
EMP0121,BR13,2026-04-17,2.4
EMP0122,BR13,2026-04-17,2.9
EMP0115,BR13,2026-04-18,2.2
EMP0116,BR13,2026-04-18,2.2
EMP0117,BR13,2026-04-18,2.1
EMP0118,BR13,2026-04-18,2.5
EMP0120,BR13,2026-04-18,1.9
EMP0121,BR13,2026-04-18,2.1
EMP0122,BR13,2026-04-18,2.2
EMP0116,BR13,2026-04-19,1.8
EMP0119,BR13,2026-04-19,2.1
EMP0122,BR13,2026-04-19,1.9
EMP0117,BR13,2026-04-20,2.4
EMP0119,BR13,2026-04-20,2.2
EMP0120,BR13,2026-04-20,2.5
EMP0122,BR13,2026-04-20,2.6
EMP0118,BR13,2026-04-21,2.7
EMP0119,BR13,2026-04-21,2.3
EMP0120,BR13,2026-04-21,2.2
EMP0121,BR13,2026-04-21,2.3
EMP0116,BR13,2026-04-22,2.5
EMP0117,BR13,2026-04-22,2.3
EMP0118,BR13,2026-04-22,2.0
EMP0119,BR13,2026-04-22,2.4
EMP0120,BR13,2026-04-22,2.4
EMP0121,BR13,2026-04-22,2.6
EMP0122,BR13,2026-04-22,2.2
EMP0116,BR13,2026-04-23,2.7
EMP0117,BR13,2026-04-23,2.5
EMP0120,BR13,2026-04-23,2.5
EMP0122,BR13,2026-04-23,2.9
EMP0115,BR13,2026-04-24,2.4
EMP0116,BR13,2026-04-24,2.5
EMP0118,BR13,2026-04-24,2.5
EMP0119,BR13,2026-04-24,2.5
EMP0120,BR13,2026-04-24,2.1
EMP0121,BR13,2026-04-24,2.3
EMP0122,BR13,2026-04-24,2.1
EMP0115,BR13,2026-04-25,2.6
EMP0116,BR13,2026-04-25,2.5
EMP0117,BR13,2026-04-25,2.5
EMP0118,BR13,2026-04-25,2.0
EMP0119,BR13,2026-04-25,2.6
EMP0120,BR13,2026-04-25,2.5
EMP0122,BR13,2026-04-25,2.4
EMP0116,BR13,2026-04-26,2.6
EMP0117,BR13,2026-04-26,2.4
EMP0120,BR13,2026-04-26,2.3
EMP0121,BR13,2026-04-26,2.3
EMP0122,BR13,2026-04-26,2.5
EMP0116,BR13,2026-04-27,2.4
EMP0118,BR13,2026-04-27,2.5
EMP0120,BR13,2026-04-27,2.6
EMP0122,BR13,2026-04-27,1.9
EMP0115,BR13,2026-04-28,1.7
EMP0116,BR13,2026-04-28,2.6
EMP0117,BR13,2026-04-28,2.3
EMP0118,BR13,2026-04-28,2.4
EMP0121,BR13,2026-04-28,2.5
EMP0122,BR13,2026-04-28,2.5
EMP0115,BR13,2026-04-29,2.6
EMP0116,BR13,2026-04-29,1.9
EMP0117,BR13,2026-04-29,2.5
EMP0118,BR13,2026-04-29,2.5
EMP0119,BR13,2026-04-29,1.9
EMP0121,BR13,2026-04-29,2.5
EMP0122,BR13,2026-04-29,2.1
EMP0116,BR13,2026-04-30,2.3
EMP0117,BR13,2026-04-30,2.4
EMP0118,BR13,2026-04-30,2.4
EMP0119,BR13,2026-04-30,2.5
EMP0121,BR13,2026-04-30,2.7
EMP0115,BR13,2026-05-01,2.5
EMP0116,BR13,2026-05-01,1.9
EMP0117,BR13,2026-05-01,2.1
EMP0118,BR13,2026-05-01,2.0
EMP0119,BR13,2026-05-01,2.1
EMP0120,BR13,2026-05-01,2.2
EMP0122,BR13,2026-05-01,2.0
EMP0116,BR13,2026-05-02,2.1
EMP0117,BR13,2026-05-02,2.2
EMP0119,BR13,2026-05-02,2.2
EMP0120,BR13,2026-05-02,2.6
EMP0121,BR13,2026-05-02,2.6
EMP0115,BR13,2026-05-03,2.5
EMP0117,BR13,2026-05-03,2.1
EMP0118,BR13,2026-05-03,2.2
EMP0119,BR13,2026-05-03,2.4
EMP0120,BR13,2026-05-03,2.2
EMP0121,BR13,2026-05-03,2.2
EMP0122,BR13,2026-05-03,2.6
EMP0115,BR13,2026-05-04,2.0
EMP0116,BR13,2026-05-04,2.4
EMP0118,BR13,2026-05-04,2.4
EMP0119,BR13,2026-05-04,2.1
EMP0121,BR13,2026-05-04,2.2
EMP0122,BR13,2026-05-04,2.3
EMP0115,BR13,2026-05-05,2.0
EMP0116,BR13,2026-05-05,2.5
EMP0119,BR13,2026-05-05,2.2
EMP0120,BR13,2026-05-05,2.4
EMP0121,BR13,2026-05-05,2.6
EMP0122,BR13,2026-05-05,2.2
EMP0116,BR13,2026-05-06,2.2
EMP0117,BR13,2026-05-06,2.3
EMP0119,BR13,2026-05-06,2.8
EMP0120,BR13,2026-05-06,2.6
EMP0121,BR13,2026-05-06,2.1
EMP0122,BR13,2026-05-06,2.2
EMP0115,BR13,2026-05-07,1.7
EMP0116,BR13,2026-05-07,2.1
EMP0117,BR13,2026-05-07,1.9
EMP0120,BR13,2026-05-07,1.9
EMP0121,BR13,2026-05-07,2.0
EMP0122,BR13,2026-05-07,2.1
EMP0115,BR13,2026-05-08,2.2
EMP0116,BR13,2026-05-08,1.9
EMP0117,BR13,2026-05-08,1.8
EMP0119,BR13,2026-05-08,2.6
EMP0120,BR13,2026-05-08,2.5
EMP0121,BR13,2026-05-08,2.0
EMP0115,BR13,2026-05-09,2.3
EMP0117,BR13,2026-05-09,2.2
EMP0120,BR13,2026-05-09,2.2
EMP0122,BR13,2026-05-09,2.0
EMP0115,BR13,2026-05-10,1.9
EMP0116,BR13,2026-05-10,2.3
EMP0119,BR13,2026-05-10,2.3
EMP0120,BR13,2026-05-10,2.5
EMP0121,BR13,2026-05-10,2.2
EMP0115,BR13,2026-05-11,2.3
EMP0116,BR13,2026-05-11,1.8
EMP0117,BR13,2026-05-11,2.4
EMP0120,BR13,2026-05-11,2.6
EMP0122,BR13,2026-05-11,2.2
EMP0115,BR13,2026-05-12,2.1
EMP0116,BR13,2026-05-12,2.5
EMP0118,BR13,2026-05-12,2.3
EMP0119,BR13,2026-05-12,2.0
EMP0116,BR13,2026-05-13,2.3
EMP0119,BR13,2026-05-13,1.9
EMP0121,BR13,2026-05-13,2.2
EMP0122,BR13,2026-05-13,2.3
EMP0115,BR13,2026-05-14,2.0
EMP0117,BR13,2026-05-14,2.4
EMP0118,BR13,2026-05-14,2.3
EMP0120,BR13,2026-05-14,2.3
EMP0121,BR13,2026-05-14,2.0
EMP0115,BR13,2026-05-15,2.1
EMP0116,BR13,2026-05-15,2.4
EMP0117,BR13,2026-05-15,2.4
EMP0118,BR13,2026-05-15,2.2
EMP0119,BR13,2026-05-15,1.9
EMP0120,BR13,2026-05-15,2.5
EMP0121,BR13,2026-05-15,2.1
EMP0115,BR13,2026-05-16,2.0
EMP0116,BR13,2026-05-16,2.6
EMP0117,BR13,2026-05-16,2.0
EMP0118,BR13,2026-05-16,2.1
EMP0119,BR13,2026-05-16,2.4
EMP0120,BR13,2026-05-16,2.4
EMP0116,BR13,2026-05-17,2.4
EMP0117,BR13,2026-05-17,2.1
EMP0118,BR13,2026-05-17,2.2
EMP0119,BR13,2026-05-17,2.2
EMP0120,BR13,2026-05-17,2.2
EMP0121,BR13,2026-05-17,2.6
EMP0122,BR13,2026-05-17,2.4
EMP0118,BR13,2026-05-18,2.3
EMP0119,BR13,2026-05-18,2.1
EMP0120,BR13,2026-05-18,2.6
EMP0121,BR13,2026-05-18,2.6
EMP0115,BR13,2026-05-19,2.4
EMP0120,BR13,2026-05-19,1.8
EMP0121,BR13,2026-05-19,2.4
EMP0122,BR13,2026-05-19,1.8
EMP0116,BR13,2026-05-20,2.4
EMP0117,BR13,2026-05-20,2.4
EMP0118,BR13,2026-05-20,2.0
EMP0119,BR13,2026-05-20,2.1
EMP0121,BR13,2026-05-20,2.0
EMP0122,BR13,2026-05-20,2.5
EMP0115,BR13,2026-05-21,2.5
EMP0117,BR13,2026-05-21,2.1
EMP0118,BR13,2026-05-21,1.9
EMP0119,BR13,2026-05-21,2.2
EMP0120,BR13,2026-05-21,2.5
EMP0121,BR13,2026-05-21,2.5
EMP0118,BR13,2026-05-22,2.5
EMP0119,BR13,2026-05-22,2.4
EMP0122,BR13,2026-05-22,1.7
EMP0115,BR13,2026-05-23,2.3
EMP0117,BR13,2026-05-23,2.3
EMP0119,BR13,2026-05-23,2.4
EMP0120,BR13,2026-05-23,2.0
EMP0116,BR13,2026-05-24,1.8
EMP0117,BR13,2026-05-24,2.1
EMP0118,BR13,2026-05-24,2.2
EMP0119,BR13,2026-05-24,2.2
EMP0120,BR13,2026-05-24,2.2
EMP0121,BR13,2026-05-24,2.0
EMP0115,BR13,2026-05-25,2.4
EMP0118,BR13,2026-05-25,2.3
EMP0120,BR13,2026-05-25,2.3
EMP0122,BR13,2026-05-25,2.0
EMP0115,BR13,2026-05-26,2.4
EMP0116,BR13,2026-05-26,1.8
EMP0117,BR13,2026-05-26,2.6
EMP0118,BR13,2026-05-26,2.1
EMP0120,BR13,2026-05-26,2.0
EMP0121,BR13,2026-05-26,2.2
EMP0122,BR13,2026-05-26,2.1
EMP0116,BR13,2026-05-27,2.1
EMP0117,BR13,2026-05-27,2.2
EMP0118,BR13,2026-05-27,2.4
EMP0120,BR13,2026-05-27,1.8
EMP0115,BR13,2026-05-28,2.3
EMP0117,BR13,2026-05-28,2.3
EMP0118,BR13,2026-05-28,2.1
EMP0119,BR13,2026-05-28,2.2
EMP0120,BR13,2026-05-28,2.3
EMP0121,BR13,2026-05-28,2.5
EMP0122,BR13,2026-05-28,2.4
EMP0117,BR13,2026-05-29,2.4
EMP0118,BR13,2026-05-29,2.3
EMP0119,BR13,2026-05-29,1.8
EMP0122,BR13,2026-05-29,2.2
EMP0115,BR13,2026-05-30,2.2
EMP0117,BR13,2026-05-30,2.2
EMP0118,BR13,2026-05-30,2.4
EMP0119,BR13,2026-05-30,2.1
EMP0120,BR13,2026-05-30,2.1
EMP0121,BR13,2026-05-30,2.1
EMP0122,BR13,2026-05-30,2.4
EMP0116,BR13,2026-05-31,2.3
EMP0119,BR13,2026-05-31,1.9
EMP0121,BR13,2026-05-31,1.9
EMP0122,BR13,2026-05-31,2.5
EMP0118,BR13,2026-06-01,2.2
EMP0120,BR13,2026-06-01,2.8
EMP0122,BR13,2026-06-01,2.8
EMP0116,BR13,2026-06-02,2.4
EMP0118,BR13,2026-06-02,2.0
EMP0119,BR13,2026-06-02,2.5
EMP0120,BR13,2026-06-02,2.6
EMP0121,BR13,2026-06-02,2.4
EMP0122,BR13,2026-06-02,2.3
EMP0115,BR13,2026-06-03,1.9
EMP0116,BR13,2026-06-03,2.3
EMP0119,BR13,2026-06-03,2.8
EMP0120,BR13,2026-06-03,2.5
EMP0122,BR13,2026-06-03,2.2
EMP0115,BR13,2026-06-04,2.2
EMP0116,BR13,2026-06-04,2.3
EMP0117,BR13,2026-06-04,2.6
EMP0118,BR13,2026-06-04,2.3
EMP0119,BR13,2026-06-04,2.5
EMP0120,BR13,2026-06-04,2.1
EMP0121,BR13,2026-06-04,2.4
EMP0122,BR13,2026-06-04,1.8
EMP0115,BR13,2026-06-05,2.1
EMP0117,BR13,2026-06-05,2.2
EMP0118,BR13,2026-06-05,2.5
EMP0120,BR13,2026-06-05,1.9
EMP0121,BR13,2026-06-05,2.6
EMP0122,BR13,2026-06-05,1.8
EMP0116,BR13,2026-06-06,2.0
EMP0117,BR13,2026-06-06,2.5
EMP0118,BR13,2026-06-06,2.0
EMP0119,BR13,2026-06-06,2.7
EMP0121,BR13,2026-06-06,2.8
EMP0122,BR13,2026-06-06,2.5
EMP0115,BR13,2026-06-07,2.1
EMP0116,BR13,2026-06-07,2.4
EMP0117,BR13,2026-06-07,2.3
EMP0119,BR13,2026-06-07,2.3
EMP0120,BR13,2026-06-07,2.1
EMP0115,BR13,2026-06-08,2.1
EMP0116,BR13,2026-06-08,2.3
EMP0119,BR13,2026-06-08,2.2
EMP0121,BR13,2026-06-08,2.1
EMP0122,BR13,2026-06-08,2.1
EMP0115,BR13,2026-06-09,2.2
EMP0117,BR13,2026-06-09,2.6
EMP0119,BR13,2026-06-09,2.3
EMP0121,BR13,2026-06-09,2.5
EMP0122,BR13,2026-06-09,2.1
EMP0116,BR13,2026-06-10,2.6
EMP0118,BR13,2026-06-10,2.4
EMP0119,BR13,2026-06-10,2.3
EMP0121,BR13,2026-06-10,2.1
EMP0115,BR13,2026-06-11,2.6
EMP0116,BR13,2026-06-11,2.3
EMP0117,BR13,2026-06-11,2.7
EMP0119,BR13,2026-06-11,2.5
EMP0120,BR13,2026-06-11,2.8
EMP0116,BR13,2026-06-12,2.6
EMP0119,BR13,2026-06-12,2.3
EMP0120,BR13,2026-06-12,2.4
EMP0122,BR13,2026-06-12,2.3
EMP0115,BR13,2026-06-13,2.3
EMP0117,BR13,2026-06-13,2.4
EMP0119,BR13,2026-06-13,2.3
EMP0120,BR13,2026-06-13,2.4
EMP0121,BR13,2026-06-13,2.1
EMP0122,BR13,2026-06-13,2.7
EMP0115,BR13,2026-06-14,2.3
EMP0116,BR13,2026-06-14,2.8
EMP0118,BR13,2026-06-14,2.2
EMP0120,BR13,2026-06-14,2.4
EMP0121,BR13,2026-06-14,2.1
EMP0118,BR13,2026-06-15,2.2
EMP0119,BR13,2026-06-15,2.4
EMP0122,BR13,2026-06-15,2.3
EMP0117,BR13,2026-06-16,2.2
EMP0119,BR13,2026-06-16,2.1
EMP0121,BR13,2026-06-16,2.6
EMP0115,BR13,2026-06-17,2.2
EMP0116,BR13,2026-06-17,1.8
EMP0117,BR13,2026-06-17,2.6
EMP0118,BR13,2026-06-17,2.3
EMP0119,BR13,2026-06-17,2.6
EMP0120,BR13,2026-06-17,2.3
EMP0121,BR13,2026-06-17,2.3
EMP0115,BR13,2026-06-18,2.3
EMP0117,BR13,2026-06-18,2.2
EMP0118,BR13,2026-06-18,2.2
EMP0119,BR13,2026-06-18,2.1
EMP0121,BR13,2026-06-18,2.2
EMP0115,BR13,2026-06-19,2.3
EMP0116,BR13,2026-06-19,2.4
EMP0117,BR13,2026-06-19,2.5
EMP0119,BR13,2026-06-19,2.5
EMP0120,BR13,2026-06-19,2.2
EMP0121,BR13,2026-06-19,2.4
EMP0122,BR13,2026-06-19,2.1
EMP0115,BR13,2026-06-20,1.9
EMP0116,BR13,2026-06-20,2.5
EMP0117,BR13,2026-06-20,2.6
EMP0118,BR13,2026-06-20,2.3
EMP0119,BR13,2026-06-20,2.2
EMP0120,BR13,2026-06-20,2.3
EMP0121,BR13,2026-06-20,2.3
EMP0122,BR13,2026-06-20,2.2
EMP0117,BR13,2026-06-21,2.4
EMP0118,BR13,2026-06-21,2.4
EMP0119,BR13,2026-06-21,2.1
EMP0120,BR13,2026-06-21,2.2
EMP0121,BR13,2026-06-21,2.1
EMP0122,BR13,2026-06-21,2.4
EMP0115,BR13,2026-06-22,2.1
EMP0116,BR13,2026-06-22,1.8
EMP0119,BR13,2026-06-22,2.4
EMP0121,BR13,2026-06-22,2.5
EMP0115,BR13,2026-06-23,2.8
EMP0116,BR13,2026-06-23,2.3
EMP0117,BR13,2026-06-23,2.2
EMP0118,BR13,2026-06-23,2.3
EMP0119,BR13,2026-06-23,2.2
EMP0120,BR13,2026-06-23,2.0
EMP0121,BR13,2026-06-23,2.0
EMP0122,BR13,2026-06-23,2.3
EMP0116,BR13,2026-06-24,2.3
EMP0117,BR13,2026-06-24,2.4
EMP0118,BR13,2026-06-24,2.4
EMP0119,BR13,2026-06-24,2.3
EMP0120,BR13,2026-06-24,2.2
EMP0115,BR13,2026-06-25,2.2
EMP0116,BR13,2026-06-25,2.5
EMP0117,BR13,2026-06-25,2.6
EMP0121,BR13,2026-06-25,2.4
EMP0122,BR13,2026-06-25,2.0
EMP0115,BR13,2026-06-26,2.0
EMP0116,BR13,2026-06-26,2.3
EMP0117,BR13,2026-06-26,1.9
EMP0118,BR13,2026-06-26,2.8
EMP0119,BR13,2026-06-26,2.2
EMP0120,BR13,2026-06-26,2.6
EMP0122,BR13,2026-06-26,2.0
EMP0115,BR13,2026-06-27,2.4
EMP0116,BR13,2026-06-27,2.7
EMP0118,BR13,2026-06-27,2.5
EMP0119,BR13,2026-06-27,2.1
EMP0120,BR13,2026-06-27,2.2
EMP0122,BR13,2026-06-27,2.2
EMP0115,BR13,2026-06-28,2.0
EMP0119,BR13,2026-06-28,2.3
EMP0121,BR13,2026-06-28,2.3
EMP0122,BR13,2026-06-28,2.4
EMP0116,BR13,2026-06-29,2.1
EMP0117,BR13,2026-06-29,2.2
EMP0118,BR13,2026-06-29,2.9
EMP0119,BR13,2026-06-29,2.6
EMP0120,BR13,2026-06-29,1.8
EMP0116,BR13,2026-06-30,2.3
EMP0117,BR13,2026-06-30,2.5
EMP0118,BR13,2026-06-30,2.1
EMP0121,BR13,2026-06-30,2.4
EMP0116,BR13,2026-07-01,2.7
EMP0118,BR13,2026-07-01,1.9
EMP0119,BR13,2026-07-01,2.1
EMP0120,BR13,2026-07-01,1.9
EMP0121,BR13,2026-07-01,2.4
EMP0122,BR13,2026-07-01,2.3
EMP0115,BR13,2026-07-02,2.0
EMP0117,BR13,2026-07-02,2.0
EMP0118,BR13,2026-07-02,1.9
EMP0121,BR13,2026-07-02,2.4
EMP0122,BR13,2026-07-02,2.5
EMP0115,BR13,2026-07-03,2.0
EMP0116,BR13,2026-07-03,1.9
EMP0118,BR13,2026-07-03,1.8
EMP0119,BR13,2026-07-03,2.1
EMP0120,BR13,2026-07-03,2.1
EMP0121,BR13,2026-07-03,2.2
EMP0122,BR13,2026-07-03,2.3
EMP0116,BR13,2026-07-04,2.1
EMP0117,BR13,2026-07-04,1.9
EMP0118,BR13,2026-07-04,2.7
EMP0119,BR13,2026-07-04,2.4
EMP0121,BR13,2026-07-04,2.0
EMP0122,BR13,2026-07-04,1.9
EMP0115,BR13,2026-07-05,1.9
EMP0117,BR13,2026-07-05,2.5
EMP0118,BR13,2026-07-05,2.7
EMP0119,BR13,2026-07-05,2.2
EMP0120,BR13,2026-07-05,2.2
EMP0122,BR13,2026-07-05,2.6
EMP0115,BR13,2026-07-06,2.2
EMP0116,BR13,2026-07-06,2.0
EMP0117,BR13,2026-07-06,2.6
EMP0119,BR13,2026-07-06,1.7
EMP0120,BR13,2026-07-06,2.1
EMP0122,BR13,2026-07-06,2.4
EMP0115,BR13,2026-07-07,1.8
EMP0116,BR13,2026-07-07,2.2
EMP0118,BR13,2026-07-07,2.3
EMP0119,BR13,2026-07-07,1.6
EMP0120,BR13,2026-07-07,2.5
EMP0116,BR13,2026-07-08,2.1
EMP0118,BR13,2026-07-08,2.4
EMP0119,BR13,2026-07-08,2.3
EMP0120,BR13,2026-07-08,2.2
EMP0121,BR13,2026-07-08,2.1
EMP0116,BR13,2026-07-09,1.8
EMP0117,BR13,2026-07-09,1.6
EMP0118,BR13,2026-07-09,2.3
EMP0119,BR13,2026-07-09,2.1
EMP0120,BR13,2026-07-09,2.5
EMP0121,BR13,2026-07-09,2.2
EMP0116,BR13,2026-07-10,2.2
EMP0117,BR13,2026-07-10,2.2
EMP0119,BR13,2026-07-10,2.0
EMP0120,BR13,2026-07-10,2.5
EMP0121,BR13,2026-07-10,2.1
EMP0122,BR13,2026-07-10,2.5
EMP0115,BR13,2026-07-11,2.2
EMP0117,BR13,2026-07-11,2.1
EMP0118,BR13,2026-07-11,2.2
EMP0121,BR13,2026-07-11,2.3
EMP0122,BR13,2026-07-11,2.1
EMP0117,BR13,2026-07-12,2.3
EMP0119,BR13,2026-07-12,2.2
EMP0121,BR13,2026-07-12,2.0
EMP0115,BR13,2026-07-13,2.1
EMP0116,BR13,2026-07-13,2.2
EMP0119,BR13,2026-07-13,2.4
EMP0120,BR13,2026-07-13,1.9
EMP0121,BR13,2026-07-13,1.8
EMP0122,BR13,2026-07-13,2.3
EMP0116,BR13,2026-07-14,2.5
EMP0117,BR13,2026-07-14,2.1
EMP0118,BR13,2026-07-14,2.0
EMP0119,BR13,2026-07-14,2.2
EMP0121,BR13,2026-07-14,2.1
EMP0116,BR13,2026-07-15,2.1
EMP0118,BR13,2026-07-15,2.7
EMP0119,BR13,2026-07-15,1.9
EMP0120,BR13,2026-07-15,2.0
EMP0122,BR13,2026-07-15,2.4
EMP0116,BR13,2026-07-16,1.8
EMP0118,BR13,2026-07-16,1.9
EMP0119,BR13,2026-07-16,2.4
EMP0120,BR13,2026-07-16,2.2
EMP0121,BR13,2026-07-16,2.1
EMP0115,BR13,2026-07-17,2.3
EMP0116,BR13,2026-07-17,2.3
EMP0117,BR13,2026-07-17,2.2
EMP0118,BR13,2026-07-17,2.4
EMP0119,BR13,2026-07-17,2.0
EMP0120,BR13,2026-07-17,2.3
EMP0121,BR13,2026-07-17,1.9
EMP0122,BR13,2026-07-17,2.6
EMP0116,BR13,2026-07-18,1.8
EMP0117,BR13,2026-07-18,2.1
EMP0121,BR13,2026-07-18,2.0
EMP0122,BR13,2026-07-18,2.2
EMP0116,BR13,2026-07-19,2.2
EMP0117,BR13,2026-07-19,1.9
EMP0120,BR13,2026-07-19,2.1
EMP0122,BR13,2026-07-19,2.8
EMP0115,BR13,2026-07-20,2.4
EMP0117,BR13,2026-07-20,2.1
EMP0118,BR13,2026-07-20,1.8
EMP0119,BR13,2026-07-20,2.4
EMP0120,BR13,2026-07-20,2.0
EMP0121,BR13,2026-07-20,2.3
EMP0122,BR13,2026-07-20,2.3
EMP0115,BR13,2026-07-21,2.1
EMP0116,BR13,2026-07-21,2.2
EMP0117,BR13,2026-07-21,2.1
EMP0118,BR13,2026-07-21,2.2
EMP0119,BR13,2026-07-21,2.1
EMP0122,BR13,2026-07-21,2.2
EMP0117,BR13,2026-07-22,1.9
EMP0118,BR13,2026-07-22,2.0
EMP0119,BR13,2026-07-22,2.3
EMP0121,BR13,2026-07-22,2.0
EMP0122,BR13,2026-07-22,2.2
EMP0116,BR13,2026-07-23,2.2
EMP0117,BR13,2026-07-23,2.2
EMP0118,BR13,2026-07-23,2.6
EMP0119,BR13,2026-07-23,2.3
EMP0120,BR13,2026-07-23,2.2
EMP0121,BR13,2026-07-23,2.1
EMP0117,BR13,2026-07-24,2.2
EMP0118,BR13,2026-07-24,2.3
EMP0119,BR13,2026-07-24,1.9
EMP0120,BR13,2026-07-24,2.3
EMP0121,BR13,2026-07-24,2.3
EMP0122,BR13,2026-07-24,2.6
EMP0115,BR13,2026-07-25,2.2
EMP0117,BR13,2026-07-25,2.2
EMP0118,BR13,2026-07-25,2.1
EMP0120,BR13,2026-07-25,1.8
EMP0121,BR13,2026-07-25,1.8
EMP0122,BR13,2026-07-25,2.2
EMP0115,BR13,2026-07-26,2.2
EMP0118,BR13,2026-07-26,2.8
EMP0122,BR13,2026-07-26,1.8
EMP0115,BR13,2026-07-27,1.9
EMP0116,BR13,2026-07-27,2.5
EMP0117,BR13,2026-07-27,2.3
EMP0118,BR13,2026-07-27,2.0
EMP0120,BR13,2026-07-27,2.4
EMP0121,BR13,2026-07-27,2.0
EMP0115,BR13,2026-07-28,2.3
EMP0117,BR13,2026-07-28,2.0
EMP0118,BR13,2026-07-28,1.9
EMP0119,BR13,2026-07-28,2.3
EMP0121,BR13,2026-07-28,2.8
EMP0122,BR13,2026-07-28,2.2
EMP0115,BR13,2026-07-29,2.4
EMP0117,BR13,2026-07-29,2.2
EMP0119,BR13,2026-07-29,2.0
EMP0120,BR13,2026-07-29,2.1
EMP0121,BR13,2026-07-29,2.0
EMP0122,BR13,2026-07-29,2.2
EMP0116,BR13,2026-07-30,2.3
EMP0117,BR13,2026-07-30,2.1
EMP0118,BR13,2026-07-30,2.1
EMP0119,BR13,2026-07-30,2.4
EMP0121,BR13,2026-07-30,2.3
EMP0122,BR13,2026-07-30,1.9
EMP0115,BR13,2026-07-31,2.0
EMP0116,BR13,2026-07-31,2.3
EMP0118,BR13,2026-07-31,2.2
EMP0119,BR13,2026-07-31,2.4
EMP0120,BR13,2026-07-31,2.3
EMP0121,BR13,2026-07-31,2.0
EMP0122,BR13,2026-07-31,2.5
EMP0115,BR13,2026-08-01,2.6
EMP0116,BR13,2026-08-01,2.5
EMP0117,BR13,2026-08-01,3.1
EMP0118,BR13,2026-08-01,2.5
EMP0119,BR13,2026-08-01,2.3
EMP0121,BR13,2026-08-01,2.8
EMP0122,BR13,2026-08-01,2.9
EMP0115,BR13,2026-08-02,2.7
EMP0117,BR13,2026-08-02,3.2
EMP0118,BR13,2026-08-02,2.2
EMP0119,BR13,2026-08-02,2.2
EMP0121,BR13,2026-08-02,2.6
EMP0117,BR13,2026-08-03,3.3
EMP0118,BR13,2026-08-03,2.7
EMP0120,BR13,2026-08-03,3.3
EMP0122,BR13,2026-08-03,2.3
EMP0117,BR13,2026-08-04,2.5
EMP0119,BR13,2026-08-04,2.4
EMP0121,BR13,2026-08-04,2.7
EMP0122,BR13,2026-08-04,2.5
EMP0115,BR13,2026-08-05,2.6
EMP0116,BR13,2026-08-05,2.7
EMP0117,BR13,2026-08-05,2.7
EMP0118,BR13,2026-08-05,3.1
EMP0119,BR13,2026-08-05,3.1
EMP0121,BR13,2026-08-05,2.5
EMP0118,BR13,2026-08-06,2.5
EMP0119,BR13,2026-08-06,2.6
EMP0120,BR13,2026-08-06,2.5
EMP0121,BR13,2026-08-06,2.7
EMP0122,BR13,2026-08-06,2.8
EMP0115,BR13,2026-08-07,2.4
EMP0116,BR13,2026-08-07,2.7
EMP0117,BR13,2026-08-07,2.9
EMP0118,BR13,2026-08-07,2.4
EMP0121,BR13,2026-08-07,2.6
EMP0122,BR13,2026-08-07,2.4
EMP0115,BR13,2026-08-08,2.4
EMP0116,BR13,2026-08-08,2.4
EMP0118,BR13,2026-08-08,2.9
EMP0121,BR13,2026-08-08,2.6
EMP0122,BR13,2026-08-08,3.1
EMP0115,BR13,2026-08-09,2.4
EMP0116,BR13,2026-08-09,2.5
EMP0117,BR13,2026-08-09,2.5
EMP0118,BR13,2026-08-09,2.2
EMP0119,BR13,2026-08-09,2.5
EMP0120,BR13,2026-08-09,2.3
EMP0121,BR13,2026-08-09,2.9
EMP0122,BR13,2026-08-09,2.0
EMP0115,BR13,2026-08-10,3.1
EMP0116,BR13,2026-08-10,2.8
EMP0117,BR13,2026-08-10,2.4
EMP0120,BR13,2026-08-10,2.6
EMP0121,BR13,2026-08-10,2.7
EMP0122,BR13,2026-08-10,2.9
EMP0115,BR13,2026-08-11,2.5
EMP0116,BR13,2026-08-11,2.8
EMP0117,BR13,2026-08-11,2.2
EMP0118,BR13,2026-08-11,2.5
EMP0119,BR13,2026-08-11,2.6
EMP0115,BR13,2026-08-12,2.4
EMP0116,BR13,2026-08-12,2.9
EMP0117,BR13,2026-08-12,2.8
EMP0119,BR13,2026-08-12,2.8
EMP0120,BR13,2026-08-12,2.9
EMP0121,BR13,2026-08-12,2.8
EMP0122,BR13,2026-08-12,2.6
EMP0116,BR13,2026-08-13,2.7
EMP0118,BR13,2026-08-13,2.8
EMP0120,BR13,2026-08-13,2.6
EMP0121,BR13,2026-08-13,2.7
EMP0118,BR13,2026-08-14,2.7
EMP0122,BR13,2026-08-14,2.5
EMP0115,BR13,2026-08-15,2.5
EMP0116,BR13,2026-08-15,2.2
EMP0117,BR13,2026-08-15,2.8
EMP0118,BR13,2026-08-15,2.6
EMP0119,BR13,2026-08-15,2.6
EMP0120,BR13,2026-08-15,2.7
EMP0122,BR13,2026-08-15,2.8
EMP0115,BR13,2026-08-16,2.6
EMP0116,BR13,2026-08-16,2.2
EMP0117,BR13,2026-08-16,2.4
EMP0118,BR13,2026-08-16,2.4
EMP0119,BR13,2026-08-16,2.5
EMP0120,BR13,2026-08-16,2.4
EMP0121,BR13,2026-08-16,2.9
EMP0122,BR13,2026-08-16,2.8
EMP0115,BR13,2026-08-17,2.3
EMP0116,BR13,2026-08-17,2.6
EMP0118,BR13,2026-08-17,2.2
EMP0120,BR13,2026-08-17,2.7
EMP0121,BR13,2026-08-17,2.8
EMP0115,BR13,2026-08-18,2.7
EMP0116,BR13,2026-08-18,2.1
EMP0118,BR13,2026-08-18,2.5
EMP0119,BR13,2026-08-18,2.5
EMP0120,BR13,2026-08-18,2.9
EMP0121,BR13,2026-08-18,2.1
EMP0122,BR13,2026-08-18,2.8
EMP0115,BR13,2026-08-19,2.7
EMP0116,BR13,2026-08-19,2.3
EMP0118,BR13,2026-08-19,2.8
EMP0119,BR13,2026-08-19,3.0
EMP0120,BR13,2026-08-19,2.5
EMP0122,BR13,2026-08-19,2.5
EMP0115,BR13,2026-08-20,2.7
EMP0116,BR13,2026-08-20,2.5
EMP0118,BR13,2026-08-20,2.7
EMP0119,BR13,2026-08-20,2.7
EMP0120,BR13,2026-08-20,3.0
EMP0115,BR13,2026-08-21,2.8
EMP0117,BR13,2026-08-21,2.5
EMP0118,BR13,2026-08-21,3.2
EMP0119,BR13,2026-08-21,3.0
EMP0120,BR13,2026-08-21,2.6
EMP0121,BR13,2026-08-21,3.1
EMP0117,BR13,2026-08-22,2.5
EMP0118,BR13,2026-08-22,2.2
EMP0120,BR13,2026-08-22,2.6
EMP0122,BR13,2026-08-22,3.2
EMP0115,BR13,2026-08-23,2.6
EMP0116,BR13,2026-08-23,2.9
EMP0118,BR13,2026-08-23,2.9
EMP0119,BR13,2026-08-23,2.4
EMP0120,BR13,2026-08-23,2.7
EMP0122,BR13,2026-08-23,2.4
EMP0115,BR13,2026-08-24,2.9
EMP0116,BR13,2026-08-24,2.5
EMP0118,BR13,2026-08-24,2.5
EMP0119,BR13,2026-08-24,2.5
EMP0122,BR13,2026-08-24,2.9
EMP0116,BR13,2026-08-25,2.4
EMP0117,BR13,2026-08-25,2.9
EMP0120,BR13,2026-08-25,2.6
EMP0121,BR13,2026-08-25,2.6
EMP0122,BR13,2026-08-25,2.6
EMP0115,BR13,2026-08-26,2.5
EMP0116,BR13,2026-08-26,2.2
EMP0117,BR13,2026-08-26,2.9
EMP0118,BR13,2026-08-26,3.0
EMP0119,BR13,2026-08-26,2.9
EMP0120,BR13,2026-08-26,2.9
EMP0121,BR13,2026-08-26,2.7
EMP0115,BR13,2026-08-27,2.6
EMP0117,BR13,2026-08-27,3.1
EMP0118,BR13,2026-08-27,2.8
EMP0119,BR13,2026-08-27,2.5
EMP0120,BR13,2026-08-27,2.7
EMP0115,BR13,2026-08-28,2.7
EMP0117,BR13,2026-08-28,2.1
EMP0119,BR13,2026-08-28,3.0
EMP0121,BR13,2026-08-28,2.4
EMP0115,BR13,2026-08-29,2.7
EMP0116,BR13,2026-08-29,2.6
EMP0117,BR13,2026-08-29,3.1
EMP0115,BR13,2026-08-30,2.7
EMP0116,BR13,2026-08-30,2.6
EMP0117,BR13,2026-08-30,2.5
EMP0118,BR13,2026-08-30,2.7
EMP0119,BR13,2026-08-30,2.9
EMP0120,BR13,2026-08-30,2.8
EMP0115,BR13,2026-08-31,2.6
EMP0117,BR13,2026-08-31,2.9
EMP0118,BR13,2026-08-31,2.9
EMP0119,BR13,2026-08-31,2.6
EMP0121,BR13,2026-08-31,2.7
EMP0122,BR13,2026-08-31,2.0
EMP0115,BR13,2026-09-01,2.1
EMP0117,BR13,2026-09-01,2.0
EMP0118,BR13,2026-09-01,2.2
EMP0119,BR13,2026-09-01,2.3
EMP0120,BR13,2026-09-01,2.4
EMP0122,BR13,2026-09-01,2.5
EMP0115,BR13,2026-09-02,2.2
EMP0116,BR13,2026-09-02,2.4
EMP0118,BR13,2026-09-02,2.1
EMP0119,BR13,2026-09-02,2.1
EMP0120,BR13,2026-09-02,2.3
EMP0121,BR13,2026-09-02,2.1
EMP0122,BR13,2026-09-02,2.2
EMP0115,BR13,2026-09-03,2.2
EMP0116,BR13,2026-09-03,2.3
EMP0117,BR13,2026-09-03,2.4
EMP0118,BR13,2026-09-03,2.4
EMP0120,BR13,2026-09-03,2.5
EMP0121,BR13,2026-09-03,2.4
EMP0122,BR13,2026-09-03,2.5
EMP0117,BR13,2026-09-04,2.1
EMP0119,BR13,2026-09-04,2.7
EMP0120,BR13,2026-09-04,2.0
EMP0121,BR13,2026-09-04,2.1
EMP0122,BR13,2026-09-04,2.3
EMP0115,BR13,2026-09-05,2.1
EMP0117,BR13,2026-09-05,2.1
EMP0118,BR13,2026-09-05,1.9
EMP0119,BR13,2026-09-05,2.2
EMP0120,BR13,2026-09-05,2.3
EMP0121,BR13,2026-09-05,2.6
EMP0116,BR13,2026-09-06,2.2
EMP0117,BR13,2026-09-06,2.1
EMP0118,BR13,2026-09-06,2.1
EMP0119,BR13,2026-09-06,1.7
EMP0121,BR13,2026-09-06,1.9
EMP0122,BR13,2026-09-06,1.9
EMP0115,BR13,2026-09-07,2.3
EMP0116,BR13,2026-09-07,1.9
EMP0117,BR13,2026-09-07,2.1
EMP0118,BR13,2026-09-07,2.4
EMP0119,BR13,2026-09-07,2.3
EMP0121,BR13,2026-09-07,2.7
EMP0122,BR13,2026-09-07,2.3
EMP0115,BR13,2026-09-08,2.2
EMP0116,BR13,2026-09-08,2.4
EMP0118,BR13,2026-09-08,2.3
EMP0119,BR13,2026-09-08,2.5
EMP0120,BR13,2026-09-08,2.3
EMP0122,BR13,2026-09-08,2.5
EMP0117,BR13,2026-09-09,2.5
EMP0118,BR13,2026-09-09,1.9
EMP0119,BR13,2026-09-09,2.4
EMP0120,BR13,2026-09-09,2.5
EMP0121,BR13,2026-09-09,2.5
EMP0122,BR13,2026-09-09,2.4
EMP0115,BR13,2026-09-10,2.8
EMP0116,BR13,2026-09-10,2.1
EMP0117,BR13,2026-09-10,2.5
EMP0118,BR13,2026-09-10,2.0
EMP0119,BR13,2026-09-10,2.1
EMP0121,BR13,2026-09-10,2.3
EMP0122,BR13,2026-09-10,2.3
EMP0115,BR13,2026-09-11,2.4
EMP0116,BR13,2026-09-11,1.9
EMP0117,BR13,2026-09-11,2.1
EMP0118,BR13,2026-09-11,2.0
EMP0119,BR13,2026-09-11,2.3
EMP0120,BR13,2026-09-11,2.0
EMP0121,BR13,2026-09-11,2.1
EMP0122,BR13,2026-09-11,2.1
EMP0115,BR13,2026-09-12,2.6
EMP0116,BR13,2026-09-12,2.2
EMP0118,BR13,2026-09-12,2.4
EMP0121,BR13,2026-09-12,2.3
EMP0122,BR13,2026-09-12,2.0
EMP0115,BR13,2026-09-13,2.6
EMP0116,BR13,2026-09-13,2.2
EMP0117,BR13,2026-09-13,2.0
EMP0119,BR13,2026-09-13,2.5
EMP0120,BR13,2026-09-13,2.0
EMP0121,BR13,2026-09-13,2.2
EMP0122,BR13,2026-09-13,2.5
EMP0115,BR13,2026-09-14,2.3
EMP0116,BR13,2026-09-14,2.4
EMP0117,BR13,2026-09-14,2.3
EMP0118,BR13,2026-09-14,2.2
EMP0115,BR13,2026-09-15,2.5
EMP0117,BR13,2026-09-15,2.4
EMP0120,BR13,2026-09-15,2.8
EMP0121,BR13,2026-09-15,2.5
EMP0115,BR13,2026-09-16,2.5
EMP0116,BR13,2026-09-16,1.7
EMP0119,BR13,2026-09-16,2.2
EMP0120,BR13,2026-09-16,2.0
EMP0122,BR13,2026-09-16,1.9
EMP0115,BR13,2026-09-17,2.3
EMP0117,BR13,2026-09-17,2.7
EMP0118,BR13,2026-09-17,2.0
EMP0119,BR13,2026-09-17,2.3
EMP0120,BR13,2026-09-17,2.3
EMP0116,BR13,2026-09-18,2.1
EMP0117,BR13,2026-09-18,2.3
EMP0119,BR13,2026-09-18,2.7
EMP0122,BR13,2026-09-18,1.9
EMP0115,BR13,2026-09-19,2.7
EMP0116,BR13,2026-09-19,2.1
EMP0117,BR13,2026-09-19,2.5
EMP0118,BR13,2026-09-19,2.3
EMP0119,BR13,2026-09-19,2.4
EMP0120,BR13,2026-09-19,2.5
EMP0122,BR13,2026-09-19,2.5
EMP0116,BR13,2026-09-20,2.2
EMP0117,BR13,2026-09-20,2.6
EMP0118,BR13,2026-09-20,2.3
EMP0119,BR13,2026-09-20,2.5
EMP0121,BR13,2026-09-20,2.3
EMP0122,BR13,2026-09-20,2.3
EMP0124,BR14,2026-04-01,2.4
EMP0127,BR14,2026-04-01,3.1
EMP0128,BR14,2026-04-01,2.8
EMP0130,BR14,2026-04-01,2.8
EMP0123,BR14,2026-04-02,2.6
EMP0124,BR14,2026-04-02,2.8
EMP0125,BR14,2026-04-02,3.0
EMP0126,BR14,2026-04-02,2.6
EMP0127,BR14,2026-04-02,2.3
EMP0128,BR14,2026-04-02,2.9
EMP0129,BR14,2026-04-02,2.6
EMP0130,BR14,2026-04-02,2.5
EMP0123,BR14,2026-04-03,2.5
EMP0124,BR14,2026-04-03,2.8
EMP0126,BR14,2026-04-03,2.9
EMP0127,BR14,2026-04-03,2.7
EMP0128,BR14,2026-04-03,2.3
EMP0129,BR14,2026-04-03,2.4
EMP0130,BR14,2026-04-03,3.2
EMP0123,BR14,2026-04-04,2.6
EMP0124,BR14,2026-04-04,2.4
EMP0126,BR14,2026-04-04,2.7
EMP0127,BR14,2026-04-04,3.0
EMP0130,BR14,2026-04-04,2.6
EMP0123,BR14,2026-04-05,2.6
EMP0126,BR14,2026-04-05,2.2
EMP0128,BR14,2026-04-05,2.6
EMP0129,BR14,2026-04-05,2.4
EMP0123,BR14,2026-04-06,2.9
EMP0125,BR14,2026-04-06,3.1
EMP0126,BR14,2026-04-06,2.5
EMP0127,BR14,2026-04-06,2.4
EMP0129,BR14,2026-04-06,2.4
EMP0130,BR14,2026-04-06,2.9
EMP0123,BR14,2026-04-07,2.7
EMP0124,BR14,2026-04-07,2.2
EMP0125,BR14,2026-04-07,2.8
EMP0126,BR14,2026-04-07,2.9
EMP0127,BR14,2026-04-07,2.7
EMP0128,BR14,2026-04-07,2.5
EMP0129,BR14,2026-04-07,2.7
EMP0130,BR14,2026-04-07,3.1
EMP0123,BR14,2026-04-08,3.0
EMP0124,BR14,2026-04-08,2.3
EMP0125,BR14,2026-04-08,2.7
EMP0127,BR14,2026-04-08,2.4
EMP0128,BR14,2026-04-08,2.4
EMP0130,BR14,2026-04-08,2.7
EMP0123,BR14,2026-04-09,2.4
EMP0124,BR14,2026-04-09,2.6
EMP0127,BR14,2026-04-09,2.5
EMP0129,BR14,2026-04-09,2.5
EMP0130,BR14,2026-04-09,2.7
EMP0123,BR14,2026-04-10,2.7
EMP0124,BR14,2026-04-10,2.9
EMP0128,BR14,2026-04-10,2.8
EMP0129,BR14,2026-04-10,2.7
EMP0123,BR14,2026-04-11,2.8
EMP0124,BR14,2026-04-11,2.9
EMP0125,BR14,2026-04-11,2.6
EMP0126,BR14,2026-04-11,2.7
EMP0127,BR14,2026-04-11,2.7
EMP0128,BR14,2026-04-11,2.4
EMP0129,BR14,2026-04-11,2.5
EMP0123,BR14,2026-04-12,2.4
EMP0125,BR14,2026-04-12,2.7
EMP0127,BR14,2026-04-12,2.4
EMP0128,BR14,2026-04-12,2.7
EMP0129,BR14,2026-04-12,3.2
EMP0130,BR14,2026-04-12,2.6
EMP0123,BR14,2026-04-13,2.7
EMP0126,BR14,2026-04-13,2.9
EMP0128,BR14,2026-04-13,2.8
EMP0129,BR14,2026-04-13,2.8
EMP0124,BR14,2026-04-14,2.8
EMP0129,BR14,2026-04-14,1.9
EMP0130,BR14,2026-04-14,2.6
EMP0123,BR14,2026-04-15,2.6
EMP0125,BR14,2026-04-15,3.0
EMP0126,BR14,2026-04-15,2.7
EMP0130,BR14,2026-04-15,2.5
EMP0124,BR14,2026-04-16,2.4
EMP0125,BR14,2026-04-16,3.1
EMP0126,BR14,2026-04-16,3.0
EMP0128,BR14,2026-04-16,2.4
EMP0129,BR14,2026-04-16,2.9
EMP0130,BR14,2026-04-16,2.6
EMP0123,BR14,2026-04-17,2.7
EMP0124,BR14,2026-04-17,2.7
EMP0125,BR14,2026-04-17,2.5
EMP0126,BR14,2026-04-17,2.9
EMP0127,BR14,2026-04-17,3.0
EMP0128,BR14,2026-04-17,2.8
EMP0129,BR14,2026-04-17,2.8
EMP0123,BR14,2026-04-18,2.8
EMP0124,BR14,2026-04-18,2.5
EMP0125,BR14,2026-04-18,3.0
EMP0126,BR14,2026-04-18,2.3
EMP0128,BR14,2026-04-18,2.5
EMP0130,BR14,2026-04-18,2.6
EMP0124,BR14,2026-04-19,3.0
EMP0128,BR14,2026-04-19,2.9
EMP0129,BR14,2026-04-19,2.5
EMP0123,BR14,2026-04-20,2.5
EMP0124,BR14,2026-04-20,3.5
EMP0125,BR14,2026-04-20,2.4
EMP0126,BR14,2026-04-20,2.5
EMP0128,BR14,2026-04-20,2.9
EMP0129,BR14,2026-04-20,2.9
EMP0123,BR14,2026-04-21,2.8
EMP0124,BR14,2026-04-21,2.4
EMP0125,BR14,2026-04-21,2.8
EMP0126,BR14,2026-04-21,2.5
EMP0128,BR14,2026-04-21,2.8
EMP0129,BR14,2026-04-21,3.0
EMP0130,BR14,2026-04-21,2.8
EMP0123,BR14,2026-04-22,2.6
EMP0124,BR14,2026-04-22,2.3
EMP0125,BR14,2026-04-22,2.6
EMP0126,BR14,2026-04-22,2.8
EMP0127,BR14,2026-04-22,2.4
EMP0129,BR14,2026-04-22,2.9
EMP0130,BR14,2026-04-22,2.4
EMP0124,BR14,2026-04-23,2.7
EMP0125,BR14,2026-04-23,2.6
EMP0126,BR14,2026-04-23,2.6
EMP0127,BR14,2026-04-23,3.3
EMP0128,BR14,2026-04-23,2.8
EMP0129,BR14,2026-04-23,2.2
EMP0123,BR14,2026-04-24,2.8
EMP0127,BR14,2026-04-24,2.6
EMP0128,BR14,2026-04-24,2.7
EMP0130,BR14,2026-04-24,2.8
EMP0123,BR14,2026-04-25,2.8
EMP0124,BR14,2026-04-25,2.2
EMP0125,BR14,2026-04-25,2.6
EMP0126,BR14,2026-04-25,2.4
EMP0127,BR14,2026-04-25,2.4
EMP0128,BR14,2026-04-25,2.8
EMP0130,BR14,2026-04-25,3.2
EMP0125,BR14,2026-04-26,2.6
EMP0126,BR14,2026-04-26,2.8
EMP0128,BR14,2026-04-26,2.9
EMP0129,BR14,2026-04-26,2.6
EMP0130,BR14,2026-04-26,2.5
EMP0123,BR14,2026-04-27,3.1
EMP0124,BR14,2026-04-27,2.7
EMP0125,BR14,2026-04-27,2.5
EMP0126,BR14,2026-04-27,3.1
EMP0127,BR14,2026-04-27,2.9
EMP0128,BR14,2026-04-27,2.4
EMP0129,BR14,2026-04-27,2.4
EMP0130,BR14,2026-04-27,2.5
EMP0123,BR14,2026-04-28,2.9
EMP0124,BR14,2026-04-28,2.6
EMP0126,BR14,2026-04-28,2.8
EMP0129,BR14,2026-04-28,3.0
EMP0130,BR14,2026-04-28,2.6
EMP0124,BR14,2026-04-29,2.6
EMP0125,BR14,2026-04-29,2.5
EMP0126,BR14,2026-04-29,2.5
EMP0127,BR14,2026-04-29,3.2
EMP0129,BR14,2026-04-29,2.7
EMP0130,BR14,2026-04-29,2.5
EMP0123,BR14,2026-04-30,3.0
EMP0125,BR14,2026-04-30,2.9
EMP0127,BR14,2026-04-30,2.1
EMP0128,BR14,2026-04-30,2.8
EMP0130,BR14,2026-04-30,2.7
EMP0123,BR14,2026-05-01,3.2
EMP0124,BR14,2026-05-01,3.1
EMP0125,BR14,2026-05-01,3.7
EMP0127,BR14,2026-05-01,3.5
EMP0129,BR14,2026-05-01,3.6
EMP0130,BR14,2026-05-01,3.4
EMP0123,BR14,2026-05-02,3.5
EMP0124,BR14,2026-05-02,3.5
EMP0125,BR14,2026-05-02,3.3
EMP0126,BR14,2026-05-02,3.0
EMP0127,BR14,2026-05-02,3.1
EMP0129,BR14,2026-05-02,3.4
EMP0124,BR14,2026-05-03,3.4
EMP0127,BR14,2026-05-03,3.1
EMP0129,BR14,2026-05-03,3.7
EMP0130,BR14,2026-05-03,3.7
EMP0124,BR14,2026-05-04,3.4
EMP0129,BR14,2026-05-04,3.2
EMP0130,BR14,2026-05-04,3.5
EMP0123,BR14,2026-05-05,3.5
EMP0124,BR14,2026-05-05,3.7
EMP0125,BR14,2026-05-05,3.6
EMP0126,BR14,2026-05-05,3.2
EMP0127,BR14,2026-05-05,4.1
EMP0129,BR14,2026-05-05,3.3
EMP0123,BR14,2026-05-06,3.6
EMP0125,BR14,2026-05-06,3.6
EMP0126,BR14,2026-05-06,3.3
EMP0128,BR14,2026-05-06,3.2
EMP0129,BR14,2026-05-06,3.4
EMP0130,BR14,2026-05-06,3.2
EMP0123,BR14,2026-05-07,3.6
EMP0124,BR14,2026-05-07,3.0
EMP0125,BR14,2026-05-07,3.3
EMP0126,BR14,2026-05-07,3.2
EMP0127,BR14,2026-05-07,3.9
EMP0128,BR14,2026-05-07,3.1
EMP0130,BR14,2026-05-07,3.6
EMP0123,BR14,2026-05-08,3.6
EMP0124,BR14,2026-05-08,3.6
EMP0125,BR14,2026-05-08,3.7
EMP0128,BR14,2026-05-08,2.8
EMP0130,BR14,2026-05-08,3.7
EMP0123,BR14,2026-05-09,3.5
EMP0124,BR14,2026-05-09,3.5
EMP0126,BR14,2026-05-09,3.2
EMP0128,BR14,2026-05-09,3.9
EMP0123,BR14,2026-05-10,3.0
EMP0124,BR14,2026-05-10,3.8
EMP0125,BR14,2026-05-10,3.1
EMP0126,BR14,2026-05-10,3.0
EMP0128,BR14,2026-05-10,3.4
EMP0129,BR14,2026-05-10,4.3
EMP0130,BR14,2026-05-10,3.0
EMP0123,BR14,2026-05-11,3.7
EMP0125,BR14,2026-05-11,3.6
EMP0126,BR14,2026-05-11,3.7
EMP0127,BR14,2026-05-11,2.7
EMP0128,BR14,2026-05-11,3.4
EMP0129,BR14,2026-05-11,2.4
EMP0123,BR14,2026-05-12,2.9
EMP0124,BR14,2026-05-12,3.2
EMP0125,BR14,2026-05-12,3.0
EMP0126,BR14,2026-05-12,3.8
EMP0127,BR14,2026-05-12,2.9
EMP0128,BR14,2026-05-12,3.4
EMP0130,BR14,2026-05-12,3.3
EMP0123,BR14,2026-05-13,3.7
EMP0124,BR14,2026-05-13,3.6
EMP0125,BR14,2026-05-13,3.3
EMP0126,BR14,2026-05-13,3.1
EMP0127,BR14,2026-05-13,3.4
EMP0129,BR14,2026-05-13,2.7
EMP0130,BR14,2026-05-13,3.5
EMP0123,BR14,2026-05-14,3.1
EMP0125,BR14,2026-05-14,2.7
EMP0126,BR14,2026-05-14,3.1
EMP0127,BR14,2026-05-14,3.9
EMP0128,BR14,2026-05-14,3.3
EMP0130,BR14,2026-05-14,3.3
EMP0123,BR14,2026-05-15,3.9
EMP0124,BR14,2026-05-15,3.6
EMP0125,BR14,2026-05-15,3.1
EMP0126,BR14,2026-05-15,3.5
EMP0128,BR14,2026-05-15,3.9
EMP0129,BR14,2026-05-15,3.5
EMP0124,BR14,2026-05-16,3.4
EMP0125,BR14,2026-05-16,3.0
EMP0126,BR14,2026-05-16,3.2
EMP0127,BR14,2026-05-16,3.6
EMP0128,BR14,2026-05-16,3.2
EMP0129,BR14,2026-05-16,3.6
EMP0130,BR14,2026-05-16,3.7
EMP0123,BR14,2026-05-17,3.8
EMP0124,BR14,2026-05-17,3.4
EMP0126,BR14,2026-05-17,3.5
EMP0127,BR14,2026-05-17,3.5
EMP0129,BR14,2026-05-17,2.8
EMP0130,BR14,2026-05-17,4.0
EMP0123,BR14,2026-05-18,3.4
EMP0126,BR14,2026-05-18,3.9
EMP0128,BR14,2026-05-18,2.7
EMP0129,BR14,2026-05-18,3.0
EMP0130,BR14,2026-05-18,3.3
EMP0123,BR14,2026-05-19,3.2
EMP0125,BR14,2026-05-19,3.2
EMP0126,BR14,2026-05-19,3.5
EMP0127,BR14,2026-05-19,3.5
EMP0128,BR14,2026-05-19,3.9
EMP0129,BR14,2026-05-19,3.4
EMP0130,BR14,2026-05-19,3.0
EMP0123,BR14,2026-05-20,3.5
EMP0129,BR14,2026-05-20,3.7
EMP0130,BR14,2026-05-20,3.1
EMP0127,BR14,2026-05-21,3.1
EMP0129,BR14,2026-05-21,3.2
EMP0130,BR14,2026-05-21,3.9
EMP0125,BR14,2026-05-22,3.3
EMP0126,BR14,2026-05-22,3.6
EMP0127,BR14,2026-05-22,3.3
EMP0128,BR14,2026-05-22,3.0
EMP0129,BR14,2026-05-22,2.9
EMP0130,BR14,2026-05-22,3.5
EMP0124,BR14,2026-05-23,3.2
EMP0125,BR14,2026-05-23,3.3
EMP0126,BR14,2026-05-23,3.9
EMP0128,BR14,2026-05-23,3.7
EMP0129,BR14,2026-05-23,3.8
EMP0130,BR14,2026-05-23,4.0
EMP0123,BR14,2026-05-24,3.2
EMP0124,BR14,2026-05-24,3.4
EMP0125,BR14,2026-05-24,3.5
EMP0126,BR14,2026-05-24,3.4
EMP0127,BR14,2026-05-24,3.0
EMP0128,BR14,2026-05-24,3.1
EMP0129,BR14,2026-05-24,3.3
EMP0130,BR14,2026-05-24,3.3
EMP0123,BR14,2026-05-25,3.8
EMP0125,BR14,2026-05-25,3.4
EMP0126,BR14,2026-05-25,3.1
EMP0127,BR14,2026-05-25,3.3
EMP0128,BR14,2026-05-25,3.4
EMP0129,BR14,2026-05-25,3.2
EMP0130,BR14,2026-05-25,4.0
EMP0124,BR14,2026-05-26,3.4
EMP0125,BR14,2026-05-26,4.0
EMP0126,BR14,2026-05-26,3.9
EMP0127,BR14,2026-05-26,3.4
EMP0128,BR14,2026-05-26,3.3
EMP0124,BR14,2026-05-27,3.2
EMP0125,BR14,2026-05-27,3.8
EMP0127,BR14,2026-05-27,3.4
EMP0129,BR14,2026-05-27,3.4
EMP0130,BR14,2026-05-27,3.0
EMP0124,BR14,2026-05-28,3.5
EMP0125,BR14,2026-05-28,3.2
EMP0126,BR14,2026-05-28,3.9
EMP0128,BR14,2026-05-28,3.0
EMP0129,BR14,2026-05-28,3.9
EMP0130,BR14,2026-05-28,3.2
EMP0123,BR14,2026-05-29,3.7
EMP0124,BR14,2026-05-29,3.6
EMP0125,BR14,2026-05-29,3.1
EMP0126,BR14,2026-05-29,3.2
EMP0129,BR14,2026-05-29,3.5
EMP0130,BR14,2026-05-29,4.3
EMP0123,BR14,2026-05-30,3.5
EMP0125,BR14,2026-05-30,2.7
EMP0127,BR14,2026-05-30,3.0
EMP0128,BR14,2026-05-30,3.1
EMP0129,BR14,2026-05-30,3.9
EMP0130,BR14,2026-05-30,3.3
EMP0123,BR14,2026-05-31,3.1
EMP0124,BR14,2026-05-31,3.0
EMP0126,BR14,2026-05-31,2.8
EMP0127,BR14,2026-05-31,3.3
EMP0128,BR14,2026-05-31,3.9
EMP0129,BR14,2026-05-31,3.4
EMP0123,BR14,2026-06-01,3.3
EMP0124,BR14,2026-06-01,2.7
EMP0126,BR14,2026-06-01,3.0
EMP0127,BR14,2026-06-01,2.9
EMP0128,BR14,2026-06-01,2.9
EMP0129,BR14,2026-06-01,2.8
EMP0123,BR14,2026-06-02,2.6
EMP0125,BR14,2026-06-02,2.3
EMP0127,BR14,2026-06-02,2.8
EMP0128,BR14,2026-06-02,3.1
EMP0129,BR14,2026-06-02,2.5
EMP0130,BR14,2026-06-02,3.0
EMP0123,BR14,2026-06-03,3.1
EMP0124,BR14,2026-06-03,2.7
EMP0125,BR14,2026-06-03,2.2
EMP0126,BR14,2026-06-03,3.0
EMP0129,BR14,2026-06-03,3.3
EMP0123,BR14,2026-06-04,2.9
EMP0124,BR14,2026-06-04,2.9
EMP0126,BR14,2026-06-04,2.4
EMP0127,BR14,2026-06-04,2.9
EMP0123,BR14,2026-06-05,2.6
EMP0127,BR14,2026-06-05,2.8
EMP0128,BR14,2026-06-05,2.4
EMP0129,BR14,2026-06-05,2.7
EMP0130,BR14,2026-06-05,2.6
EMP0124,BR14,2026-06-06,2.7
EMP0125,BR14,2026-06-06,3.1
EMP0126,BR14,2026-06-06,2.5
EMP0128,BR14,2026-06-06,2.9
EMP0123,BR14,2026-06-07,2.6
EMP0125,BR14,2026-06-07,2.9
EMP0127,BR14,2026-06-07,3.0
EMP0128,BR14,2026-06-07,3.1
EMP0129,BR14,2026-06-07,2.9
EMP0123,BR14,2026-06-08,2.2
EMP0124,BR14,2026-06-08,2.9
EMP0125,BR14,2026-06-08,2.8
EMP0126,BR14,2026-06-08,3.0
EMP0128,BR14,2026-06-08,2.5
EMP0130,BR14,2026-06-08,3.0
EMP0123,BR14,2026-06-09,3.0
EMP0125,BR14,2026-06-09,2.9
EMP0126,BR14,2026-06-09,2.7
EMP0127,BR14,2026-06-09,3.1
EMP0128,BR14,2026-06-09,2.8
EMP0129,BR14,2026-06-09,3.4
EMP0130,BR14,2026-06-09,2.7
EMP0123,BR14,2026-06-10,3.1
EMP0124,BR14,2026-06-10,3.2
EMP0126,BR14,2026-06-10,3.3
EMP0127,BR14,2026-06-10,2.4
EMP0128,BR14,2026-06-10,2.9
EMP0129,BR14,2026-06-10,2.9
EMP0130,BR14,2026-06-10,2.9
EMP0123,BR14,2026-06-11,2.8
EMP0124,BR14,2026-06-11,2.4
EMP0125,BR14,2026-06-11,2.7
EMP0130,BR14,2026-06-11,3.0
EMP0123,BR14,2026-06-12,2.8
EMP0126,BR14,2026-06-12,2.8
EMP0127,BR14,2026-06-12,2.5
EMP0128,BR14,2026-06-12,3.1
EMP0129,BR14,2026-06-12,2.9
EMP0130,BR14,2026-06-12,3.0
EMP0123,BR14,2026-06-13,3.1
EMP0124,BR14,2026-06-13,2.5
EMP0125,BR14,2026-06-13,2.7
EMP0126,BR14,2026-06-13,2.9
EMP0128,BR14,2026-06-13,2.7
EMP0130,BR14,2026-06-13,3.0
EMP0123,BR14,2026-06-14,2.7
EMP0124,BR14,2026-06-14,3.2
EMP0126,BR14,2026-06-14,2.9
EMP0128,BR14,2026-06-14,2.9
EMP0129,BR14,2026-06-14,2.9
EMP0123,BR14,2026-06-15,2.5
EMP0124,BR14,2026-06-15,2.4
EMP0125,BR14,2026-06-15,2.7
EMP0126,BR14,2026-06-15,3.2
EMP0127,BR14,2026-06-15,2.9
EMP0128,BR14,2026-06-15,3.0
EMP0124,BR14,2026-06-16,2.2
EMP0125,BR14,2026-06-16,2.9
EMP0127,BR14,2026-06-16,2.6
EMP0128,BR14,2026-06-16,2.7
EMP0129,BR14,2026-06-16,3.1
EMP0123,BR14,2026-06-17,3.5
EMP0124,BR14,2026-06-17,2.6
EMP0125,BR14,2026-06-17,2.9
EMP0126,BR14,2026-06-17,2.5
EMP0129,BR14,2026-06-17,3.0
EMP0123,BR14,2026-06-18,3.1
EMP0126,BR14,2026-06-18,2.9
EMP0127,BR14,2026-06-18,2.7
EMP0128,BR14,2026-06-18,3.1
EMP0129,BR14,2026-06-18,2.3
EMP0130,BR14,2026-06-18,2.3
EMP0123,BR14,2026-06-19,2.6
EMP0127,BR14,2026-06-19,3.1
EMP0128,BR14,2026-06-19,2.9
EMP0129,BR14,2026-06-19,2.5
EMP0130,BR14,2026-06-19,2.9
EMP0123,BR14,2026-06-20,2.1
EMP0124,BR14,2026-06-20,2.9
EMP0125,BR14,2026-06-20,1.8
EMP0127,BR14,2026-06-20,3.2
EMP0128,BR14,2026-06-20,3.3
EMP0129,BR14,2026-06-20,2.9
EMP0130,BR14,2026-06-20,2.5
EMP0123,BR14,2026-06-21,3.1
EMP0125,BR14,2026-06-21,2.7
EMP0126,BR14,2026-06-21,3.4
EMP0127,BR14,2026-06-21,2.6
EMP0128,BR14,2026-06-21,2.9
EMP0129,BR14,2026-06-21,2.9
EMP0123,BR14,2026-06-22,2.7
EMP0124,BR14,2026-06-22,2.7
EMP0126,BR14,2026-06-22,2.9
EMP0129,BR14,2026-06-22,2.5
EMP0130,BR14,2026-06-22,2.5
EMP0123,BR14,2026-06-23,2.8
EMP0124,BR14,2026-06-23,2.5
EMP0125,BR14,2026-06-23,2.5
EMP0127,BR14,2026-06-23,3.2
EMP0123,BR14,2026-06-24,3.4
EMP0124,BR14,2026-06-24,2.6
EMP0125,BR14,2026-06-24,3.3
EMP0127,BR14,2026-06-24,2.7
EMP0128,BR14,2026-06-24,2.7
EMP0129,BR14,2026-06-24,2.7
EMP0130,BR14,2026-06-24,3.1
EMP0123,BR14,2026-06-25,2.7
EMP0124,BR14,2026-06-25,2.7
EMP0125,BR14,2026-06-25,2.6
EMP0126,BR14,2026-06-25,3.0
EMP0127,BR14,2026-06-25,2.4
EMP0128,BR14,2026-06-25,3.3
EMP0123,BR14,2026-06-26,2.7
EMP0124,BR14,2026-06-26,2.9
EMP0125,BR14,2026-06-26,3.1
EMP0126,BR14,2026-06-26,2.7
EMP0127,BR14,2026-06-26,2.6
EMP0128,BR14,2026-06-26,2.8
EMP0129,BR14,2026-06-26,2.6
EMP0130,BR14,2026-06-26,2.7
EMP0125,BR14,2026-06-27,2.5
EMP0128,BR14,2026-06-27,2.6
EMP0129,BR14,2026-06-27,2.4
EMP0123,BR14,2026-06-28,3.0
EMP0124,BR14,2026-06-28,2.7
EMP0125,BR14,2026-06-28,3.1
EMP0126,BR14,2026-06-28,2.6
EMP0127,BR14,2026-06-28,2.9
EMP0129,BR14,2026-06-28,2.6
EMP0130,BR14,2026-06-28,2.2
EMP0123,BR14,2026-06-29,2.9
EMP0124,BR14,2026-06-29,2.6
EMP0125,BR14,2026-06-29,2.9
EMP0129,BR14,2026-06-29,2.8
EMP0130,BR14,2026-06-29,3.3
EMP0123,BR14,2026-06-30,2.5
EMP0124,BR14,2026-06-30,3.0
EMP0125,BR14,2026-06-30,3.1
EMP0127,BR14,2026-06-30,3.0
EMP0128,BR14,2026-06-30,2.8
EMP0130,BR14,2026-06-30,3.1
EMP0124,BR14,2026-07-01,2.9
EMP0127,BR14,2026-07-01,2.8
EMP0128,BR14,2026-07-01,3.1
EMP0129,BR14,2026-07-01,3.2
EMP0130,BR14,2026-07-01,2.9
EMP0125,BR14,2026-07-02,2.8
EMP0127,BR14,2026-07-02,2.3
EMP0128,BR14,2026-07-02,3.1
EMP0130,BR14,2026-07-02,2.4
EMP0123,BR14,2026-07-03,3.0
EMP0124,BR14,2026-07-03,2.8
EMP0127,BR14,2026-07-03,3.0
EMP0130,BR14,2026-07-03,3.0
EMP0123,BR14,2026-07-04,2.8
EMP0124,BR14,2026-07-04,3.3
EMP0126,BR14,2026-07-04,3.2
EMP0127,BR14,2026-07-04,3.1
EMP0129,BR14,2026-07-04,2.0
EMP0130,BR14,2026-07-04,2.5
EMP0123,BR14,2026-07-05,2.6
EMP0125,BR14,2026-07-05,2.7
EMP0126,BR14,2026-07-05,3.1
EMP0127,BR14,2026-07-05,2.5
EMP0128,BR14,2026-07-05,3.2
EMP0129,BR14,2026-07-05,2.9
EMP0130,BR14,2026-07-05,2.2
EMP0123,BR14,2026-07-06,2.8
EMP0124,BR14,2026-07-06,2.4
EMP0125,BR14,2026-07-06,3.4
EMP0127,BR14,2026-07-06,3.0
EMP0128,BR14,2026-07-06,2.2
EMP0129,BR14,2026-07-06,2.8
EMP0124,BR14,2026-07-07,3.0
EMP0125,BR14,2026-07-07,2.6
EMP0126,BR14,2026-07-07,3.0
EMP0127,BR14,2026-07-07,2.6
EMP0128,BR14,2026-07-07,2.9
EMP0129,BR14,2026-07-07,2.5
EMP0130,BR14,2026-07-07,2.7
EMP0123,BR14,2026-07-08,3.1
EMP0124,BR14,2026-07-08,3.3
EMP0125,BR14,2026-07-08,2.9
EMP0127,BR14,2026-07-08,3.2
EMP0128,BR14,2026-07-08,2.3
EMP0129,BR14,2026-07-08,3.4
EMP0123,BR14,2026-07-09,2.8
EMP0124,BR14,2026-07-09,3.5
EMP0126,BR14,2026-07-09,3.0
EMP0128,BR14,2026-07-09,3.0
EMP0123,BR14,2026-07-10,2.6
EMP0124,BR14,2026-07-10,2.9
EMP0125,BR14,2026-07-10,2.4
EMP0127,BR14,2026-07-10,3.1
EMP0128,BR14,2026-07-10,2.7
EMP0129,BR14,2026-07-10,2.9
EMP0130,BR14,2026-07-10,2.8
EMP0124,BR14,2026-07-11,2.8
EMP0125,BR14,2026-07-11,3.1
EMP0126,BR14,2026-07-11,2.9
EMP0128,BR14,2026-07-11,2.9
EMP0129,BR14,2026-07-11,2.7
EMP0123,BR14,2026-07-12,2.5
EMP0124,BR14,2026-07-12,2.6
EMP0125,BR14,2026-07-12,3.2
EMP0126,BR14,2026-07-12,2.6
EMP0128,BR14,2026-07-12,2.9
EMP0130,BR14,2026-07-12,2.4
EMP0123,BR14,2026-07-13,2.8
EMP0125,BR14,2026-07-13,2.9
EMP0126,BR14,2026-07-13,2.8
EMP0127,BR14,2026-07-13,3.2
EMP0128,BR14,2026-07-13,2.9
EMP0129,BR14,2026-07-13,3.0
EMP0130,BR14,2026-07-13,2.7
EMP0123,BR14,2026-07-14,2.9
EMP0124,BR14,2026-07-14,2.5
EMP0127,BR14,2026-07-14,2.2
EMP0129,BR14,2026-07-14,3.1
EMP0130,BR14,2026-07-14,2.2
EMP0124,BR14,2026-07-15,2.6
EMP0126,BR14,2026-07-15,3.1
EMP0128,BR14,2026-07-15,2.4
EMP0129,BR14,2026-07-15,3.0
EMP0130,BR14,2026-07-15,2.9
EMP0124,BR14,2026-07-16,2.8
EMP0125,BR14,2026-07-16,2.6
EMP0126,BR14,2026-07-16,2.8
EMP0127,BR14,2026-07-16,2.8
EMP0128,BR14,2026-07-16,3.2
EMP0130,BR14,2026-07-16,3.2
EMP0123,BR14,2026-07-17,2.6
EMP0124,BR14,2026-07-17,3.1
EMP0125,BR14,2026-07-17,2.9
EMP0126,BR14,2026-07-17,2.4
EMP0127,BR14,2026-07-17,3.2
EMP0129,BR14,2026-07-17,3.1
EMP0124,BR14,2026-07-18,2.6
EMP0128,BR14,2026-07-18,2.9
EMP0129,BR14,2026-07-18,2.8
EMP0130,BR14,2026-07-18,3.1
EMP0123,BR14,2026-07-19,3.1
EMP0124,BR14,2026-07-19,2.7
EMP0125,BR14,2026-07-19,3.1
EMP0126,BR14,2026-07-19,3.0
EMP0127,BR14,2026-07-19,3.0
EMP0129,BR14,2026-07-19,2.9
EMP0130,BR14,2026-07-19,3.0
EMP0124,BR14,2026-07-20,3.1
EMP0125,BR14,2026-07-20,2.3
EMP0127,BR14,2026-07-20,3.2
EMP0128,BR14,2026-07-20,2.9
EMP0129,BR14,2026-07-20,2.9
EMP0130,BR14,2026-07-20,3.5
EMP0123,BR14,2026-07-21,3.1
EMP0124,BR14,2026-07-21,2.8
EMP0125,BR14,2026-07-21,2.8
EMP0126,BR14,2026-07-21,2.6
EMP0127,BR14,2026-07-21,2.5
EMP0128,BR14,2026-07-21,2.8
EMP0130,BR14,2026-07-21,2.8
EMP0123,BR14,2026-07-22,2.9
EMP0125,BR14,2026-07-22,2.5
EMP0129,BR14,2026-07-22,2.8
EMP0130,BR14,2026-07-22,2.8
EMP0123,BR14,2026-07-23,3.2
EMP0124,BR14,2026-07-23,2.9
EMP0125,BR14,2026-07-23,2.8
EMP0126,BR14,2026-07-23,2.6
EMP0127,BR14,2026-07-23,3.3
EMP0129,BR14,2026-07-23,2.5
EMP0130,BR14,2026-07-23,2.9
EMP0123,BR14,2026-07-24,2.5
EMP0124,BR14,2026-07-24,3.2
EMP0125,BR14,2026-07-24,3.1
EMP0126,BR14,2026-07-24,3.3
EMP0127,BR14,2026-07-24,2.5
EMP0128,BR14,2026-07-24,3.5
EMP0129,BR14,2026-07-24,2.8
EMP0125,BR14,2026-07-25,2.9
EMP0126,BR14,2026-07-25,2.9
EMP0127,BR14,2026-07-25,2.6
EMP0128,BR14,2026-07-25,2.7
EMP0129,BR14,2026-07-25,2.8
EMP0130,BR14,2026-07-25,2.7
EMP0123,BR14,2026-07-26,2.5
EMP0124,BR14,2026-07-26,3.1
EMP0125,BR14,2026-07-26,2.5
EMP0126,BR14,2026-07-26,2.4
EMP0127,BR14,2026-07-26,2.9
EMP0128,BR14,2026-07-26,2.9
EMP0129,BR14,2026-07-26,2.9
EMP0130,BR14,2026-07-26,2.2
EMP0123,BR14,2026-07-27,2.5
EMP0124,BR14,2026-07-27,3.1
EMP0125,BR14,2026-07-27,2.6
EMP0129,BR14,2026-07-27,3.0
EMP0123,BR14,2026-07-28,2.9
EMP0125,BR14,2026-07-28,2.9
EMP0127,BR14,2026-07-28,2.7
EMP0128,BR14,2026-07-28,2.1
EMP0129,BR14,2026-07-28,2.9
EMP0130,BR14,2026-07-28,2.8
EMP0123,BR14,2026-07-29,3.1
EMP0125,BR14,2026-07-29,3.1
EMP0127,BR14,2026-07-29,2.8
EMP0128,BR14,2026-07-29,3.1
EMP0129,BR14,2026-07-29,2.5
EMP0123,BR14,2026-07-30,2.9
EMP0125,BR14,2026-07-30,2.6
EMP0126,BR14,2026-07-30,2.8
EMP0127,BR14,2026-07-30,2.4
EMP0129,BR14,2026-07-30,2.5
EMP0130,BR14,2026-07-30,3.0
EMP0123,BR14,2026-07-31,2.8
EMP0124,BR14,2026-07-31,2.7
EMP0125,BR14,2026-07-31,2.7
EMP0126,BR14,2026-07-31,3.6
EMP0127,BR14,2026-07-31,2.4
EMP0129,BR14,2026-07-31,3.0
EMP0130,BR14,2026-07-31,2.6
EMP0123,BR14,2026-08-01,3.2
EMP0124,BR14,2026-08-01,3.3
EMP0126,BR14,2026-08-01,3.7
EMP0127,BR14,2026-08-01,3.2
EMP0130,BR14,2026-08-01,3.5
EMP0123,BR14,2026-08-02,4.0
EMP0124,BR14,2026-08-02,3.7
EMP0125,BR14,2026-08-02,3.5
EMP0129,BR14,2026-08-02,2.9
EMP0130,BR14,2026-08-02,3.0
EMP0123,BR14,2026-08-03,3.3
EMP0124,BR14,2026-08-03,3.3
EMP0125,BR14,2026-08-03,3.7
EMP0127,BR14,2026-08-03,3.3
EMP0128,BR14,2026-08-03,4.3
EMP0129,BR14,2026-08-03,3.0
EMP0124,BR14,2026-08-04,2.8
EMP0125,BR14,2026-08-04,3.1
EMP0129,BR14,2026-08-04,3.4
EMP0123,BR14,2026-08-05,3.9
EMP0126,BR14,2026-08-05,2.8
EMP0127,BR14,2026-08-05,3.8
EMP0128,BR14,2026-08-05,2.8
EMP0129,BR14,2026-08-05,3.7
EMP0130,BR14,2026-08-05,2.9
EMP0123,BR14,2026-08-06,3.3
EMP0124,BR14,2026-08-06,3.4
EMP0125,BR14,2026-08-06,3.5
EMP0126,BR14,2026-08-06,3.6
EMP0128,BR14,2026-08-06,3.5
EMP0123,BR14,2026-08-07,3.3
EMP0125,BR14,2026-08-07,3.9
EMP0127,BR14,2026-08-07,3.7
EMP0130,BR14,2026-08-07,3.0
EMP0123,BR14,2026-08-08,3.2
EMP0124,BR14,2026-08-08,3.0
EMP0125,BR14,2026-08-08,4.5
EMP0127,BR14,2026-08-08,4.0
EMP0128,BR14,2026-08-08,3.6
EMP0130,BR14,2026-08-08,2.8
EMP0123,BR14,2026-08-09,3.1
EMP0125,BR14,2026-08-09,3.1
EMP0126,BR14,2026-08-09,3.8
EMP0127,BR14,2026-08-09,3.4
EMP0128,BR14,2026-08-09,2.9
EMP0130,BR14,2026-08-09,4.0
EMP0123,BR14,2026-08-10,3.6
EMP0125,BR14,2026-08-10,3.2
EMP0126,BR14,2026-08-10,4.1
EMP0127,BR14,2026-08-10,3.0
EMP0129,BR14,2026-08-10,3.3
EMP0124,BR14,2026-08-11,3.6
EMP0126,BR14,2026-08-11,3.6
EMP0129,BR14,2026-08-11,3.1
EMP0123,BR14,2026-08-12,2.8
EMP0125,BR14,2026-08-12,3.2
EMP0128,BR14,2026-08-12,3.7
EMP0130,BR14,2026-08-12,3.6
EMP0125,BR14,2026-08-13,3.4
EMP0126,BR14,2026-08-13,3.3
EMP0128,BR14,2026-08-13,3.4
EMP0129,BR14,2026-08-13,3.4
EMP0130,BR14,2026-08-13,3.7
EMP0123,BR14,2026-08-14,4.1
EMP0125,BR14,2026-08-14,3.3
EMP0126,BR14,2026-08-14,2.9
EMP0129,BR14,2026-08-14,4.4
EMP0130,BR14,2026-08-14,3.4
EMP0123,BR14,2026-08-15,3.3
EMP0124,BR14,2026-08-15,3.3
EMP0125,BR14,2026-08-15,3.8
EMP0126,BR14,2026-08-15,2.5
EMP0127,BR14,2026-08-15,3.5
EMP0128,BR14,2026-08-15,3.4
EMP0129,BR14,2026-08-15,3.3
EMP0130,BR14,2026-08-15,3.4
EMP0123,BR14,2026-08-16,3.1
EMP0124,BR14,2026-08-16,3.1
EMP0125,BR14,2026-08-16,2.9
EMP0126,BR14,2026-08-16,3.6
EMP0127,BR14,2026-08-16,2.6
EMP0128,BR14,2026-08-16,3.5
EMP0129,BR14,2026-08-16,3.2
EMP0123,BR14,2026-08-17,3.0
EMP0124,BR14,2026-08-17,2.8
EMP0126,BR14,2026-08-17,3.4
EMP0127,BR14,2026-08-17,3.1
EMP0128,BR14,2026-08-17,3.5
EMP0129,BR14,2026-08-17,3.3
EMP0130,BR14,2026-08-17,3.7
EMP0123,BR14,2026-08-18,2.9
EMP0124,BR14,2026-08-18,3.3
EMP0125,BR14,2026-08-18,3.2
EMP0127,BR14,2026-08-18,3.8
EMP0128,BR14,2026-08-18,3.5
EMP0129,BR14,2026-08-18,3.3
EMP0123,BR14,2026-08-19,3.7
EMP0125,BR14,2026-08-19,3.6
EMP0128,BR14,2026-08-19,3.8
EMP0129,BR14,2026-08-19,3.8
EMP0124,BR14,2026-08-20,3.7
EMP0126,BR14,2026-08-20,3.3
EMP0127,BR14,2026-08-20,4.2
EMP0129,BR14,2026-08-20,3.5
EMP0130,BR14,2026-08-20,3.5
EMP0123,BR14,2026-08-21,3.5
EMP0126,BR14,2026-08-21,3.9
EMP0127,BR14,2026-08-21,2.9
EMP0129,BR14,2026-08-21,3.1
EMP0123,BR14,2026-08-22,3.6
EMP0124,BR14,2026-08-22,3.5
EMP0125,BR14,2026-08-22,3.2
EMP0128,BR14,2026-08-22,3.9
EMP0129,BR14,2026-08-22,2.8
EMP0130,BR14,2026-08-22,3.1
EMP0123,BR14,2026-08-23,2.9
EMP0124,BR14,2026-08-23,3.3
EMP0126,BR14,2026-08-23,3.4
EMP0127,BR14,2026-08-23,3.7
EMP0128,BR14,2026-08-23,3.5
EMP0129,BR14,2026-08-23,2.9
EMP0130,BR14,2026-08-23,3.8
EMP0123,BR14,2026-08-24,3.6
EMP0125,BR14,2026-08-24,3.7
EMP0127,BR14,2026-08-24,2.9
EMP0129,BR14,2026-08-24,3.5
EMP0124,BR14,2026-08-25,3.4
EMP0129,BR14,2026-08-25,3.3
EMP0130,BR14,2026-08-25,3.3
EMP0123,BR14,2026-08-26,3.8
EMP0124,BR14,2026-08-26,3.8
EMP0125,BR14,2026-08-26,3.5
EMP0126,BR14,2026-08-26,3.8
EMP0127,BR14,2026-08-26,3.3
EMP0128,BR14,2026-08-26,3.7
EMP0129,BR14,2026-08-26,3.2
EMP0123,BR14,2026-08-27,3.4
EMP0125,BR14,2026-08-27,3.5
EMP0128,BR14,2026-08-27,3.7
EMP0129,BR14,2026-08-27,3.6
EMP0123,BR14,2026-08-28,3.1
EMP0124,BR14,2026-08-28,3.3
EMP0125,BR14,2026-08-28,3.3
EMP0126,BR14,2026-08-28,3.4
EMP0128,BR14,2026-08-28,3.3
EMP0129,BR14,2026-08-28,3.1
EMP0130,BR14,2026-08-28,4.4
EMP0123,BR14,2026-08-29,3.3
EMP0124,BR14,2026-08-29,3.7
EMP0126,BR14,2026-08-29,3.7
EMP0127,BR14,2026-08-29,3.6
EMP0128,BR14,2026-08-29,3.3
EMP0123,BR14,2026-08-30,3.8
EMP0124,BR14,2026-08-30,3.0
EMP0125,BR14,2026-08-30,3.0
EMP0126,BR14,2026-08-30,3.1
EMP0127,BR14,2026-08-30,3.3
EMP0128,BR14,2026-08-30,3.3
EMP0129,BR14,2026-08-30,3.9
EMP0130,BR14,2026-08-30,3.3
EMP0123,BR14,2026-08-31,2.9
EMP0124,BR14,2026-08-31,3.8
EMP0127,BR14,2026-08-31,3.7
EMP0128,BR14,2026-08-31,3.7
EMP0129,BR14,2026-08-31,3.5
EMP0123,BR14,2026-09-01,2.6
EMP0124,BR14,2026-09-01,3.7
EMP0125,BR14,2026-09-01,2.5
EMP0126,BR14,2026-09-01,3.2
EMP0127,BR14,2026-09-01,3.1
EMP0129,BR14,2026-09-01,2.9
EMP0123,BR14,2026-09-02,2.9
EMP0124,BR14,2026-09-02,3.5
EMP0125,BR14,2026-09-02,3.6
EMP0128,BR14,2026-09-02,3.4
EMP0123,BR14,2026-09-03,2.9
EMP0124,BR14,2026-09-03,3.0
EMP0125,BR14,2026-09-03,3.0
EMP0126,BR14,2026-09-03,2.6
EMP0127,BR14,2026-09-03,3.1
EMP0128,BR14,2026-09-03,2.5
EMP0129,BR14,2026-09-03,2.8
EMP0123,BR14,2026-09-04,3.4
EMP0124,BR14,2026-09-04,3.3
EMP0125,BR14,2026-09-04,3.4
EMP0127,BR14,2026-09-04,2.7
EMP0130,BR14,2026-09-04,3.1
EMP0123,BR14,2026-09-05,2.6
EMP0124,BR14,2026-09-05,2.7
EMP0125,BR14,2026-09-05,3.4
EMP0127,BR14,2026-09-05,3.2
EMP0128,BR14,2026-09-05,2.9
EMP0129,BR14,2026-09-05,2.9
EMP0130,BR14,2026-09-05,3.1
EMP0124,BR14,2026-09-06,3.0
EMP0126,BR14,2026-09-06,2.9
EMP0128,BR14,2026-09-06,2.9
EMP0129,BR14,2026-09-06,2.1
EMP0124,BR14,2026-09-07,2.8
EMP0126,BR14,2026-09-07,3.3
EMP0128,BR14,2026-09-07,3.4
EMP0129,BR14,2026-09-07,2.9
EMP0130,BR14,2026-09-07,3.4
EMP0123,BR14,2026-09-08,3.4
EMP0124,BR14,2026-09-08,3.0
EMP0125,BR14,2026-09-08,3.2
EMP0126,BR14,2026-09-08,2.8
EMP0127,BR14,2026-09-08,2.7
EMP0128,BR14,2026-09-08,3.1
EMP0129,BR14,2026-09-08,3.1
EMP0130,BR14,2026-09-08,3.6
EMP0123,BR14,2026-09-09,2.9
EMP0124,BR14,2026-09-09,3.0
EMP0125,BR14,2026-09-09,3.0
EMP0126,BR14,2026-09-09,2.7
EMP0130,BR14,2026-09-09,3.8
EMP0124,BR14,2026-09-10,2.7
EMP0125,BR14,2026-09-10,2.7
EMP0130,BR14,2026-09-10,3.1
EMP0123,BR14,2026-09-11,3.4
EMP0124,BR14,2026-09-11,3.1
EMP0127,BR14,2026-09-11,2.9
EMP0130,BR14,2026-09-11,3.1
EMP0123,BR14,2026-09-12,3.5
EMP0125,BR14,2026-09-12,3.0
EMP0126,BR14,2026-09-12,3.2
EMP0127,BR14,2026-09-12,3.2
EMP0128,BR14,2026-09-12,3.0
EMP0123,BR14,2026-09-13,3.2
EMP0124,BR14,2026-09-13,2.6
EMP0125,BR14,2026-09-13,3.1
EMP0126,BR14,2026-09-13,3.6
EMP0127,BR14,2026-09-13,3.0
EMP0130,BR14,2026-09-13,2.5
EMP0123,BR14,2026-09-14,3.5
EMP0124,BR14,2026-09-14,3.4
EMP0127,BR14,2026-09-14,3.4
EMP0128,BR14,2026-09-14,3.1
EMP0129,BR14,2026-09-14,2.9
EMP0130,BR14,2026-09-14,2.6
EMP0123,BR14,2026-09-15,3.0
EMP0124,BR14,2026-09-15,3.7
EMP0125,BR14,2026-09-15,2.7
EMP0127,BR14,2026-09-15,2.8
EMP0128,BR14,2026-09-15,2.6
EMP0129,BR14,2026-09-15,2.8
EMP0123,BR14,2026-09-16,2.3
EMP0125,BR14,2026-09-16,2.9
EMP0126,BR14,2026-09-16,2.7
EMP0127,BR14,2026-09-16,3.3
EMP0128,BR14,2026-09-16,2.9
EMP0129,BR14,2026-09-16,3.6
EMP0130,BR14,2026-09-16,3.2
EMP0123,BR14,2026-09-17,3.3
EMP0124,BR14,2026-09-17,3.5
EMP0125,BR14,2026-09-17,3.7
EMP0128,BR14,2026-09-17,3.0
EMP0123,BR14,2026-09-18,3.2
EMP0124,BR14,2026-09-18,2.9
EMP0125,BR14,2026-09-18,3.1
EMP0126,BR14,2026-09-18,3.7
EMP0127,BR14,2026-09-18,3.1
EMP0128,BR14,2026-09-18,3.3
EMP0129,BR14,2026-09-18,3.0
EMP0130,BR14,2026-09-18,2.4
EMP0126,BR14,2026-09-19,3.0
EMP0127,BR14,2026-09-19,3.0
EMP0128,BR14,2026-09-19,2.9
EMP0129,BR14,2026-09-19,2.7
EMP0130,BR14,2026-09-19,3.4
EMP0123,BR14,2026-09-20,2.6
EMP0124,BR14,2026-09-20,3.6
EMP0125,BR14,2026-09-20,3.0
EMP0126,BR14,2026-09-20,3.1
EMP0127,BR14,2026-09-20,3.0
EMP0128,BR14,2026-09-20,3.3
EMP0129,BR14,2026-09-20,2.9
EMP0130,BR14,2026-09-20,3.0
EMP0131,BR15,2026-04-01,2.0
EMP0133,BR15,2026-04-01,2.2
EMP0135,BR15,2026-04-01,2.4
EMP0136,BR15,2026-04-01,2.2
EMP0137,BR15,2026-04-01,2.1
EMP0131,BR15,2026-04-02,2.4
EMP0132,BR15,2026-04-02,2.0
EMP0133,BR15,2026-04-02,2.2
EMP0134,BR15,2026-04-02,2.3
EMP0135,BR15,2026-04-02,2.6
EMP0137,BR15,2026-04-02,2.2
EMP0131,BR15,2026-04-03,2.0
EMP0132,BR15,2026-04-03,2.2
EMP0133,BR15,2026-04-03,2.0
EMP0134,BR15,2026-04-03,2.3
EMP0135,BR15,2026-04-03,2.1
EMP0137,BR15,2026-04-03,2.3
EMP0131,BR15,2026-04-04,1.8
EMP0132,BR15,2026-04-04,1.9
EMP0133,BR15,2026-04-04,2.2
EMP0134,BR15,2026-04-04,2.0
EMP0135,BR15,2026-04-04,2.0
EMP0136,BR15,2026-04-04,2.1
EMP0137,BR15,2026-04-04,1.9
EMP0131,BR15,2026-04-05,2.4
EMP0132,BR15,2026-04-05,2.2
EMP0133,BR15,2026-04-05,2.0
EMP0134,BR15,2026-04-05,2.2
EMP0136,BR15,2026-04-05,2.3
EMP0131,BR15,2026-04-06,2.5
EMP0132,BR15,2026-04-06,2.1
EMP0133,BR15,2026-04-06,2.0
EMP0134,BR15,2026-04-06,2.0
EMP0135,BR15,2026-04-06,2.0
EMP0132,BR15,2026-04-07,2.0
EMP0133,BR15,2026-04-07,1.8
EMP0134,BR15,2026-04-07,2.1
EMP0135,BR15,2026-04-07,1.9
EMP0136,BR15,2026-04-07,2.1
EMP0137,BR15,2026-04-07,2.3
EMP0131,BR15,2026-04-08,2.3
EMP0132,BR15,2026-04-08,1.8
EMP0133,BR15,2026-04-08,1.9
EMP0134,BR15,2026-04-08,1.9
EMP0135,BR15,2026-04-08,2.2
EMP0136,BR15,2026-04-08,2.3
EMP0137,BR15,2026-04-08,2.1
EMP0131,BR15,2026-04-09,1.8
EMP0132,BR15,2026-04-09,2.2
EMP0133,BR15,2026-04-09,2.0
EMP0134,BR15,2026-04-09,2.0
EMP0135,BR15,2026-04-09,2.2
EMP0136,BR15,2026-04-09,2.2
EMP0137,BR15,2026-04-09,2.3
EMP0131,BR15,2026-04-10,2.3
EMP0132,BR15,2026-04-10,2.3
EMP0133,BR15,2026-04-10,2.3
EMP0134,BR15,2026-04-10,1.9
EMP0135,BR15,2026-04-10,2.2
EMP0136,BR15,2026-04-10,2.1
EMP0131,BR15,2026-04-11,2.1
EMP0132,BR15,2026-04-11,2.4
EMP0133,BR15,2026-04-11,2.0
EMP0134,BR15,2026-04-11,2.2
EMP0135,BR15,2026-04-11,2.0
EMP0136,BR15,2026-04-11,2.1
EMP0137,BR15,2026-04-11,1.9
EMP0131,BR15,2026-04-12,2.0
EMP0133,BR15,2026-04-12,2.1
EMP0134,BR15,2026-04-12,2.2
EMP0135,BR15,2026-04-12,2.2
EMP0136,BR15,2026-04-12,2.1
EMP0137,BR15,2026-04-12,2.4
EMP0131,BR15,2026-04-13,1.8
EMP0132,BR15,2026-04-13,2.0
EMP0134,BR15,2026-04-13,2.0
EMP0137,BR15,2026-04-13,1.9
EMP0131,BR15,2026-04-14,1.7
EMP0133,BR15,2026-04-14,2.2
EMP0134,BR15,2026-04-14,2.4
EMP0135,BR15,2026-04-14,1.7
EMP0137,BR15,2026-04-14,2.0
EMP0131,BR15,2026-04-15,2.2
EMP0132,BR15,2026-04-15,2.2
EMP0133,BR15,2026-04-15,2.0
EMP0134,BR15,2026-04-15,1.8
EMP0135,BR15,2026-04-15,2.2
EMP0136,BR15,2026-04-15,2.4
EMP0137,BR15,2026-04-15,2.2
EMP0131,BR15,2026-04-16,1.9
EMP0133,BR15,2026-04-16,2.2
EMP0134,BR15,2026-04-16,2.1
EMP0135,BR15,2026-04-16,2.3
EMP0136,BR15,2026-04-16,2.1
EMP0137,BR15,2026-04-16,2.2
EMP0131,BR15,2026-04-17,2.0
EMP0132,BR15,2026-04-17,2.0
EMP0133,BR15,2026-04-17,2.3
EMP0134,BR15,2026-04-17,2.3
EMP0135,BR15,2026-04-17,1.9
EMP0136,BR15,2026-04-17,2.1
EMP0137,BR15,2026-04-17,2.2
EMP0131,BR15,2026-04-18,1.7
EMP0132,BR15,2026-04-18,2.1
EMP0134,BR15,2026-04-18,1.8
EMP0135,BR15,2026-04-18,2.0
EMP0136,BR15,2026-04-18,2.0
EMP0137,BR15,2026-04-18,2.1
EMP0131,BR15,2026-04-19,2.1
EMP0132,BR15,2026-04-19,2.1
EMP0131,BR15,2026-04-20,2.1
EMP0132,BR15,2026-04-20,1.8
EMP0133,BR15,2026-04-20,2.1
EMP0134,BR15,2026-04-20,2.1
EMP0135,BR15,2026-04-20,2.1
EMP0136,BR15,2026-04-20,1.6
EMP0137,BR15,2026-04-20,2.0
EMP0131,BR15,2026-04-21,2.0
EMP0132,BR15,2026-04-21,2.1
EMP0133,BR15,2026-04-21,2.4
EMP0134,BR15,2026-04-21,1.9
EMP0135,BR15,2026-04-21,2.4
EMP0136,BR15,2026-04-21,1.9
EMP0137,BR15,2026-04-21,2.0
EMP0132,BR15,2026-04-22,2.3
EMP0133,BR15,2026-04-22,2.1
EMP0134,BR15,2026-04-22,2.2
EMP0136,BR15,2026-04-22,2.2
EMP0137,BR15,2026-04-22,2.1
EMP0131,BR15,2026-04-23,1.9
EMP0132,BR15,2026-04-23,2.4
EMP0133,BR15,2026-04-23,2.2
EMP0134,BR15,2026-04-23,2.1
EMP0135,BR15,2026-04-23,2.1
EMP0136,BR15,2026-04-23,2.2
EMP0137,BR15,2026-04-23,2.3
EMP0131,BR15,2026-04-24,1.9
EMP0132,BR15,2026-04-24,2.0
EMP0133,BR15,2026-04-24,2.0
EMP0134,BR15,2026-04-24,2.1
EMP0136,BR15,2026-04-24,2.4
EMP0137,BR15,2026-04-24,2.3
EMP0133,BR15,2026-04-25,2.4
EMP0134,BR15,2026-04-25,2.1
EMP0135,BR15,2026-04-25,1.9
EMP0136,BR15,2026-04-25,1.6
EMP0137,BR15,2026-04-25,1.8
EMP0132,BR15,2026-04-26,1.8
EMP0133,BR15,2026-04-26,1.5
EMP0135,BR15,2026-04-26,2.2
EMP0137,BR15,2026-04-26,2.0
EMP0131,BR15,2026-04-27,1.9
EMP0132,BR15,2026-04-27,2.1
EMP0134,BR15,2026-04-27,2.4
EMP0135,BR15,2026-04-27,1.6
EMP0137,BR15,2026-04-27,2.1
EMP0131,BR15,2026-04-28,2.4
EMP0132,BR15,2026-04-28,2.3
EMP0135,BR15,2026-04-28,1.9
EMP0137,BR15,2026-04-28,2.3
EMP0131,BR15,2026-04-29,1.9
EMP0133,BR15,2026-04-29,2.0
EMP0134,BR15,2026-04-29,2.5
EMP0135,BR15,2026-04-29,2.4
EMP0136,BR15,2026-04-29,1.9
EMP0137,BR15,2026-04-29,2.3
EMP0133,BR15,2026-04-30,2.4
EMP0134,BR15,2026-04-30,2.4
EMP0136,BR15,2026-04-30,2.1
EMP0137,BR15,2026-04-30,1.9
EMP0131,BR15,2026-05-01,2.4
EMP0132,BR15,2026-05-01,2.5
EMP0133,BR15,2026-05-01,2.2
EMP0135,BR15,2026-05-01,2.4
EMP0137,BR15,2026-05-01,2.3
EMP0133,BR15,2026-05-02,2.0
EMP0134,BR15,2026-05-02,2.1
EMP0135,BR15,2026-05-02,2.2
EMP0136,BR15,2026-05-02,2.4
EMP0137,BR15,2026-05-02,2.2
EMP0131,BR15,2026-05-03,2.0
EMP0132,BR15,2026-05-03,2.2
EMP0133,BR15,2026-05-03,2.2
EMP0135,BR15,2026-05-03,2.6
EMP0137,BR15,2026-05-03,2.3
EMP0131,BR15,2026-05-04,1.9
EMP0132,BR15,2026-05-04,2.2
EMP0133,BR15,2026-05-04,2.8
EMP0134,BR15,2026-05-04,2.3
EMP0135,BR15,2026-05-04,2.4
EMP0136,BR15,2026-05-04,2.5
EMP0137,BR15,2026-05-04,2.6
EMP0132,BR15,2026-05-05,2.2
EMP0133,BR15,2026-05-05,2.4
EMP0134,BR15,2026-05-05,2.1
EMP0135,BR15,2026-05-05,1.8
EMP0136,BR15,2026-05-05,2.0
EMP0132,BR15,2026-05-06,2.5
EMP0133,BR15,2026-05-06,2.3
EMP0134,BR15,2026-05-06,2.1
EMP0135,BR15,2026-05-06,2.1
EMP0136,BR15,2026-05-06,2.5
EMP0137,BR15,2026-05-06,2.0
EMP0132,BR15,2026-05-07,2.1
EMP0133,BR15,2026-05-07,2.3
EMP0134,BR15,2026-05-07,2.1
EMP0136,BR15,2026-05-07,2.2
EMP0137,BR15,2026-05-07,2.3
EMP0131,BR15,2026-05-08,2.4
EMP0135,BR15,2026-05-08,2.4
EMP0136,BR15,2026-05-08,2.2
EMP0137,BR15,2026-05-08,2.0
EMP0131,BR15,2026-05-09,2.1
EMP0133,BR15,2026-05-09,2.8
EMP0134,BR15,2026-05-09,2.6
EMP0135,BR15,2026-05-09,2.4
EMP0136,BR15,2026-05-09,2.3
EMP0137,BR15,2026-05-09,2.7
EMP0132,BR15,2026-05-10,2.7
EMP0133,BR15,2026-05-10,2.4
EMP0135,BR15,2026-05-10,2.3
EMP0136,BR15,2026-05-10,2.1
EMP0137,BR15,2026-05-10,2.2
EMP0132,BR15,2026-05-11,2.4
EMP0133,BR15,2026-05-11,2.5
EMP0135,BR15,2026-05-11,1.6
EMP0137,BR15,2026-05-11,2.3
EMP0131,BR15,2026-05-12,2.6
EMP0134,BR15,2026-05-12,2.5
EMP0135,BR15,2026-05-12,2.3
EMP0137,BR15,2026-05-12,2.2
EMP0131,BR15,2026-05-13,2.4
EMP0132,BR15,2026-05-13,2.4
EMP0134,BR15,2026-05-13,2.4
EMP0135,BR15,2026-05-13,2.1
EMP0136,BR15,2026-05-13,2.3
EMP0131,BR15,2026-05-14,2.1
EMP0132,BR15,2026-05-14,2.1
EMP0133,BR15,2026-05-14,2.3
EMP0135,BR15,2026-05-14,2.1
EMP0136,BR15,2026-05-14,2.3
EMP0137,BR15,2026-05-14,2.4
EMP0131,BR15,2026-05-15,2.4
EMP0134,BR15,2026-05-15,2.2
EMP0135,BR15,2026-05-15,2.5
EMP0137,BR15,2026-05-15,1.9
EMP0135,BR15,2026-05-16,2.1
EMP0137,BR15,2026-05-16,2.0
EMP0131,BR15,2026-05-17,2.6
EMP0132,BR15,2026-05-17,2.3
EMP0133,BR15,2026-05-17,2.6
EMP0134,BR15,2026-05-17,2.3
EMP0135,BR15,2026-05-17,2.2
EMP0136,BR15,2026-05-17,2.3
EMP0137,BR15,2026-05-17,2.3
EMP0131,BR15,2026-05-18,2.1
EMP0132,BR15,2026-05-18,2.0
EMP0134,BR15,2026-05-18,2.4
EMP0135,BR15,2026-05-18,2.3
EMP0136,BR15,2026-05-18,2.1
EMP0137,BR15,2026-05-18,2.5
EMP0131,BR15,2026-05-19,2.6
EMP0133,BR15,2026-05-19,2.5
EMP0135,BR15,2026-05-19,2.3
EMP0136,BR15,2026-05-19,2.4
EMP0137,BR15,2026-05-19,2.2
EMP0131,BR15,2026-05-20,2.2
EMP0133,BR15,2026-05-20,2.2
EMP0135,BR15,2026-05-20,2.4
EMP0136,BR15,2026-05-20,2.8
EMP0131,BR15,2026-05-21,2.5
EMP0132,BR15,2026-05-21,2.5
EMP0133,BR15,2026-05-21,2.0
EMP0134,BR15,2026-05-21,2.3
EMP0135,BR15,2026-05-21,2.1
EMP0136,BR15,2026-05-21,1.9
EMP0137,BR15,2026-05-21,2.1
EMP0131,BR15,2026-05-22,2.2
EMP0132,BR15,2026-05-22,2.1
EMP0134,BR15,2026-05-22,2.1
EMP0135,BR15,2026-05-22,2.1
EMP0136,BR15,2026-05-22,2.6
EMP0137,BR15,2026-05-22,1.8
EMP0131,BR15,2026-05-23,2.2
EMP0132,BR15,2026-05-23,2.0
EMP0133,BR15,2026-05-23,2.3
EMP0135,BR15,2026-05-23,2.5
EMP0136,BR15,2026-05-23,2.1
EMP0137,BR15,2026-05-23,1.9
EMP0132,BR15,2026-05-24,2.1
EMP0134,BR15,2026-05-24,2.2
EMP0135,BR15,2026-05-24,2.3
EMP0134,BR15,2026-05-25,2.1
EMP0136,BR15,2026-05-25,2.3
EMP0137,BR15,2026-05-25,2.4
EMP0133,BR15,2026-05-26,2.4
EMP0134,BR15,2026-05-26,2.2
EMP0135,BR15,2026-05-26,2.0
EMP0136,BR15,2026-05-26,2.0
EMP0132,BR15,2026-05-27,2.1
EMP0133,BR15,2026-05-27,2.5
EMP0134,BR15,2026-05-27,2.1
EMP0135,BR15,2026-05-27,2.3
EMP0136,BR15,2026-05-27,2.0
EMP0137,BR15,2026-05-27,1.9
EMP0131,BR15,2026-05-28,2.1
EMP0132,BR15,2026-05-28,2.4
EMP0133,BR15,2026-05-28,2.2
EMP0134,BR15,2026-05-28,2.4
EMP0135,BR15,2026-05-28,2.2
EMP0136,BR15,2026-05-28,1.9
EMP0137,BR15,2026-05-28,2.4
EMP0131,BR15,2026-05-29,2.4
EMP0133,BR15,2026-05-29,2.1
EMP0134,BR15,2026-05-29,2.3
EMP0135,BR15,2026-05-29,2.2
EMP0136,BR15,2026-05-29,2.3
EMP0137,BR15,2026-05-29,2.4
EMP0131,BR15,2026-05-30,2.3
EMP0132,BR15,2026-05-30,2.4
EMP0134,BR15,2026-05-30,2.4
EMP0135,BR15,2026-05-30,2.5
EMP0136,BR15,2026-05-30,2.5
EMP0137,BR15,2026-05-30,2.5
EMP0131,BR15,2026-05-31,2.2
EMP0133,BR15,2026-05-31,2.3
EMP0134,BR15,2026-05-31,2.2
EMP0136,BR15,2026-05-31,1.9
EMP0137,BR15,2026-05-31,2.3
EMP0132,BR15,2026-06-01,2.0
EMP0133,BR15,2026-06-01,2.2
EMP0135,BR15,2026-06-01,1.9
EMP0131,BR15,2026-06-02,2.3
EMP0133,BR15,2026-06-02,2.5
EMP0136,BR15,2026-06-02,2.6
EMP0131,BR15,2026-06-03,2.1
EMP0132,BR15,2026-06-03,2.2
EMP0133,BR15,2026-06-03,2.3
EMP0135,BR15,2026-06-03,2.2
EMP0136,BR15,2026-06-03,2.1
EMP0131,BR15,2026-06-04,1.9
EMP0132,BR15,2026-06-04,1.9
EMP0133,BR15,2026-06-04,2.3
EMP0134,BR15,2026-06-04,1.9
EMP0135,BR15,2026-06-04,2.3
EMP0136,BR15,2026-06-04,2.0
EMP0137,BR15,2026-06-04,2.0
EMP0131,BR15,2026-06-05,1.8
EMP0132,BR15,2026-06-05,2.3
EMP0133,BR15,2026-06-05,2.3
EMP0134,BR15,2026-06-05,2.0
EMP0135,BR15,2026-06-05,2.3
EMP0136,BR15,2026-06-05,2.3
EMP0137,BR15,2026-06-05,2.1
EMP0131,BR15,2026-06-06,2.1
EMP0132,BR15,2026-06-06,2.1
EMP0133,BR15,2026-06-06,2.0
EMP0134,BR15,2026-06-06,1.8
EMP0137,BR15,2026-06-06,1.9
EMP0132,BR15,2026-06-07,2.1
EMP0133,BR15,2026-06-07,1.9
EMP0135,BR15,2026-06-07,2.1
EMP0136,BR15,2026-06-07,2.5
EMP0137,BR15,2026-06-07,2.1
EMP0132,BR15,2026-06-08,2.1
EMP0133,BR15,2026-06-08,2.2
EMP0134,BR15,2026-06-08,2.2
EMP0135,BR15,2026-06-08,2.2
EMP0137,BR15,2026-06-08,2.5
EMP0131,BR15,2026-06-09,2.5
EMP0132,BR15,2026-06-09,2.6
EMP0133,BR15,2026-06-09,2.3
EMP0134,BR15,2026-06-09,2.1
EMP0135,BR15,2026-06-09,2.0
EMP0136,BR15,2026-06-09,2.1
EMP0137,BR15,2026-06-09,2.3
EMP0132,BR15,2026-06-10,1.8
EMP0133,BR15,2026-06-10,2.1
EMP0134,BR15,2026-06-10,2.4
EMP0135,BR15,2026-06-10,2.1
EMP0137,BR15,2026-06-10,2.0
EMP0131,BR15,2026-06-11,1.8
EMP0132,BR15,2026-06-11,2.3
EMP0133,BR15,2026-06-11,1.9
EMP0134,BR15,2026-06-11,2.3
EMP0136,BR15,2026-06-11,2.3
EMP0137,BR15,2026-06-11,2.3
EMP0131,BR15,2026-06-12,2.1
EMP0132,BR15,2026-06-12,2.1
EMP0134,BR15,2026-06-12,2.2
EMP0137,BR15,2026-06-12,2.2
EMP0132,BR15,2026-06-13,2.3
EMP0133,BR15,2026-06-13,2.1
EMP0134,BR15,2026-06-13,1.9
EMP0135,BR15,2026-06-13,2.4
EMP0136,BR15,2026-06-13,2.0
EMP0137,BR15,2026-06-13,1.9
EMP0131,BR15,2026-06-14,2.1
EMP0133,BR15,2026-06-14,1.9
EMP0134,BR15,2026-06-14,2.4
EMP0135,BR15,2026-06-14,1.9
EMP0137,BR15,2026-06-14,2.3
EMP0132,BR15,2026-06-15,2.3
EMP0133,BR15,2026-06-15,1.8
EMP0134,BR15,2026-06-15,1.9
EMP0135,BR15,2026-06-15,2.0
EMP0136,BR15,2026-06-15,2.1
EMP0137,BR15,2026-06-15,2.5
EMP0131,BR15,2026-06-16,2.2
EMP0132,BR15,2026-06-16,2.2
EMP0133,BR15,2026-06-16,1.9
EMP0134,BR15,2026-06-16,2.3
EMP0135,BR15,2026-06-16,1.9
EMP0136,BR15,2026-06-16,2.4
EMP0137,BR15,2026-06-16,2.1
EMP0131,BR15,2026-06-17,2.3
EMP0132,BR15,2026-06-17,2.2
EMP0133,BR15,2026-06-17,1.8
EMP0137,BR15,2026-06-17,2.3
EMP0131,BR15,2026-06-18,2.2
EMP0132,BR15,2026-06-18,2.4
EMP0133,BR15,2026-06-18,2.1
EMP0135,BR15,2026-06-18,2.3
EMP0136,BR15,2026-06-18,2.5
EMP0131,BR15,2026-06-19,1.7
EMP0133,BR15,2026-06-19,2.3
EMP0135,BR15,2026-06-19,2.3
EMP0137,BR15,2026-06-19,1.9
EMP0132,BR15,2026-06-20,2.3
EMP0134,BR15,2026-06-20,2.4
EMP0135,BR15,2026-06-20,2.2
EMP0132,BR15,2026-06-21,2.0
EMP0133,BR15,2026-06-21,2.1
EMP0135,BR15,2026-06-21,1.9
EMP0131,BR15,2026-06-22,1.9
EMP0132,BR15,2026-06-22,2.5
EMP0134,BR15,2026-06-22,2.1
EMP0135,BR15,2026-06-22,2.2
EMP0137,BR15,2026-06-22,2.1
EMP0131,BR15,2026-06-23,2.2
EMP0132,BR15,2026-06-23,2.2
EMP0133,BR15,2026-06-23,2.2
EMP0134,BR15,2026-06-23,2.4
EMP0135,BR15,2026-06-23,2.1
EMP0136,BR15,2026-06-23,1.9
EMP0131,BR15,2026-06-24,2.0
EMP0132,BR15,2026-06-24,2.0
EMP0133,BR15,2026-06-24,1.9
EMP0134,BR15,2026-06-24,2.0
EMP0135,BR15,2026-06-24,2.1
EMP0136,BR15,2026-06-24,2.1
EMP0137,BR15,2026-06-24,2.1
EMP0132,BR15,2026-06-25,1.6
EMP0134,BR15,2026-06-25,2.1
EMP0135,BR15,2026-06-25,2.2
EMP0136,BR15,2026-06-25,1.8
EMP0137,BR15,2026-06-25,1.8
EMP0132,BR15,2026-06-26,1.9
EMP0133,BR15,2026-06-26,2.1
EMP0134,BR15,2026-06-26,1.8
EMP0135,BR15,2026-06-26,2.3
EMP0136,BR15,2026-06-26,1.8
EMP0131,BR15,2026-06-27,2.1
EMP0132,BR15,2026-06-27,2.0
EMP0133,BR15,2026-06-27,2.0
EMP0134,BR15,2026-06-27,2.2
EMP0135,BR15,2026-06-27,2.3
EMP0132,BR15,2026-06-28,1.8
EMP0133,BR15,2026-06-28,2.2
EMP0135,BR15,2026-06-28,2.1
EMP0137,BR15,2026-06-28,1.7
EMP0133,BR15,2026-06-29,2.1
EMP0134,BR15,2026-06-29,2.1
EMP0135,BR15,2026-06-29,2.4
EMP0137,BR15,2026-06-29,2.1
EMP0131,BR15,2026-06-30,2.0
EMP0133,BR15,2026-06-30,1.6
EMP0134,BR15,2026-06-30,2.4
EMP0135,BR15,2026-06-30,2.2
EMP0131,BR15,2026-07-01,2.2
EMP0133,BR15,2026-07-01,1.9
EMP0134,BR15,2026-07-01,2.3
EMP0135,BR15,2026-07-01,2.0
EMP0132,BR15,2026-07-02,2.4
EMP0133,BR15,2026-07-02,2.2
EMP0134,BR15,2026-07-02,2.3
EMP0135,BR15,2026-07-02,1.8
EMP0136,BR15,2026-07-02,2.1
EMP0137,BR15,2026-07-02,2.3
EMP0131,BR15,2026-07-03,2.3
EMP0134,BR15,2026-07-03,1.8
EMP0136,BR15,2026-07-03,2.1
EMP0131,BR15,2026-07-04,2.2
EMP0132,BR15,2026-07-04,2.2
EMP0133,BR15,2026-07-04,1.9
EMP0134,BR15,2026-07-04,1.8
EMP0135,BR15,2026-07-04,2.5
EMP0136,BR15,2026-07-04,2.1
EMP0137,BR15,2026-07-04,2.1
EMP0131,BR15,2026-07-05,2.2
EMP0132,BR15,2026-07-05,2.1
EMP0133,BR15,2026-07-05,2.2
EMP0134,BR15,2026-07-05,2.3
EMP0135,BR15,2026-07-05,2.4
EMP0137,BR15,2026-07-05,2.3
EMP0131,BR15,2026-07-06,2.2
EMP0132,BR15,2026-07-06,1.9
EMP0133,BR15,2026-07-06,2.2
EMP0134,BR15,2026-07-06,2.2
EMP0135,BR15,2026-07-06,2.4
EMP0137,BR15,2026-07-06,2.2
EMP0131,BR15,2026-07-07,2.4
EMP0132,BR15,2026-07-07,2.1
EMP0133,BR15,2026-07-07,2.2
EMP0134,BR15,2026-07-07,1.9
EMP0135,BR15,2026-07-07,2.3
EMP0136,BR15,2026-07-07,2.8
EMP0137,BR15,2026-07-07,2.3
EMP0132,BR15,2026-07-08,2.0
EMP0133,BR15,2026-07-08,1.8
EMP0134,BR15,2026-07-08,2.1
EMP0135,BR15,2026-07-08,2.0
EMP0137,BR15,2026-07-08,2.0
EMP0131,BR15,2026-07-09,2.1
EMP0132,BR15,2026-07-09,2.2
EMP0133,BR15,2026-07-09,2.3
EMP0134,BR15,2026-07-09,2.1
EMP0135,BR15,2026-07-09,2.1
EMP0136,BR15,2026-07-09,2.1
EMP0137,BR15,2026-07-09,1.8
EMP0131,BR15,2026-07-10,2.1
EMP0132,BR15,2026-07-10,1.9
EMP0134,BR15,2026-07-10,1.9
EMP0135,BR15,2026-07-10,2.1
EMP0136,BR15,2026-07-10,2.1
EMP0137,BR15,2026-07-10,2.2
EMP0131,BR15,2026-07-11,2.0
EMP0134,BR15,2026-07-11,1.9
EMP0135,BR15,2026-07-11,2.3
EMP0136,BR15,2026-07-11,2.4
EMP0137,BR15,2026-07-11,2.3
EMP0131,BR15,2026-07-12,2.1
EMP0132,BR15,2026-07-12,2.3
EMP0133,BR15,2026-07-12,2.3
EMP0134,BR15,2026-07-12,2.2
EMP0135,BR15,2026-07-12,2.1
EMP0136,BR15,2026-07-12,2.2
EMP0137,BR15,2026-07-12,1.9
EMP0131,BR15,2026-07-13,2.3
EMP0134,BR15,2026-07-13,2.1
EMP0135,BR15,2026-07-13,2.1
EMP0136,BR15,2026-07-13,2.1
EMP0131,BR15,2026-07-14,2.4
EMP0132,BR15,2026-07-14,2.4
EMP0134,BR15,2026-07-14,2.2
EMP0136,BR15,2026-07-14,1.8
EMP0137,BR15,2026-07-14,2.0
EMP0131,BR15,2026-07-15,2.2
EMP0132,BR15,2026-07-15,2.2
EMP0133,BR15,2026-07-15,2.0
EMP0134,BR15,2026-07-15,1.8
EMP0135,BR15,2026-07-15,2.4
EMP0136,BR15,2026-07-15,2.1
EMP0137,BR15,2026-07-15,2.1
EMP0131,BR15,2026-07-16,2.3
EMP0132,BR15,2026-07-16,2.1
EMP0135,BR15,2026-07-16,2.0
EMP0136,BR15,2026-07-16,2.4
EMP0132,BR15,2026-07-17,2.0
EMP0133,BR15,2026-07-17,2.4
EMP0134,BR15,2026-07-17,2.1
EMP0135,BR15,2026-07-17,2.0
EMP0136,BR15,2026-07-17,2.2
EMP0137,BR15,2026-07-17,2.1
EMP0131,BR15,2026-07-18,2.2
EMP0132,BR15,2026-07-18,2.4
EMP0134,BR15,2026-07-18,2.0
EMP0135,BR15,2026-07-18,2.3
EMP0137,BR15,2026-07-18,2.2
EMP0132,BR15,2026-07-19,2.3
EMP0134,BR15,2026-07-19,2.1
EMP0135,BR15,2026-07-19,1.9
EMP0136,BR15,2026-07-19,2.0
EMP0137,BR15,2026-07-19,2.6
EMP0131,BR15,2026-07-20,2.4
EMP0132,BR15,2026-07-20,1.7
EMP0133,BR15,2026-07-20,2.2
EMP0134,BR15,2026-07-20,2.1
EMP0136,BR15,2026-07-20,2.0
EMP0137,BR15,2026-07-20,1.4
EMP0131,BR15,2026-07-21,2.4
EMP0132,BR15,2026-07-21,2.4
EMP0133,BR15,2026-07-21,2.0
EMP0134,BR15,2026-07-21,2.1
EMP0137,BR15,2026-07-21,2.0
EMP0131,BR15,2026-07-22,2.2
EMP0132,BR15,2026-07-22,1.9
EMP0133,BR15,2026-07-22,2.2
EMP0134,BR15,2026-07-22,2.3
EMP0135,BR15,2026-07-22,2.3
EMP0136,BR15,2026-07-22,2.2
EMP0137,BR15,2026-07-22,2.0
EMP0132,BR15,2026-07-23,2.2
EMP0133,BR15,2026-07-23,1.9
EMP0134,BR15,2026-07-23,1.9
EMP0135,BR15,2026-07-23,2.0
EMP0136,BR15,2026-07-23,2.5
EMP0137,BR15,2026-07-23,2.3
EMP0132,BR15,2026-07-24,2.3
EMP0134,BR15,2026-07-24,2.0
EMP0135,BR15,2026-07-24,2.1
EMP0137,BR15,2026-07-24,2.2
EMP0131,BR15,2026-07-25,1.8
EMP0133,BR15,2026-07-25,2.2
EMP0134,BR15,2026-07-25,2.0
EMP0135,BR15,2026-07-25,2.2
EMP0137,BR15,2026-07-25,2.2
EMP0132,BR15,2026-07-26,2.2
EMP0133,BR15,2026-07-26,2.2
EMP0134,BR15,2026-07-26,1.9
EMP0135,BR15,2026-07-26,2.4
EMP0136,BR15,2026-07-26,2.3
EMP0137,BR15,2026-07-26,1.7
EMP0131,BR15,2026-07-27,2.3
EMP0133,BR15,2026-07-27,2.1
EMP0135,BR15,2026-07-27,2.5
EMP0136,BR15,2026-07-27,2.2
EMP0137,BR15,2026-07-27,2.3
EMP0131,BR15,2026-07-28,2.1
EMP0132,BR15,2026-07-28,2.0
EMP0133,BR15,2026-07-28,2.3
EMP0136,BR15,2026-07-28,2.1
EMP0137,BR15,2026-07-28,2.6
EMP0131,BR15,2026-07-29,2.2
EMP0134,BR15,2026-07-29,2.3
EMP0136,BR15,2026-07-29,2.2
EMP0131,BR15,2026-07-30,2.0
EMP0133,BR15,2026-07-30,2.1
EMP0134,BR15,2026-07-30,2.2
EMP0135,BR15,2026-07-30,2.2
EMP0136,BR15,2026-07-30,2.5
EMP0137,BR15,2026-07-30,2.1
EMP0132,BR15,2026-07-31,2.0
EMP0133,BR15,2026-07-31,2.3
EMP0134,BR15,2026-07-31,2.4
EMP0135,BR15,2026-07-31,2.1
EMP0137,BR15,2026-07-31,2.1
EMP0131,BR15,2026-08-01,2.1
EMP0132,BR15,2026-08-01,2.4
EMP0134,BR15,2026-08-01,2.1
EMP0136,BR15,2026-08-01,2.4
EMP0137,BR15,2026-08-01,2.4
EMP0132,BR15,2026-08-02,2.3
EMP0133,BR15,2026-08-02,2.4
EMP0134,BR15,2026-08-02,2.4
EMP0135,BR15,2026-08-02,1.9
EMP0136,BR15,2026-08-02,2.4
EMP0137,BR15,2026-08-02,2.0
EMP0132,BR15,2026-08-03,2.7
EMP0134,BR15,2026-08-03,2.4
EMP0136,BR15,2026-08-03,2.3
EMP0137,BR15,2026-08-03,2.2
EMP0131,BR15,2026-08-04,2.2
EMP0132,BR15,2026-08-04,2.6
EMP0133,BR15,2026-08-04,2.6
EMP0134,BR15,2026-08-04,2.5
EMP0136,BR15,2026-08-04,2.6
EMP0137,BR15,2026-08-04,2.3
EMP0131,BR15,2026-08-05,2.1
EMP0132,BR15,2026-08-05,2.4
EMP0133,BR15,2026-08-05,2.4
EMP0134,BR15,2026-08-05,2.3
EMP0135,BR15,2026-08-05,2.5
EMP0136,BR15,2026-08-05,2.3
EMP0137,BR15,2026-08-05,1.9
EMP0132,BR15,2026-08-06,2.2
EMP0133,BR15,2026-08-06,2.1
EMP0136,BR15,2026-08-06,2.2
EMP0137,BR15,2026-08-06,2.2
EMP0131,BR15,2026-08-07,2.4
EMP0132,BR15,2026-08-07,2.2
EMP0133,BR15,2026-08-07,2.4
EMP0135,BR15,2026-08-07,2.0
EMP0136,BR15,2026-08-07,2.8
EMP0137,BR15,2026-08-07,2.4
EMP0133,BR15,2026-08-08,2.4
EMP0134,BR15,2026-08-08,2.4
EMP0135,BR15,2026-08-08,2.0
EMP0136,BR15,2026-08-08,2.3
EMP0137,BR15,2026-08-08,2.6
EMP0132,BR15,2026-08-09,2.3
EMP0134,BR15,2026-08-09,2.1
EMP0135,BR15,2026-08-09,2.3
EMP0136,BR15,2026-08-09,2.3
EMP0137,BR15,2026-08-09,2.5
EMP0131,BR15,2026-08-10,2.1
EMP0132,BR15,2026-08-10,2.5
EMP0133,BR15,2026-08-10,2.1
EMP0135,BR15,2026-08-10,2.1
EMP0136,BR15,2026-08-10,2.3
EMP0137,BR15,2026-08-10,2.4
EMP0131,BR15,2026-08-11,2.3
EMP0133,BR15,2026-08-11,2.5
EMP0134,BR15,2026-08-11,2.8
EMP0135,BR15,2026-08-11,2.6
EMP0136,BR15,2026-08-11,2.4
EMP0137,BR15,2026-08-11,2.6
EMP0131,BR15,2026-08-12,2.2
EMP0132,BR15,2026-08-12,2.2
EMP0133,BR15,2026-08-12,2.5
EMP0136,BR15,2026-08-12,2.5
EMP0137,BR15,2026-08-12,2.7
EMP0131,BR15,2026-08-13,2.4
EMP0133,BR15,2026-08-13,2.5
EMP0134,BR15,2026-08-13,2.4
EMP0135,BR15,2026-08-13,2.2
EMP0136,BR15,2026-08-13,2.5
EMP0137,BR15,2026-08-13,2.5
EMP0131,BR15,2026-08-14,2.1
EMP0132,BR15,2026-08-14,2.0
EMP0133,BR15,2026-08-14,2.2
EMP0134,BR15,2026-08-14,2.2
EMP0135,BR15,2026-08-14,2.1
EMP0136,BR15,2026-08-14,2.2
EMP0137,BR15,2026-08-14,2.1
EMP0131,BR15,2026-08-15,2.6
EMP0132,BR15,2026-08-15,2.4
EMP0133,BR15,2026-08-15,2.4
EMP0134,BR15,2026-08-15,2.5
EMP0135,BR15,2026-08-15,2.1
EMP0136,BR15,2026-08-15,2.4
EMP0137,BR15,2026-08-15,2.2
EMP0131,BR15,2026-08-16,2.6
EMP0132,BR15,2026-08-16,2.5
EMP0136,BR15,2026-08-16,2.1
EMP0137,BR15,2026-08-16,2.5
EMP0131,BR15,2026-08-17,2.5
EMP0132,BR15,2026-08-17,2.2
EMP0134,BR15,2026-08-17,2.2
EMP0135,BR15,2026-08-17,2.5
EMP0137,BR15,2026-08-17,2.4
EMP0131,BR15,2026-08-18,2.2
EMP0132,BR15,2026-08-18,2.1
EMP0133,BR15,2026-08-18,2.2
EMP0135,BR15,2026-08-18,2.3
EMP0136,BR15,2026-08-18,2.2
EMP0137,BR15,2026-08-18,2.2
EMP0132,BR15,2026-08-19,2.7
EMP0133,BR15,2026-08-19,2.5
EMP0135,BR15,2026-08-19,2.0
EMP0136,BR15,2026-08-19,2.0
EMP0137,BR15,2026-08-19,2.3
EMP0131,BR15,2026-08-20,2.2
EMP0132,BR15,2026-08-20,1.9
EMP0133,BR15,2026-08-20,2.4
EMP0134,BR15,2026-08-20,2.3
EMP0135,BR15,2026-08-20,2.6
EMP0136,BR15,2026-08-20,2.3
EMP0137,BR15,2026-08-20,2.4
EMP0132,BR15,2026-08-21,2.5
EMP0133,BR15,2026-08-21,2.5
EMP0135,BR15,2026-08-21,2.5
EMP0136,BR15,2026-08-21,2.2
EMP0137,BR15,2026-08-21,2.4
EMP0131,BR15,2026-08-22,2.5
EMP0133,BR15,2026-08-22,2.2
EMP0134,BR15,2026-08-22,2.2
EMP0136,BR15,2026-08-22,2.5
EMP0137,BR15,2026-08-22,2.5
EMP0131,BR15,2026-08-23,2.0
EMP0132,BR15,2026-08-23,2.4
EMP0133,BR15,2026-08-23,2.3
EMP0134,BR15,2026-08-23,2.2
EMP0135,BR15,2026-08-23,2.1
EMP0131,BR15,2026-08-24,2.6
EMP0132,BR15,2026-08-24,2.1
EMP0134,BR15,2026-08-24,2.0
EMP0135,BR15,2026-08-24,2.4
EMP0136,BR15,2026-08-24,2.4
EMP0131,BR15,2026-08-25,2.6
EMP0133,BR15,2026-08-25,2.3
EMP0134,BR15,2026-08-25,2.5
EMP0135,BR15,2026-08-25,2.3
EMP0136,BR15,2026-08-25,2.5
EMP0131,BR15,2026-08-26,2.4
EMP0133,BR15,2026-08-26,2.1
EMP0135,BR15,2026-08-26,2.4
EMP0136,BR15,2026-08-26,2.1
EMP0137,BR15,2026-08-26,2.1
EMP0131,BR15,2026-08-27,2.4
EMP0133,BR15,2026-08-27,2.2
EMP0135,BR15,2026-08-27,2.0
EMP0137,BR15,2026-08-27,2.4
EMP0132,BR15,2026-08-28,2.4
EMP0133,BR15,2026-08-28,2.5
EMP0134,BR15,2026-08-28,2.2
EMP0135,BR15,2026-08-28,2.5
EMP0136,BR15,2026-08-28,2.4
EMP0131,BR15,2026-08-29,2.4
EMP0132,BR15,2026-08-29,2.6
EMP0133,BR15,2026-08-29,1.9
EMP0134,BR15,2026-08-29,2.3
EMP0135,BR15,2026-08-29,2.4
EMP0136,BR15,2026-08-29,2.5
EMP0137,BR15,2026-08-29,2.2
EMP0131,BR15,2026-08-30,2.3
EMP0133,BR15,2026-08-30,2.2
EMP0134,BR15,2026-08-30,2.7
EMP0135,BR15,2026-08-30,2.5
EMP0136,BR15,2026-08-30,2.3
EMP0137,BR15,2026-08-30,2.4
EMP0131,BR15,2026-08-31,2.2
EMP0133,BR15,2026-08-31,2.2
EMP0134,BR15,2026-08-31,2.5
EMP0135,BR15,2026-08-31,2.4
EMP0136,BR15,2026-08-31,2.2
EMP0137,BR15,2026-08-31,2.2
EMP0131,BR15,2026-09-01,2.3
EMP0135,BR15,2026-09-01,2.3
EMP0136,BR15,2026-09-01,3.0
EMP0131,BR15,2026-09-02,1.8
EMP0133,BR15,2026-09-02,2.2
EMP0135,BR15,2026-09-02,2.4
EMP0136,BR15,2026-09-02,2.4
EMP0137,BR15,2026-09-02,2.5
EMP0131,BR15,2026-09-03,2.1
EMP0132,BR15,2026-09-03,2.5
EMP0133,BR15,2026-09-03,2.4
EMP0134,BR15,2026-09-03,2.0
EMP0135,BR15,2026-09-03,2.4
EMP0136,BR15,2026-09-03,2.6
EMP0137,BR15,2026-09-03,2.4
EMP0131,BR15,2026-09-04,2.4
EMP0132,BR15,2026-09-04,2.3
EMP0133,BR15,2026-09-04,2.1
EMP0135,BR15,2026-09-04,2.3
EMP0136,BR15,2026-09-04,2.3
EMP0137,BR15,2026-09-04,2.4
EMP0132,BR15,2026-09-05,2.4
EMP0133,BR15,2026-09-05,2.5
EMP0134,BR15,2026-09-05,2.3
EMP0135,BR15,2026-09-05,2.7
EMP0136,BR15,2026-09-05,2.5
EMP0131,BR15,2026-09-06,2.6
EMP0132,BR15,2026-09-06,2.6
EMP0134,BR15,2026-09-06,2.4
EMP0135,BR15,2026-09-06,2.4
EMP0136,BR15,2026-09-06,2.5
EMP0137,BR15,2026-09-06,2.6
EMP0132,BR15,2026-09-07,2.5
EMP0133,BR15,2026-09-07,2.4
EMP0136,BR15,2026-09-07,2.2
EMP0131,BR15,2026-09-08,2.5
EMP0132,BR15,2026-09-08,1.8
EMP0133,BR15,2026-09-08,2.8
EMP0134,BR15,2026-09-08,2.5
EMP0135,BR15,2026-09-08,2.3
EMP0132,BR15,2026-09-09,2.6
EMP0133,BR15,2026-09-09,2.6
EMP0134,BR15,2026-09-09,2.0
EMP0135,BR15,2026-09-09,2.7
EMP0136,BR15,2026-09-09,2.4
EMP0131,BR15,2026-09-10,2.4
EMP0132,BR15,2026-09-10,2.0
EMP0133,BR15,2026-09-10,2.5
EMP0134,BR15,2026-09-10,2.6
EMP0135,BR15,2026-09-10,2.4
EMP0136,BR15,2026-09-10,2.1
EMP0137,BR15,2026-09-10,2.3
EMP0131,BR15,2026-09-11,2.5
EMP0132,BR15,2026-09-11,2.4
EMP0133,BR15,2026-09-11,2.4
EMP0134,BR15,2026-09-11,2.8
EMP0135,BR15,2026-09-11,2.5
EMP0131,BR15,2026-09-12,2.1
EMP0134,BR15,2026-09-12,2.6
EMP0135,BR15,2026-09-12,2.7
EMP0136,BR15,2026-09-12,2.6
EMP0131,BR15,2026-09-13,2.3
EMP0132,BR15,2026-09-13,2.2
EMP0133,BR15,2026-09-13,2.3
EMP0134,BR15,2026-09-13,2.4
EMP0135,BR15,2026-09-13,2.5
EMP0137,BR15,2026-09-13,2.4
EMP0131,BR15,2026-09-14,2.6
EMP0132,BR15,2026-09-14,2.4
EMP0133,BR15,2026-09-14,2.1
EMP0134,BR15,2026-09-14,2.7
EMP0136,BR15,2026-09-14,2.2
EMP0137,BR15,2026-09-14,2.2
EMP0131,BR15,2026-09-15,2.4
EMP0133,BR15,2026-09-15,2.6
EMP0136,BR15,2026-09-15,2.6
EMP0137,BR15,2026-09-15,2.2
EMP0131,BR15,2026-09-16,2.8
EMP0132,BR15,2026-09-16,1.6
EMP0133,BR15,2026-09-16,2.3
EMP0135,BR15,2026-09-16,2.4
EMP0136,BR15,2026-09-16,2.4
EMP0137,BR15,2026-09-16,2.3
EMP0133,BR15,2026-09-17,2.5
EMP0135,BR15,2026-09-17,2.7
EMP0136,BR15,2026-09-17,2.4
EMP0133,BR15,2026-09-18,2.2
EMP0134,BR15,2026-09-18,2.4
EMP0135,BR15,2026-09-18,2.3
EMP0136,BR15,2026-09-18,2.7
EMP0137,BR15,2026-09-18,2.4
EMP0131,BR15,2026-09-19,2.5
EMP0132,BR15,2026-09-19,2.4
EMP0133,BR15,2026-09-19,2.5
EMP0134,BR15,2026-09-19,2.6
EMP0136,BR15,2026-09-19,2.4
EMP0137,BR15,2026-09-19,2.4
EMP0131,BR15,2026-09-20,2.5
EMP0132,BR15,2026-09-20,2.4
EMP0133,BR15,2026-09-20,2.6
EMP0134,BR15,2026-09-20,2.4
EMP0135,BR15,2026-09-20,2.3
EMP0136,BR15,2026-09-20,2.5
EMP0137,BR15,2026-09-20,2.3
EMP0138,BR16,2026-04-01,3.2
EMP0139,BR16,2026-04-01,3.2
EMP0140,BR16,2026-04-01,3.1
EMP0142,BR16,2026-04-01,2.9
EMP0143,BR16,2026-04-01,3.6
EMP0138,BR16,2026-04-02,2.1
EMP0139,BR16,2026-04-02,3.1
EMP0141,BR16,2026-04-02,2.9
EMP0142,BR16,2026-04-02,3.2
EMP0143,BR16,2026-04-02,2.9
EMP0138,BR16,2026-04-03,3.2
EMP0139,BR16,2026-04-03,3.3
EMP0143,BR16,2026-04-03,2.5
EMP0138,BR16,2026-04-04,3.1
EMP0140,BR16,2026-04-04,3.0
EMP0141,BR16,2026-04-04,2.8
EMP0142,BR16,2026-04-04,3.1
EMP0138,BR16,2026-04-05,3.0
EMP0139,BR16,2026-04-05,2.4
EMP0140,BR16,2026-04-05,3.0
EMP0141,BR16,2026-04-05,3.3
EMP0142,BR16,2026-04-05,3.2
EMP0143,BR16,2026-04-05,3.3
EMP0138,BR16,2026-04-06,3.1
EMP0139,BR16,2026-04-06,2.7
EMP0140,BR16,2026-04-06,2.8
EMP0141,BR16,2026-04-06,2.8
EMP0143,BR16,2026-04-06,3.5
EMP0138,BR16,2026-04-07,3.0
EMP0139,BR16,2026-04-07,3.0
EMP0140,BR16,2026-04-07,3.0
EMP0141,BR16,2026-04-07,2.7
EMP0142,BR16,2026-04-07,3.0
EMP0143,BR16,2026-04-07,2.7
EMP0138,BR16,2026-04-08,3.6
EMP0139,BR16,2026-04-08,2.9
EMP0140,BR16,2026-04-08,3.3
EMP0141,BR16,2026-04-08,3.1
EMP0142,BR16,2026-04-08,2.8
EMP0143,BR16,2026-04-08,3.0
EMP0138,BR16,2026-04-09,2.9
EMP0139,BR16,2026-04-09,2.8
EMP0141,BR16,2026-04-09,3.0
EMP0142,BR16,2026-04-09,2.6
EMP0138,BR16,2026-04-10,3.1
EMP0139,BR16,2026-04-10,3.1
EMP0140,BR16,2026-04-10,3.1
EMP0141,BR16,2026-04-10,2.9
EMP0142,BR16,2026-04-10,3.2
EMP0143,BR16,2026-04-10,2.8
EMP0138,BR16,2026-04-11,2.9
EMP0139,BR16,2026-04-11,2.5
EMP0140,BR16,2026-04-11,2.8
EMP0141,BR16,2026-04-11,3.1
EMP0142,BR16,2026-04-11,3.2
EMP0140,BR16,2026-04-12,3.0
EMP0142,BR16,2026-04-12,2.7
EMP0143,BR16,2026-04-12,3.1
EMP0138,BR16,2026-04-13,2.8
EMP0139,BR16,2026-04-13,3.4
EMP0140,BR16,2026-04-13,2.9
EMP0141,BR16,2026-04-13,3.0
EMP0143,BR16,2026-04-13,3.0
EMP0139,BR16,2026-04-14,3.1
EMP0140,BR16,2026-04-14,3.2
EMP0141,BR16,2026-04-14,2.8
EMP0142,BR16,2026-04-14,3.5
EMP0143,BR16,2026-04-14,3.2
EMP0138,BR16,2026-04-15,3.8
EMP0139,BR16,2026-04-15,3.0
EMP0140,BR16,2026-04-15,2.8
EMP0141,BR16,2026-04-15,3.0
EMP0142,BR16,2026-04-15,3.3
EMP0143,BR16,2026-04-15,3.5
EMP0141,BR16,2026-04-16,3.0
EMP0143,BR16,2026-04-16,3.0
EMP0139,BR16,2026-04-17,2.8
EMP0140,BR16,2026-04-17,3.1
EMP0141,BR16,2026-04-17,2.9
EMP0142,BR16,2026-04-17,3.6
EMP0143,BR16,2026-04-17,3.3
EMP0138,BR16,2026-04-18,3.5
EMP0139,BR16,2026-04-18,3.3
EMP0140,BR16,2026-04-18,3.7
EMP0141,BR16,2026-04-18,2.5
EMP0142,BR16,2026-04-18,3.2
EMP0143,BR16,2026-04-18,3.2
EMP0139,BR16,2026-04-19,3.3
EMP0140,BR16,2026-04-19,3.0
EMP0141,BR16,2026-04-19,2.8
EMP0142,BR16,2026-04-19,2.8
EMP0143,BR16,2026-04-19,2.6
EMP0138,BR16,2026-04-20,2.8
EMP0140,BR16,2026-04-20,2.9
EMP0141,BR16,2026-04-20,2.9
EMP0142,BR16,2026-04-20,3.3
EMP0143,BR16,2026-04-20,2.6
EMP0139,BR16,2026-04-21,3.2
EMP0140,BR16,2026-04-21,2.8
EMP0141,BR16,2026-04-21,2.8
EMP0142,BR16,2026-04-21,3.2
EMP0143,BR16,2026-04-21,2.8
EMP0138,BR16,2026-04-22,3.3
EMP0139,BR16,2026-04-22,2.6
EMP0140,BR16,2026-04-22,2.8
EMP0141,BR16,2026-04-22,2.8
EMP0142,BR16,2026-04-22,3.3
EMP0138,BR16,2026-04-23,3.0
EMP0141,BR16,2026-04-23,2.8
EMP0142,BR16,2026-04-23,3.1
EMP0138,BR16,2026-04-24,2.8
EMP0139,BR16,2026-04-24,2.8
EMP0140,BR16,2026-04-24,2.8
EMP0141,BR16,2026-04-24,3.5
EMP0143,BR16,2026-04-24,3.6
EMP0138,BR16,2026-04-25,3.2
EMP0139,BR16,2026-04-25,3.1
EMP0141,BR16,2026-04-25,3.1
EMP0142,BR16,2026-04-25,3.0
EMP0143,BR16,2026-04-25,2.6
EMP0139,BR16,2026-04-26,3.0
EMP0140,BR16,2026-04-26,2.8
EMP0138,BR16,2026-04-27,3.7
EMP0139,BR16,2026-04-27,3.1
EMP0140,BR16,2026-04-27,3.8
EMP0141,BR16,2026-04-27,2.7
EMP0142,BR16,2026-04-27,2.6
EMP0143,BR16,2026-04-27,3.0
EMP0139,BR16,2026-04-28,3.8
EMP0140,BR16,2026-04-28,2.8
EMP0142,BR16,2026-04-28,3.1
EMP0143,BR16,2026-04-28,3.1
EMP0139,BR16,2026-04-29,2.7
EMP0140,BR16,2026-04-29,2.9
EMP0142,BR16,2026-04-29,2.4
EMP0143,BR16,2026-04-29,2.7
EMP0138,BR16,2026-04-30,2.7
EMP0140,BR16,2026-04-30,2.3
EMP0141,BR16,2026-04-30,3.0
EMP0143,BR16,2026-04-30,2.5
EMP0138,BR16,2026-05-01,3.8
EMP0139,BR16,2026-05-01,3.1
EMP0140,BR16,2026-05-01,4.0
EMP0143,BR16,2026-05-01,3.9
EMP0138,BR16,2026-05-02,3.5
EMP0139,BR16,2026-05-02,3.4
EMP0140,BR16,2026-05-02,3.1
EMP0141,BR16,2026-05-02,2.9
EMP0142,BR16,2026-05-02,3.3
EMP0143,BR16,2026-05-02,3.6
EMP0140,BR16,2026-05-03,4.3
EMP0141,BR16,2026-05-03,4.1
EMP0138,BR16,2026-05-04,4.1
EMP0139,BR16,2026-05-04,3.5
EMP0142,BR16,2026-05-04,3.5
EMP0143,BR16,2026-05-04,3.8
EMP0140,BR16,2026-05-05,4.2
EMP0143,BR16,2026-05-05,3.9
EMP0138,BR16,2026-05-06,3.5
EMP0139,BR16,2026-05-06,3.3
EMP0140,BR16,2026-05-06,3.2
EMP0141,BR16,2026-05-06,3.9
EMP0143,BR16,2026-05-06,3.9
EMP0139,BR16,2026-05-07,3.7
EMP0140,BR16,2026-05-07,3.2
EMP0141,BR16,2026-05-07,3.7
EMP0143,BR16,2026-05-07,3.7
EMP0138,BR16,2026-05-08,3.7
EMP0139,BR16,2026-05-08,4.3
EMP0140,BR16,2026-05-08,4.3
EMP0141,BR16,2026-05-08,3.3
EMP0143,BR16,2026-05-08,3.7
EMP0140,BR16,2026-05-09,4.2
EMP0141,BR16,2026-05-09,4.0
EMP0142,BR16,2026-05-09,2.9
EMP0143,BR16,2026-05-09,3.9
EMP0138,BR16,2026-05-10,3.3
EMP0139,BR16,2026-05-10,3.4
EMP0142,BR16,2026-05-10,3.6
EMP0143,BR16,2026-05-10,3.5
EMP0138,BR16,2026-05-11,3.1
EMP0139,BR16,2026-05-11,3.2
EMP0140,BR16,2026-05-11,2.9
EMP0141,BR16,2026-05-11,4.0
EMP0142,BR16,2026-05-11,3.8
EMP0143,BR16,2026-05-11,3.2
EMP0138,BR16,2026-05-12,4.1
EMP0139,BR16,2026-05-12,3.7
EMP0140,BR16,2026-05-12,3.7
EMP0141,BR16,2026-05-12,3.5
EMP0143,BR16,2026-05-12,3.3
EMP0139,BR16,2026-05-13,3.7
EMP0140,BR16,2026-05-13,3.3
EMP0143,BR16,2026-05-13,3.7
EMP0138,BR16,2026-05-14,4.3
EMP0139,BR16,2026-05-14,3.7
EMP0141,BR16,2026-05-14,3.4
EMP0142,BR16,2026-05-14,3.1
EMP0143,BR16,2026-05-14,4.3
EMP0139,BR16,2026-05-15,4.0
EMP0140,BR16,2026-05-15,3.4
EMP0142,BR16,2026-05-15,4.0
EMP0143,BR16,2026-05-15,3.4
EMP0139,BR16,2026-05-16,4.1
EMP0140,BR16,2026-05-16,3.6
EMP0141,BR16,2026-05-16,4.1
EMP0142,BR16,2026-05-16,3.6
EMP0143,BR16,2026-05-16,3.5
EMP0140,BR16,2026-05-17,3.4
EMP0141,BR16,2026-05-17,3.3
EMP0142,BR16,2026-05-17,3.7
EMP0138,BR16,2026-05-18,3.9
EMP0139,BR16,2026-05-18,3.3
EMP0141,BR16,2026-05-18,3.5
EMP0142,BR16,2026-05-18,3.1
EMP0143,BR16,2026-05-18,3.7
EMP0138,BR16,2026-05-19,3.4
EMP0140,BR16,2026-05-19,3.8
EMP0141,BR16,2026-05-19,4.1
EMP0142,BR16,2026-05-19,3.1
EMP0143,BR16,2026-05-19,3.9
EMP0139,BR16,2026-05-20,3.3
EMP0140,BR16,2026-05-20,3.4
EMP0141,BR16,2026-05-20,3.5
EMP0142,BR16,2026-05-20,3.3
EMP0143,BR16,2026-05-20,3.4
EMP0138,BR16,2026-05-21,3.8
EMP0139,BR16,2026-05-21,3.2
EMP0140,BR16,2026-05-21,3.3
EMP0142,BR16,2026-05-21,3.5
EMP0143,BR16,2026-05-21,2.7
EMP0138,BR16,2026-05-22,4.2
EMP0139,BR16,2026-05-22,3.5
EMP0141,BR16,2026-05-22,3.3
EMP0142,BR16,2026-05-22,3.7
EMP0143,BR16,2026-05-22,4.2
EMP0140,BR16,2026-05-23,3.8
EMP0141,BR16,2026-05-23,2.8
EMP0142,BR16,2026-05-23,3.2
EMP0143,BR16,2026-05-23,3.6
EMP0139,BR16,2026-05-24,4.0
EMP0140,BR16,2026-05-24,3.6
EMP0141,BR16,2026-05-24,4.2
EMP0143,BR16,2026-05-24,3.8
EMP0138,BR16,2026-05-25,3.7
EMP0139,BR16,2026-05-25,3.8
EMP0140,BR16,2026-05-25,3.5
EMP0141,BR16,2026-05-25,3.8
EMP0142,BR16,2026-05-25,3.2
EMP0143,BR16,2026-05-25,4.3
EMP0138,BR16,2026-05-26,3.6
EMP0139,BR16,2026-05-26,3.4
EMP0140,BR16,2026-05-26,3.6
EMP0142,BR16,2026-05-26,3.2
EMP0143,BR16,2026-05-26,3.9
EMP0138,BR16,2026-05-27,3.2
EMP0141,BR16,2026-05-27,4.1
EMP0142,BR16,2026-05-27,4.1
EMP0139,BR16,2026-05-28,4.5
EMP0140,BR16,2026-05-28,4.2
EMP0141,BR16,2026-05-28,3.5
EMP0142,BR16,2026-05-28,3.2
EMP0138,BR16,2026-05-29,3.6
EMP0140,BR16,2026-05-29,3.8
EMP0141,BR16,2026-05-29,3.9
EMP0143,BR16,2026-05-29,3.8
EMP0138,BR16,2026-05-30,3.6
EMP0139,BR16,2026-05-30,4.3
EMP0140,BR16,2026-05-30,3.1
EMP0141,BR16,2026-05-30,4.2
EMP0142,BR16,2026-05-30,3.1
EMP0143,BR16,2026-05-30,3.9
EMP0138,BR16,2026-05-31,3.8
EMP0139,BR16,2026-05-31,3.2
EMP0141,BR16,2026-05-31,3.7
EMP0142,BR16,2026-05-31,3.7
EMP0143,BR16,2026-05-31,3.7
EMP0138,BR16,2026-06-01,2.8
EMP0140,BR16,2026-06-01,3.4
EMP0141,BR16,2026-06-01,2.6
EMP0142,BR16,2026-06-01,3.2
EMP0143,BR16,2026-06-01,3.3
EMP0138,BR16,2026-06-02,2.6
EMP0139,BR16,2026-06-02,2.9
EMP0141,BR16,2026-06-02,3.1
EMP0143,BR16,2026-06-02,3.0
EMP0140,BR16,2026-06-03,3.4
EMP0141,BR16,2026-06-03,3.3
EMP0142,BR16,2026-06-03,3.9
EMP0141,BR16,2026-06-04,2.4
EMP0142,BR16,2026-06-04,3.5
EMP0143,BR16,2026-06-04,3.3
EMP0138,BR16,2026-06-05,3.0
EMP0139,BR16,2026-06-05,3.5
EMP0140,BR16,2026-06-05,3.1
EMP0141,BR16,2026-06-05,3.4
EMP0142,BR16,2026-06-05,3.1
EMP0143,BR16,2026-06-05,3.2
EMP0140,BR16,2026-06-06,3.8
EMP0141,BR16,2026-06-06,3.0
EMP0143,BR16,2026-06-06,3.6
EMP0139,BR16,2026-06-07,3.2
EMP0141,BR16,2026-06-07,3.2
EMP0142,BR16,2026-06-07,3.2
EMP0138,BR16,2026-06-08,3.0
EMP0139,BR16,2026-06-08,3.0
EMP0140,BR16,2026-06-08,2.8
EMP0141,BR16,2026-06-08,3.7
EMP0142,BR16,2026-06-08,3.5
EMP0143,BR16,2026-06-08,2.9
EMP0138,BR16,2026-06-09,3.0
EMP0139,BR16,2026-06-09,2.9
EMP0141,BR16,2026-06-09,3.5
EMP0142,BR16,2026-06-09,2.8
EMP0138,BR16,2026-06-10,2.6
EMP0139,BR16,2026-06-10,3.1
EMP0140,BR16,2026-06-10,3.2
EMP0143,BR16,2026-06-10,2.6
EMP0139,BR16,2026-06-11,2.6
EMP0140,BR16,2026-06-11,3.3
EMP0141,BR16,2026-06-11,2.7
EMP0142,BR16,2026-06-11,2.8
EMP0143,BR16,2026-06-11,3.7
EMP0138,BR16,2026-06-12,3.6
EMP0139,BR16,2026-06-12,3.0
EMP0140,BR16,2026-06-12,3.5
EMP0141,BR16,2026-06-12,2.9
EMP0142,BR16,2026-06-12,3.3
EMP0143,BR16,2026-06-12,3.5
EMP0139,BR16,2026-06-13,2.6
EMP0141,BR16,2026-06-13,3.2
EMP0143,BR16,2026-06-13,2.6
EMP0138,BR16,2026-06-14,3.7
EMP0139,BR16,2026-06-14,3.1
EMP0141,BR16,2026-06-14,3.0
EMP0142,BR16,2026-06-14,3.0
EMP0143,BR16,2026-06-14,2.9
EMP0138,BR16,2026-06-15,2.8
EMP0140,BR16,2026-06-15,2.9
EMP0141,BR16,2026-06-15,3.0
EMP0143,BR16,2026-06-15,3.2
EMP0138,BR16,2026-06-16,2.9
EMP0139,BR16,2026-06-16,3.4
EMP0140,BR16,2026-06-16,2.9
EMP0141,BR16,2026-06-16,3.5
EMP0142,BR16,2026-06-16,3.4
EMP0143,BR16,2026-06-16,3.3
EMP0140,BR16,2026-06-17,3.0
EMP0142,BR16,2026-06-17,3.2
EMP0143,BR16,2026-06-17,2.8
EMP0138,BR16,2026-06-18,2.9
EMP0139,BR16,2026-06-18,3.5
EMP0140,BR16,2026-06-18,2.8
EMP0142,BR16,2026-06-18,2.9
EMP0143,BR16,2026-06-18,2.9
EMP0140,BR16,2026-06-19,3.5
EMP0141,BR16,2026-06-19,3.0
EMP0142,BR16,2026-06-19,2.9
EMP0143,BR16,2026-06-19,3.1
EMP0138,BR16,2026-06-20,2.8
EMP0140,BR16,2026-06-20,3.2
EMP0141,BR16,2026-06-20,3.9
EMP0142,BR16,2026-06-20,3.4
EMP0143,BR16,2026-06-20,3.3
EMP0138,BR16,2026-06-21,3.1
EMP0140,BR16,2026-06-21,2.7
EMP0141,BR16,2026-06-21,3.2
EMP0142,BR16,2026-06-21,3.1
EMP0143,BR16,2026-06-21,3.7
EMP0138,BR16,2026-06-22,3.2
EMP0139,BR16,2026-06-22,3.6
EMP0140,BR16,2026-06-22,3.2
EMP0141,BR16,2026-06-22,3.0
EMP0142,BR16,2026-06-23,3.0
EMP0143,BR16,2026-06-23,3.0
EMP0138,BR16,2026-06-24,3.4
EMP0139,BR16,2026-06-24,3.0
EMP0140,BR16,2026-06-24,2.6
EMP0141,BR16,2026-06-24,3.3
EMP0143,BR16,2026-06-24,3.4
EMP0139,BR16,2026-06-25,3.2
EMP0140,BR16,2026-06-25,3.0
EMP0142,BR16,2026-06-25,3.2
EMP0139,BR16,2026-06-26,2.9
EMP0140,BR16,2026-06-26,2.8
EMP0141,BR16,2026-06-26,2.6
EMP0143,BR16,2026-06-26,3.0
EMP0138,BR16,2026-06-27,3.2
EMP0139,BR16,2026-06-27,3.0
EMP0140,BR16,2026-06-27,2.6
EMP0142,BR16,2026-06-27,2.9
EMP0143,BR16,2026-06-27,2.4
EMP0138,BR16,2026-06-28,2.7
EMP0139,BR16,2026-06-28,3.5
EMP0142,BR16,2026-06-28,3.1
EMP0138,BR16,2026-06-29,3.2
EMP0142,BR16,2026-06-29,3.6
EMP0143,BR16,2026-06-29,2.6
EMP0139,BR16,2026-06-30,2.9
EMP0141,BR16,2026-06-30,3.2
EMP0143,BR16,2026-06-30,3.2
EMP0140,BR16,2026-07-01,3.8
EMP0141,BR16,2026-07-01,3.8
EMP0142,BR16,2026-07-01,4.3
EMP0138,BR16,2026-07-02,3.3
EMP0139,BR16,2026-07-02,4.3
EMP0140,BR16,2026-07-02,3.8
EMP0141,BR16,2026-07-02,4.0
EMP0142,BR16,2026-07-02,3.6
EMP0143,BR16,2026-07-02,4.3
EMP0138,BR16,2026-07-03,4.3
EMP0141,BR16,2026-07-03,4.3
EMP0142,BR16,2026-07-03,4.0
EMP0143,BR16,2026-07-03,4.4
EMP0139,BR16,2026-07-04,3.7
EMP0140,BR16,2026-07-04,2.9
EMP0141,BR16,2026-07-04,4.0
EMP0143,BR16,2026-07-04,3.8
EMP0138,BR16,2026-07-05,3.1
EMP0141,BR16,2026-07-05,4.1
EMP0142,BR16,2026-07-05,3.2
EMP0143,BR16,2026-07-05,4.0
EMP0138,BR16,2026-07-06,3.9
EMP0139,BR16,2026-07-06,3.9
EMP0140,BR16,2026-07-06,3.6
EMP0142,BR16,2026-07-06,3.2
EMP0143,BR16,2026-07-06,4.1
EMP0139,BR16,2026-07-07,3.1
EMP0140,BR16,2026-07-07,3.8
EMP0142,BR16,2026-07-07,3.4
EMP0143,BR16,2026-07-07,4.0
EMP0138,BR16,2026-07-08,2.9
EMP0139,BR16,2026-07-08,4.2
EMP0142,BR16,2026-07-08,3.2
EMP0139,BR16,2026-07-09,3.6
EMP0140,BR16,2026-07-09,4.0
EMP0142,BR16,2026-07-09,3.9
EMP0138,BR16,2026-07-10,3.9
EMP0139,BR16,2026-07-10,3.2
EMP0140,BR16,2026-07-10,3.6
EMP0143,BR16,2026-07-10,3.3
EMP0139,BR16,2026-07-11,3.4
EMP0140,BR16,2026-07-11,3.9
EMP0142,BR16,2026-07-11,3.1
EMP0143,BR16,2026-07-11,3.1
EMP0138,BR16,2026-07-12,3.9
EMP0139,BR16,2026-07-12,3.9
EMP0140,BR16,2026-07-12,3.5
EMP0141,BR16,2026-07-12,3.6
EMP0142,BR16,2026-07-12,3.5
EMP0143,BR16,2026-07-12,4.1
EMP0138,BR16,2026-07-13,3.5
EMP0139,BR16,2026-07-13,4.3
EMP0141,BR16,2026-07-13,3.3
EMP0142,BR16,2026-07-13,3.5
EMP0143,BR16,2026-07-13,4.0
EMP0139,BR16,2026-07-14,3.2
EMP0138,BR16,2026-07-15,3.2
EMP0139,BR16,2026-07-15,4.2
EMP0141,BR16,2026-07-15,3.9
EMP0143,BR16,2026-07-15,3.9
EMP0139,BR16,2026-07-16,3.0
EMP0140,BR16,2026-07-16,3.6
EMP0141,BR16,2026-07-16,3.3
EMP0142,BR16,2026-07-16,3.9
EMP0143,BR16,2026-07-16,3.5
EMP0138,BR16,2026-07-17,3.5
EMP0139,BR16,2026-07-17,3.6
EMP0142,BR16,2026-07-17,3.0
EMP0143,BR16,2026-07-17,3.5
EMP0139,BR16,2026-07-18,3.6
EMP0140,BR16,2026-07-18,4.1
EMP0141,BR16,2026-07-18,3.9
EMP0143,BR16,2026-07-18,3.5
EMP0138,BR16,2026-07-19,4.3
EMP0139,BR16,2026-07-19,5.0
EMP0140,BR16,2026-07-19,3.8
EMP0141,BR16,2026-07-19,3.0
EMP0142,BR16,2026-07-19,3.2
EMP0138,BR16,2026-07-20,3.3
EMP0139,BR16,2026-07-20,3.6
EMP0140,BR16,2026-07-20,4.0
EMP0142,BR16,2026-07-20,3.7
EMP0143,BR16,2026-07-20,3.9
EMP0142,BR16,2026-07-21,3.6
EMP0143,BR16,2026-07-21,3.9
EMP0138,BR16,2026-07-22,3.6
EMP0140,BR16,2026-07-22,3.3
EMP0142,BR16,2026-07-22,3.3
EMP0143,BR16,2026-07-22,4.1
EMP0138,BR16,2026-07-23,3.7
EMP0139,BR16,2026-07-23,4.1
EMP0140,BR16,2026-07-23,3.5
EMP0142,BR16,2026-07-23,3.2
EMP0143,BR16,2026-07-23,3.0
EMP0140,BR16,2026-07-24,4.0
EMP0141,BR16,2026-07-24,3.3
EMP0142,BR16,2026-07-24,4.0
EMP0138,BR16,2026-07-25,3.6
EMP0139,BR16,2026-07-25,4.1
EMP0140,BR16,2026-07-25,3.8
EMP0141,BR16,2026-07-25,3.1
EMP0142,BR16,2026-07-25,3.2
EMP0143,BR16,2026-07-25,3.2
EMP0138,BR16,2026-07-26,3.6
EMP0140,BR16,2026-07-26,3.1
EMP0141,BR16,2026-07-26,3.5
EMP0142,BR16,2026-07-26,3.8
EMP0143,BR16,2026-07-26,3.3
EMP0138,BR16,2026-07-27,3.5
EMP0140,BR16,2026-07-27,3.7
EMP0139,BR16,2026-07-28,3.0
EMP0140,BR16,2026-07-28,3.6
EMP0141,BR16,2026-07-28,3.0
EMP0143,BR16,2026-07-28,3.8
EMP0138,BR16,2026-07-29,3.8
EMP0139,BR16,2026-07-29,3.3
EMP0140,BR16,2026-07-29,3.4
EMP0141,BR16,2026-07-29,3.9
EMP0143,BR16,2026-07-29,3.6
EMP0138,BR16,2026-07-30,4.4
EMP0139,BR16,2026-07-30,3.4
EMP0140,BR16,2026-07-30,4.0
EMP0141,BR16,2026-07-30,3.6
EMP0143,BR16,2026-07-30,3.7
EMP0138,BR16,2026-07-31,4.0
EMP0139,BR16,2026-07-31,4.0
EMP0142,BR16,2026-07-31,3.9
EMP0143,BR16,2026-07-31,3.5
EMP0138,BR16,2026-08-01,3.5
EMP0139,BR16,2026-08-01,3.8
EMP0140,BR16,2026-08-01,3.3
EMP0141,BR16,2026-08-01,3.9
EMP0142,BR16,2026-08-01,4.0
EMP0139,BR16,2026-08-02,4.4
EMP0140,BR16,2026-08-02,3.8
EMP0141,BR16,2026-08-02,3.5
EMP0138,BR16,2026-08-03,4.5
EMP0140,BR16,2026-08-03,3.5
EMP0142,BR16,2026-08-03,3.4
EMP0143,BR16,2026-08-03,3.5
EMP0138,BR16,2026-08-04,4.0
EMP0140,BR16,2026-08-04,3.9
EMP0141,BR16,2026-08-04,3.5
EMP0142,BR16,2026-08-04,3.9
EMP0143,BR16,2026-08-04,4.0
EMP0139,BR16,2026-08-05,4.1
EMP0141,BR16,2026-08-05,3.8
EMP0142,BR16,2026-08-05,3.3
EMP0143,BR16,2026-08-05,3.9
EMP0138,BR16,2026-08-06,4.0
EMP0139,BR16,2026-08-06,3.8
EMP0140,BR16,2026-08-06,3.9
EMP0141,BR16,2026-08-06,3.7
EMP0143,BR16,2026-08-06,3.8
EMP0139,BR16,2026-08-07,3.9
EMP0140,BR16,2026-08-07,3.6
EMP0141,BR16,2026-08-07,4.3
EMP0142,BR16,2026-08-07,3.4
EMP0143,BR16,2026-08-07,3.9
EMP0138,BR16,2026-08-08,4.6
EMP0139,BR16,2026-08-08,4.0
EMP0142,BR16,2026-08-08,3.9
EMP0143,BR16,2026-08-08,3.2
EMP0139,BR16,2026-08-09,3.9
EMP0140,BR16,2026-08-09,4.2
EMP0141,BR16,2026-08-09,3.7
EMP0142,BR16,2026-08-09,3.8
EMP0143,BR16,2026-08-09,3.9
EMP0138,BR16,2026-08-10,3.6
EMP0141,BR16,2026-08-10,3.7
EMP0143,BR16,2026-08-10,4.2
EMP0139,BR16,2026-08-11,3.8
EMP0140,BR16,2026-08-11,3.5
EMP0142,BR16,2026-08-11,4.1
EMP0143,BR16,2026-08-11,3.6
EMP0139,BR16,2026-08-12,3.4
EMP0141,BR16,2026-08-12,3.5
EMP0142,BR16,2026-08-12,4.7
EMP0138,BR16,2026-08-13,3.4
EMP0139,BR16,2026-08-13,3.4
EMP0140,BR16,2026-08-13,3.4
EMP0141,BR16,2026-08-13,3.7
EMP0142,BR16,2026-08-13,4.1
EMP0138,BR16,2026-08-14,3.7
EMP0139,BR16,2026-08-14,3.8
EMP0140,BR16,2026-08-14,2.7
EMP0141,BR16,2026-08-14,3.6
EMP0143,BR16,2026-08-14,3.5
EMP0139,BR16,2026-08-15,4.1
EMP0140,BR16,2026-08-15,4.3
EMP0141,BR16,2026-08-15,3.0
EMP0142,BR16,2026-08-15,3.8
EMP0143,BR16,2026-08-15,3.5
EMP0139,BR16,2026-08-16,3.7
EMP0140,BR16,2026-08-16,3.3
EMP0142,BR16,2026-08-16,3.7
EMP0143,BR16,2026-08-16,4.0
EMP0138,BR16,2026-08-17,3.5
EMP0139,BR16,2026-08-17,3.9
EMP0140,BR16,2026-08-17,3.2
EMP0141,BR16,2026-08-17,3.8
EMP0142,BR16,2026-08-17,3.7
EMP0143,BR16,2026-08-17,4.0
EMP0140,BR16,2026-08-18,3.6
EMP0141,BR16,2026-08-18,3.6
EMP0142,BR16,2026-08-18,3.4
EMP0138,BR16,2026-08-19,3.1
EMP0139,BR16,2026-08-19,3.7
EMP0140,BR16,2026-08-19,3.7
EMP0141,BR16,2026-08-19,3.6
EMP0142,BR16,2026-08-19,4.5
EMP0143,BR16,2026-08-19,3.0
EMP0138,BR16,2026-08-20,3.6
EMP0139,BR16,2026-08-20,3.0
EMP0140,BR16,2026-08-20,3.5
EMP0141,BR16,2026-08-20,3.5
EMP0142,BR16,2026-08-20,3.2
EMP0143,BR16,2026-08-20,3.3
EMP0138,BR16,2026-08-21,4.8
EMP0140,BR16,2026-08-21,3.3
EMP0141,BR16,2026-08-21,3.7
EMP0142,BR16,2026-08-21,4.3
EMP0143,BR16,2026-08-21,3.3
EMP0139,BR16,2026-08-22,3.2
EMP0141,BR16,2026-08-22,4.0
EMP0143,BR16,2026-08-22,3.8
EMP0138,BR16,2026-08-23,3.5
EMP0139,BR16,2026-08-23,3.7
EMP0140,BR16,2026-08-23,4.0
EMP0142,BR16,2026-08-23,3.7
EMP0138,BR16,2026-08-24,3.8
EMP0139,BR16,2026-08-24,3.3
EMP0140,BR16,2026-08-24,3.8
EMP0141,BR16,2026-08-24,3.8
EMP0142,BR16,2026-08-24,4.1
EMP0143,BR16,2026-08-24,3.8
EMP0138,BR16,2026-08-25,3.7
EMP0141,BR16,2026-08-25,4.4
EMP0143,BR16,2026-08-25,3.6
EMP0138,BR16,2026-08-26,4.3
EMP0141,BR16,2026-08-26,3.7
EMP0143,BR16,2026-08-26,4.2
EMP0140,BR16,2026-08-27,4.2
EMP0143,BR16,2026-08-27,3.2
EMP0140,BR16,2026-08-28,3.8
EMP0141,BR16,2026-08-28,4.3
EMP0142,BR16,2026-08-28,4.2
EMP0143,BR16,2026-08-28,3.1
EMP0138,BR16,2026-08-29,3.7
EMP0140,BR16,2026-08-29,3.3
EMP0141,BR16,2026-08-29,3.3
EMP0140,BR16,2026-08-30,3.6
EMP0141,BR16,2026-08-30,4.0
EMP0142,BR16,2026-08-30,3.6
EMP0143,BR16,2026-08-30,3.4
EMP0139,BR16,2026-08-31,3.8
EMP0140,BR16,2026-08-31,3.3
EMP0142,BR16,2026-08-31,4.2
EMP0139,BR16,2026-09-01,3.4
EMP0140,BR16,2026-09-01,3.5
EMP0142,BR16,2026-09-01,3.3
EMP0143,BR16,2026-09-01,3.1
EMP0139,BR16,2026-09-02,2.9
EMP0140,BR16,2026-09-02,2.7
EMP0141,BR16,2026-09-02,2.9
EMP0142,BR16,2026-09-02,3.0
EMP0143,BR16,2026-09-02,3.2
EMP0139,BR16,2026-09-03,2.8
EMP0140,BR16,2026-09-03,2.9
EMP0141,BR16,2026-09-03,3.1
EMP0142,BR16,2026-09-03,3.5
EMP0143,BR16,2026-09-03,3.1
EMP0140,BR16,2026-09-04,3.0
EMP0141,BR16,2026-09-04,2.8
EMP0142,BR16,2026-09-04,3.4
EMP0143,BR16,2026-09-04,3.1
EMP0138,BR16,2026-09-05,2.8
EMP0139,BR16,2026-09-05,3.0
EMP0140,BR16,2026-09-05,3.5
EMP0141,BR16,2026-09-05,3.3
EMP0142,BR16,2026-09-05,3.1
EMP0143,BR16,2026-09-05,3.2
EMP0138,BR16,2026-09-06,3.2
EMP0139,BR16,2026-09-06,3.1
EMP0140,BR16,2026-09-06,3.3
EMP0142,BR16,2026-09-06,3.1
EMP0143,BR16,2026-09-06,3.6
EMP0138,BR16,2026-09-07,3.2
EMP0139,BR16,2026-09-07,3.0
EMP0141,BR16,2026-09-07,3.1
EMP0142,BR16,2026-09-07,3.7
EMP0143,BR16,2026-09-07,3.2
EMP0140,BR16,2026-09-08,3.0
EMP0141,BR16,2026-09-08,3.3
EMP0142,BR16,2026-09-08,3.5
EMP0143,BR16,2026-09-08,2.8
EMP0139,BR16,2026-09-09,3.5
EMP0140,BR16,2026-09-09,3.0
EMP0141,BR16,2026-09-09,3.4
EMP0143,BR16,2026-09-09,3.3
EMP0138,BR16,2026-09-10,3.1
EMP0140,BR16,2026-09-10,3.2
EMP0141,BR16,2026-09-10,2.8
EMP0142,BR16,2026-09-10,3.4
EMP0143,BR16,2026-09-10,2.8
EMP0138,BR16,2026-09-11,3.0
EMP0139,BR16,2026-09-11,4.2
EMP0140,BR16,2026-09-11,3.0
EMP0141,BR16,2026-09-11,3.1
EMP0142,BR16,2026-09-11,2.7
EMP0138,BR16,2026-09-12,2.6
EMP0140,BR16,2026-09-12,3.7
EMP0141,BR16,2026-09-12,2.5
EMP0142,BR16,2026-09-12,4.1
EMP0143,BR16,2026-09-12,3.8
EMP0138,BR16,2026-09-13,3.3
EMP0139,BR16,2026-09-13,2.9
EMP0140,BR16,2026-09-13,3.6
EMP0141,BR16,2026-09-13,3.5
EMP0142,BR16,2026-09-13,3.9
EMP0143,BR16,2026-09-13,3.9
EMP0138,BR16,2026-09-14,3.2
EMP0139,BR16,2026-09-14,3.3
EMP0140,BR16,2026-09-14,2.9
EMP0142,BR16,2026-09-14,3.2
EMP0143,BR16,2026-09-14,3.1
EMP0139,BR16,2026-09-15,2.5
EMP0141,BR16,2026-09-15,3.4
EMP0142,BR16,2026-09-15,3.3
EMP0138,BR16,2026-09-16,3.5
EMP0139,BR16,2026-09-16,3.3
EMP0141,BR16,2026-09-16,3.3
EMP0142,BR16,2026-09-16,3.0
EMP0138,BR16,2026-09-17,3.6
EMP0140,BR16,2026-09-17,2.9
EMP0138,BR16,2026-09-18,3.0
EMP0139,BR16,2026-09-18,3.4
EMP0141,BR16,2026-09-18,3.1
EMP0142,BR16,2026-09-18,2.9
EMP0138,BR16,2026-09-19,3.1
EMP0139,BR16,2026-09-19,2.8
EMP0140,BR16,2026-09-19,3.2
EMP0141,BR16,2026-09-19,2.7
EMP0142,BR16,2026-09-19,3.5
EMP0143,BR16,2026-09-19,3.7
EMP0139,BR16,2026-09-20,3.4
EMP0140,BR16,2026-09-20,3.1
EMP0141,BR16,2026-09-20,2.9
EMP0142,BR16,2026-09-20,3.4
EMP0143,BR16,2026-09-20,3.2
EMP0144,BR17,2026-04-01,2.6
EMP0145,BR17,2026-04-01,3.2
EMP0146,BR17,2026-04-01,2.7
EMP0148,BR17,2026-04-01,3.1
EMP0149,BR17,2026-04-01,3.1
EMP0151,BR17,2026-04-01,3.3
EMP0145,BR17,2026-04-02,2.9
EMP0147,BR17,2026-04-02,2.7
EMP0148,BR17,2026-04-02,3.5
EMP0151,BR17,2026-04-02,3.3
EMP0146,BR17,2026-04-03,3.3
EMP0149,BR17,2026-04-03,2.7
EMP0150,BR17,2026-04-03,3.0
EMP0144,BR17,2026-04-04,3.2
EMP0145,BR17,2026-04-04,3.7
EMP0146,BR17,2026-04-04,2.5
EMP0147,BR17,2026-04-04,2.2
EMP0148,BR17,2026-04-04,2.7
EMP0151,BR17,2026-04-04,3.1
EMP0147,BR17,2026-04-05,3.1
EMP0148,BR17,2026-04-05,3.4
EMP0149,BR17,2026-04-05,3.3
EMP0150,BR17,2026-04-05,3.1
EMP0144,BR17,2026-04-06,3.0
EMP0145,BR17,2026-04-06,2.2
EMP0146,BR17,2026-04-06,3.4
EMP0147,BR17,2026-04-06,2.6
EMP0149,BR17,2026-04-06,2.3
EMP0150,BR17,2026-04-06,2.6
EMP0151,BR17,2026-04-06,2.9
EMP0144,BR17,2026-04-07,2.8
EMP0145,BR17,2026-04-07,3.3
EMP0146,BR17,2026-04-07,3.1
EMP0147,BR17,2026-04-07,2.6
EMP0148,BR17,2026-04-07,3.7
EMP0149,BR17,2026-04-07,2.7
EMP0150,BR17,2026-04-07,3.0
EMP0151,BR17,2026-04-07,3.1
EMP0144,BR17,2026-04-08,3.1
EMP0145,BR17,2026-04-08,2.9
EMP0148,BR17,2026-04-08,3.0
EMP0150,BR17,2026-04-08,2.9
EMP0151,BR17,2026-04-08,2.8
EMP0144,BR17,2026-04-09,3.2
EMP0146,BR17,2026-04-09,2.6
EMP0147,BR17,2026-04-09,2.9
EMP0148,BR17,2026-04-09,3.4
EMP0150,BR17,2026-04-09,2.3
EMP0144,BR17,2026-04-10,2.9
EMP0147,BR17,2026-04-10,3.1
EMP0148,BR17,2026-04-10,2.3
EMP0149,BR17,2026-04-10,2.9
EMP0151,BR17,2026-04-10,2.7
EMP0144,BR17,2026-04-11,3.2
EMP0149,BR17,2026-04-11,3.2
EMP0150,BR17,2026-04-11,2.7
EMP0145,BR17,2026-04-12,2.8
EMP0146,BR17,2026-04-12,3.1
EMP0148,BR17,2026-04-12,2.6
EMP0150,BR17,2026-04-12,2.3
EMP0151,BR17,2026-04-12,2.9
EMP0145,BR17,2026-04-13,2.7
EMP0147,BR17,2026-04-13,1.9
EMP0148,BR17,2026-04-13,3.0
EMP0150,BR17,2026-04-13,3.0
EMP0145,BR17,2026-04-14,2.9
EMP0147,BR17,2026-04-14,3.0
EMP0150,BR17,2026-04-14,2.3
EMP0151,BR17,2026-04-14,2.5
EMP0144,BR17,2026-04-15,2.3
EMP0147,BR17,2026-04-15,3.3
EMP0148,BR17,2026-04-15,3.3
EMP0149,BR17,2026-04-15,3.3
EMP0150,BR17,2026-04-15,2.3
EMP0151,BR17,2026-04-15,2.9
EMP0145,BR17,2026-04-16,2.1
EMP0146,BR17,2026-04-16,2.9
EMP0147,BR17,2026-04-16,3.1
EMP0149,BR17,2026-04-16,3.0
EMP0145,BR17,2026-04-17,2.9
EMP0147,BR17,2026-04-17,3.0
EMP0150,BR17,2026-04-17,2.5
EMP0144,BR17,2026-04-18,3.1
EMP0146,BR17,2026-04-18,3.0
EMP0147,BR17,2026-04-18,2.3
EMP0148,BR17,2026-04-18,2.7
EMP0151,BR17,2026-04-18,2.7
EMP0144,BR17,2026-04-19,2.9
EMP0145,BR17,2026-04-19,2.7
EMP0146,BR17,2026-04-19,3.3
EMP0148,BR17,2026-04-19,3.1
EMP0149,BR17,2026-04-19,2.3
EMP0150,BR17,2026-04-19,2.4
EMP0144,BR17,2026-04-20,2.9
EMP0145,BR17,2026-04-20,2.4
EMP0147,BR17,2026-04-20,3.1
EMP0148,BR17,2026-04-20,2.9
EMP0149,BR17,2026-04-20,2.5
EMP0150,BR17,2026-04-20,3.2
EMP0145,BR17,2026-04-21,3.3
EMP0146,BR17,2026-04-21,2.9
EMP0147,BR17,2026-04-21,2.4
EMP0148,BR17,2026-04-21,2.6
EMP0150,BR17,2026-04-21,2.4
EMP0144,BR17,2026-04-22,2.7
EMP0145,BR17,2026-04-22,2.9
EMP0146,BR17,2026-04-22,3.3
EMP0146,BR17,2026-04-23,3.6
EMP0148,BR17,2026-04-23,3.1
EMP0149,BR17,2026-04-23,2.7
EMP0150,BR17,2026-04-23,3.0
EMP0144,BR17,2026-04-24,3.2
EMP0145,BR17,2026-04-24,3.2
EMP0146,BR17,2026-04-24,2.7
EMP0147,BR17,2026-04-24,2.7
EMP0149,BR17,2026-04-24,2.9
EMP0151,BR17,2026-04-24,3.0
EMP0145,BR17,2026-04-25,2.6
EMP0146,BR17,2026-04-25,3.1
EMP0147,BR17,2026-04-25,2.9
EMP0148,BR17,2026-04-25,2.7
EMP0149,BR17,2026-04-25,3.3
EMP0151,BR17,2026-04-25,3.3
EMP0144,BR17,2026-04-26,2.9
EMP0145,BR17,2026-04-26,2.8
EMP0146,BR17,2026-04-26,2.8
EMP0150,BR17,2026-04-26,2.9
EMP0151,BR17,2026-04-26,3.0
EMP0144,BR17,2026-04-27,3.2
EMP0146,BR17,2026-04-27,2.7
EMP0148,BR17,2026-04-27,3.3
EMP0149,BR17,2026-04-27,2.8
EMP0145,BR17,2026-04-28,2.9
EMP0148,BR17,2026-04-28,2.4
EMP0149,BR17,2026-04-28,2.8
EMP0145,BR17,2026-04-29,2.9
EMP0147,BR17,2026-04-29,2.7
EMP0148,BR17,2026-04-29,2.8
EMP0149,BR17,2026-04-29,3.1
EMP0144,BR17,2026-04-30,2.8
EMP0145,BR17,2026-04-30,3.0
EMP0146,BR17,2026-04-30,3.2
EMP0149,BR17,2026-04-30,3.2
EMP0150,BR17,2026-04-30,3.0
EMP0151,BR17,2026-04-30,3.1
EMP0144,BR17,2026-05-01,3.3
EMP0146,BR17,2026-05-01,3.4
EMP0147,BR17,2026-05-01,2.4
EMP0148,BR17,2026-05-01,3.1
EMP0149,BR17,2026-05-01,2.8
EMP0150,BR17,2026-05-01,3.5
EMP0144,BR17,2026-05-02,3.0
EMP0146,BR17,2026-05-02,3.2
EMP0148,BR17,2026-05-02,3.3
EMP0150,BR17,2026-05-02,3.0
EMP0151,BR17,2026-05-02,2.8
EMP0145,BR17,2026-05-03,3.0
EMP0146,BR17,2026-05-03,3.4
EMP0147,BR17,2026-05-03,3.7
EMP0150,BR17,2026-05-03,3.6
EMP0145,BR17,2026-05-04,3.3
EMP0147,BR17,2026-05-04,3.1
EMP0149,BR17,2026-05-04,3.5
EMP0150,BR17,2026-05-04,3.1
EMP0151,BR17,2026-05-04,3.1
EMP0144,BR17,2026-05-05,2.9
EMP0146,BR17,2026-05-05,2.9
EMP0147,BR17,2026-05-05,2.8
EMP0148,BR17,2026-05-05,3.2
EMP0149,BR17,2026-05-05,3.0
EMP0151,BR17,2026-05-05,2.7
EMP0144,BR17,2026-05-06,3.6
EMP0145,BR17,2026-05-06,3.0
EMP0146,BR17,2026-05-06,3.9
EMP0148,BR17,2026-05-06,3.6
EMP0149,BR17,2026-05-06,3.2
EMP0144,BR17,2026-05-07,3.0
EMP0146,BR17,2026-05-07,3.2
EMP0148,BR17,2026-05-07,3.8
EMP0149,BR17,2026-05-07,3.7
EMP0150,BR17,2026-05-07,3.0
EMP0144,BR17,2026-05-08,3.6
EMP0145,BR17,2026-05-08,2.5
EMP0146,BR17,2026-05-08,2.9
EMP0147,BR17,2026-05-08,3.0
EMP0148,BR17,2026-05-08,3.0
EMP0150,BR17,2026-05-08,2.9
EMP0151,BR17,2026-05-08,3.4
EMP0148,BR17,2026-05-09,3.6
EMP0149,BR17,2026-05-09,3.5
EMP0150,BR17,2026-05-09,3.0
EMP0151,BR17,2026-05-09,3.6
EMP0145,BR17,2026-05-10,3.0
EMP0146,BR17,2026-05-10,3.4
EMP0147,BR17,2026-05-10,3.4
EMP0148,BR17,2026-05-10,3.5
EMP0150,BR17,2026-05-10,3.3
EMP0151,BR17,2026-05-10,3.4
EMP0145,BR17,2026-05-11,2.6
EMP0146,BR17,2026-05-11,2.8
EMP0149,BR17,2026-05-11,3.6
EMP0150,BR17,2026-05-11,3.2
EMP0151,BR17,2026-05-11,3.1
EMP0145,BR17,2026-05-12,3.4
EMP0147,BR17,2026-05-12,2.1
EMP0148,BR17,2026-05-12,3.3
EMP0149,BR17,2026-05-12,3.1
EMP0150,BR17,2026-05-12,3.6
EMP0144,BR17,2026-05-13,3.2
EMP0146,BR17,2026-05-13,3.4
EMP0147,BR17,2026-05-13,3.6
EMP0149,BR17,2026-05-13,3.4
EMP0150,BR17,2026-05-13,3.1
EMP0151,BR17,2026-05-13,2.6
EMP0144,BR17,2026-05-14,2.9
EMP0145,BR17,2026-05-14,3.2
EMP0147,BR17,2026-05-14,3.4
EMP0148,BR17,2026-05-14,2.6
EMP0150,BR17,2026-05-14,3.0
EMP0151,BR17,2026-05-14,2.6
EMP0144,BR17,2026-05-15,3.2
EMP0145,BR17,2026-05-15,2.5
EMP0146,BR17,2026-05-15,3.3
EMP0149,BR17,2026-05-15,2.5
EMP0150,BR17,2026-05-15,4.1
EMP0151,BR17,2026-05-15,2.7
EMP0144,BR17,2026-05-16,2.8
EMP0146,BR17,2026-05-16,3.6
EMP0147,BR17,2026-05-16,3.0
EMP0148,BR17,2026-05-16,3.1
EMP0149,BR17,2026-05-16,3.0
EMP0150,BR17,2026-05-16,3.0
EMP0151,BR17,2026-05-16,3.4
EMP0144,BR17,2026-05-17,3.0
EMP0145,BR17,2026-05-17,3.6
EMP0146,BR17,2026-05-17,3.1
EMP0147,BR17,2026-05-17,3.8
EMP0150,BR17,2026-05-17,3.4
EMP0151,BR17,2026-05-17,3.1
EMP0144,BR17,2026-05-18,3.5
EMP0146,BR17,2026-05-18,2.9
EMP0147,BR17,2026-05-18,3.3
EMP0148,BR17,2026-05-18,2.6
EMP0149,BR17,2026-05-18,3.0
EMP0151,BR17,2026-05-18,3.1
EMP0144,BR17,2026-05-19,3.6
EMP0147,BR17,2026-05-19,3.2
EMP0148,BR17,2026-05-19,3.2
EMP0150,BR17,2026-05-19,3.3
EMP0151,BR17,2026-05-19,3.4
EMP0144,BR17,2026-05-20,3.0
EMP0145,BR17,2026-05-20,3.3
EMP0146,BR17,2026-05-20,2.2
EMP0147,BR17,2026-05-20,3.0
EMP0149,BR17,2026-05-20,3.0
EMP0150,BR17,2026-05-20,3.6
EMP0151,BR17,2026-05-20,3.2
EMP0145,BR17,2026-05-21,2.6
EMP0147,BR17,2026-05-21,2.9
EMP0150,BR17,2026-05-21,3.0
EMP0151,BR17,2026-05-21,2.6
EMP0145,BR17,2026-05-22,3.3
EMP0146,BR17,2026-05-22,3.2
EMP0148,BR17,2026-05-22,3.4
EMP0145,BR17,2026-05-23,3.8
EMP0146,BR17,2026-05-23,3.4
EMP0148,BR17,2026-05-23,3.4
EMP0149,BR17,2026-05-23,3.4
EMP0150,BR17,2026-05-23,2.3
EMP0144,BR17,2026-05-24,3.7
EMP0149,BR17,2026-05-24,3.1
EMP0150,BR17,2026-05-24,2.7
EMP0151,BR17,2026-05-24,3.6
EMP0144,BR17,2026-05-25,3.5
EMP0145,BR17,2026-05-25,2.9
EMP0146,BR17,2026-05-25,3.0
EMP0147,BR17,2026-05-25,3.3
EMP0148,BR17,2026-05-25,3.3
EMP0149,BR17,2026-05-25,3.2
EMP0150,BR17,2026-05-25,3.5
EMP0151,BR17,2026-05-25,3.4
EMP0144,BR17,2026-05-26,3.3
EMP0145,BR17,2026-05-26,3.0
EMP0146,BR17,2026-05-26,3.4
EMP0148,BR17,2026-05-26,3.4
EMP0149,BR17,2026-05-26,3.0
EMP0150,BR17,2026-05-26,2.9
EMP0151,BR17,2026-05-26,3.2
EMP0144,BR17,2026-05-27,3.4
EMP0146,BR17,2026-05-27,3.4
EMP0148,BR17,2026-05-27,3.5
EMP0149,BR17,2026-05-27,3.1
EMP0150,BR17,2026-05-27,3.2
EMP0151,BR17,2026-05-27,2.9
EMP0144,BR17,2026-05-28,2.8
EMP0145,BR17,2026-05-28,3.0
EMP0148,BR17,2026-05-28,3.3
EMP0149,BR17,2026-05-28,3.7
EMP0150,BR17,2026-05-28,2.8
EMP0151,BR17,2026-05-28,2.7
EMP0145,BR17,2026-05-29,3.0
EMP0147,BR17,2026-05-29,3.3
EMP0149,BR17,2026-05-29,3.8
EMP0150,BR17,2026-05-29,3.3
EMP0144,BR17,2026-05-30,3.1
EMP0145,BR17,2026-05-30,3.0
EMP0148,BR17,2026-05-30,3.3
EMP0150,BR17,2026-05-30,2.6
EMP0151,BR17,2026-05-30,3.1
EMP0146,BR17,2026-05-31,3.0
EMP0148,BR17,2026-05-31,3.5
EMP0149,BR17,2026-05-31,3.4
EMP0144,BR17,2026-06-01,2.9
EMP0145,BR17,2026-06-01,2.4
EMP0146,BR17,2026-06-01,2.9
EMP0149,BR17,2026-06-01,3.1
EMP0150,BR17,2026-06-01,2.8
EMP0151,BR17,2026-06-01,2.4
EMP0146,BR17,2026-06-02,2.6
EMP0147,BR17,2026-06-02,3.1
EMP0150,BR17,2026-06-02,2.7
EMP0151,BR17,2026-06-02,2.4
EMP0144,BR17,2026-06-03,3.2
EMP0145,BR17,2026-06-03,2.7
EMP0146,BR17,2026-06-03,2.8
EMP0147,BR17,2026-06-03,2.6
EMP0148,BR17,2026-06-03,2.9
EMP0149,BR17,2026-06-03,2.4
EMP0150,BR17,2026-06-03,2.5
EMP0144,BR17,2026-06-04,2.8
EMP0146,BR17,2026-06-04,2.2
EMP0147,BR17,2026-06-04,2.5
EMP0148,BR17,2026-06-04,2.9
EMP0149,BR17,2026-06-04,2.8
EMP0150,BR17,2026-06-04,2.5
EMP0151,BR17,2026-06-04,2.6
EMP0144,BR17,2026-06-05,2.1
EMP0146,BR17,2026-06-05,2.6
EMP0147,BR17,2026-06-05,2.3
EMP0148,BR17,2026-06-05,2.7
EMP0150,BR17,2026-06-05,2.9
EMP0151,BR17,2026-06-05,2.8
EMP0145,BR17,2026-06-06,2.8
EMP0147,BR17,2026-06-06,2.6
EMP0148,BR17,2026-06-06,2.4
EMP0149,BR17,2026-06-06,2.5
EMP0150,BR17,2026-06-06,2.3
EMP0151,BR17,2026-06-06,2.0
EMP0144,BR17,2026-06-07,2.3
EMP0146,BR17,2026-06-07,2.6
EMP0147,BR17,2026-06-07,2.3
EMP0148,BR17,2026-06-07,2.5
EMP0150,BR17,2026-06-07,2.6
EMP0151,BR17,2026-06-07,2.3
EMP0144,BR17,2026-06-08,2.5
EMP0145,BR17,2026-06-08,2.7
EMP0147,BR17,2026-06-08,2.8
EMP0148,BR17,2026-06-08,3.3
EMP0150,BR17,2026-06-08,2.8
EMP0151,BR17,2026-06-08,2.6
EMP0144,BR17,2026-06-09,3.2
EMP0145,BR17,2026-06-09,2.7
EMP0146,BR17,2026-06-09,2.9
EMP0147,BR17,2026-06-09,2.7
EMP0148,BR17,2026-06-09,2.6
EMP0149,BR17,2026-06-09,2.2
EMP0145,BR17,2026-06-10,2.8
EMP0150,BR17,2026-06-10,2.6
EMP0145,BR17,2026-06-11,2.1
EMP0147,BR17,2026-06-11,2.7
EMP0148,BR17,2026-06-11,3.1
EMP0151,BR17,2026-06-11,1.9
EMP0144,BR17,2026-06-12,2.5
EMP0147,BR17,2026-06-12,3.1
EMP0144,BR17,2026-06-13,2.8
EMP0145,BR17,2026-06-13,3.1
EMP0146,BR17,2026-06-13,2.9
EMP0147,BR17,2026-06-13,3.1
EMP0150,BR17,2026-06-13,2.8
EMP0151,BR17,2026-06-13,2.9
EMP0144,BR17,2026-06-14,2.7
EMP0147,BR17,2026-06-14,2.8
EMP0148,BR17,2026-06-14,2.3
EMP0151,BR17,2026-06-14,2.9
EMP0144,BR17,2026-06-15,2.5
EMP0145,BR17,2026-06-15,2.6
EMP0146,BR17,2026-06-15,2.4
EMP0147,BR17,2026-06-15,2.5
EMP0148,BR17,2026-06-15,2.6
EMP0150,BR17,2026-06-15,2.1
EMP0144,BR17,2026-06-16,2.8
EMP0145,BR17,2026-06-16,2.9
EMP0146,BR17,2026-06-16,2.2
EMP0148,BR17,2026-06-16,2.6
EMP0149,BR17,2026-06-16,2.2
EMP0151,BR17,2026-06-16,2.3
EMP0144,BR17,2026-06-17,2.6
EMP0145,BR17,2026-06-17,2.9
EMP0147,BR17,2026-06-17,2.6
EMP0149,BR17,2026-06-17,3.0
EMP0151,BR17,2026-06-17,2.7
EMP0145,BR17,2026-06-18,2.3
EMP0146,BR17,2026-06-18,1.9
EMP0148,BR17,2026-06-18,3.4
EMP0144,BR17,2026-06-19,2.7
EMP0146,BR17,2026-06-19,2.7
EMP0149,BR17,2026-06-19,2.9
EMP0145,BR17,2026-06-20,2.8
EMP0147,BR17,2026-06-20,2.7
EMP0148,BR17,2026-06-20,2.5
EMP0150,BR17,2026-06-20,3.0
EMP0151,BR17,2026-06-20,2.4
EMP0144,BR17,2026-06-21,2.7
EMP0145,BR17,2026-06-21,2.3
EMP0146,BR17,2026-06-21,2.9
EMP0147,BR17,2026-06-21,2.5
EMP0148,BR17,2026-06-21,1.7
EMP0149,BR17,2026-06-21,2.9
EMP0150,BR17,2026-06-21,3.0
EMP0144,BR17,2026-06-22,2.5
EMP0145,BR17,2026-06-22,2.6
EMP0146,BR17,2026-06-22,2.6
EMP0150,BR17,2026-06-22,2.9
EMP0151,BR17,2026-06-22,2.6
EMP0144,BR17,2026-06-23,2.9
EMP0145,BR17,2026-06-23,2.0
EMP0146,BR17,2026-06-23,2.5
EMP0147,BR17,2026-06-23,2.9
EMP0148,BR17,2026-06-23,2.7
EMP0149,BR17,2026-06-23,3.0
EMP0150,BR17,2026-06-23,2.7
EMP0151,BR17,2026-06-23,2.9
EMP0147,BR17,2026-06-24,3.4
EMP0148,BR17,2026-06-24,2.7
EMP0149,BR17,2026-06-24,2.7
EMP0150,BR17,2026-06-24,2.5
EMP0151,BR17,2026-06-24,2.3
EMP0145,BR17,2026-06-25,2.9
EMP0146,BR17,2026-06-25,2.8
EMP0148,BR17,2026-06-25,2.8
EMP0149,BR17,2026-06-25,3.0
EMP0150,BR17,2026-06-25,2.8
EMP0144,BR17,2026-06-26,3.0
EMP0145,BR17,2026-06-26,2.9
EMP0146,BR17,2026-06-26,2.9
EMP0147,BR17,2026-06-26,2.1
EMP0149,BR17,2026-06-26,2.5
EMP0151,BR17,2026-06-26,2.9
EMP0144,BR17,2026-06-27,3.1
EMP0146,BR17,2026-06-27,2.1
EMP0147,BR17,2026-06-27,2.7
EMP0148,BR17,2026-06-27,3.0
EMP0150,BR17,2026-06-27,3.0
EMP0151,BR17,2026-06-27,2.6
EMP0144,BR17,2026-06-28,3.0
EMP0145,BR17,2026-06-28,3.1
EMP0146,BR17,2026-06-28,3.1
EMP0147,BR17,2026-06-28,2.6
EMP0148,BR17,2026-06-28,3.3
EMP0149,BR17,2026-06-28,3.0
EMP0150,BR17,2026-06-28,2.6
EMP0151,BR17,2026-06-28,3.1
EMP0145,BR17,2026-06-29,2.5
EMP0146,BR17,2026-06-29,2.6
EMP0147,BR17,2026-06-29,3.5
EMP0148,BR17,2026-06-29,3.2
EMP0149,BR17,2026-06-29,2.9
EMP0144,BR17,2026-06-30,2.7
EMP0145,BR17,2026-06-30,2.4
EMP0146,BR17,2026-06-30,2.4
EMP0148,BR17,2026-06-30,3.0
EMP0149,BR17,2026-06-30,3.0
EMP0150,BR17,2026-06-30,2.9
EMP0151,BR17,2026-06-30,2.7
EMP0144,BR17,2026-07-01,3.3
EMP0146,BR17,2026-07-01,3.2
EMP0150,BR17,2026-07-01,3.3
EMP0145,BR17,2026-07-02,2.8
EMP0146,BR17,2026-07-02,3.0
EMP0147,BR17,2026-07-02,3.4
EMP0148,BR17,2026-07-02,3.2
EMP0150,BR17,2026-07-02,3.4
EMP0151,BR17,2026-07-02,3.1
EMP0144,BR17,2026-07-03,3.0
EMP0145,BR17,2026-07-03,2.9
EMP0148,BR17,2026-07-03,3.1
EMP0150,BR17,2026-07-03,3.4
EMP0146,BR17,2026-07-04,2.2
EMP0148,BR17,2026-07-04,3.1
EMP0149,BR17,2026-07-04,3.0
EMP0150,BR17,2026-07-04,3.1
EMP0145,BR17,2026-07-05,3.2
EMP0146,BR17,2026-07-05,2.6
EMP0147,BR17,2026-07-05,2.7
EMP0148,BR17,2026-07-05,3.4
EMP0150,BR17,2026-07-05,3.4
EMP0144,BR17,2026-07-06,3.7
EMP0146,BR17,2026-07-06,2.6
EMP0147,BR17,2026-07-06,3.2
EMP0148,BR17,2026-07-06,2.8
EMP0149,BR17,2026-07-06,3.1
EMP0150,BR17,2026-07-06,2.6
EMP0146,BR17,2026-07-07,3.2
EMP0149,BR17,2026-07-07,2.2
EMP0150,BR17,2026-07-07,2.7
EMP0151,BR17,2026-07-07,3.4
EMP0145,BR17,2026-07-08,3.2
EMP0146,BR17,2026-07-08,3.2
EMP0147,BR17,2026-07-08,2.5
EMP0148,BR17,2026-07-08,2.2
EMP0149,BR17,2026-07-08,3.2
EMP0150,BR17,2026-07-08,3.0
EMP0144,BR17,2026-07-09,2.6
EMP0145,BR17,2026-07-09,2.6
EMP0146,BR17,2026-07-09,3.4
EMP0148,BR17,2026-07-09,3.6
EMP0149,BR17,2026-07-09,2.8
EMP0150,BR17,2026-07-09,2.8
EMP0151,BR17,2026-07-09,3.4
EMP0144,BR17,2026-07-10,3.8
EMP0145,BR17,2026-07-10,3.0
EMP0146,BR17,2026-07-10,3.9
EMP0148,BR17,2026-07-10,2.7
EMP0150,BR17,2026-07-10,2.8
EMP0145,BR17,2026-07-11,3.4
EMP0146,BR17,2026-07-11,3.1
EMP0147,BR17,2026-07-11,3.7
EMP0148,BR17,2026-07-11,3.4
EMP0149,BR17,2026-07-11,3.0
EMP0151,BR17,2026-07-11,2.6
EMP0144,BR17,2026-07-12,3.6
EMP0145,BR17,2026-07-12,3.0
EMP0147,BR17,2026-07-12,3.5
EMP0148,BR17,2026-07-12,2.8
EMP0149,BR17,2026-07-12,2.7
EMP0151,BR17,2026-07-12,3.1
EMP0144,BR17,2026-07-13,3.2
EMP0145,BR17,2026-07-13,2.4
EMP0148,BR17,2026-07-13,3.7
EMP0149,BR17,2026-07-13,2.8
EMP0150,BR17,2026-07-13,2.8
EMP0151,BR17,2026-07-13,2.9
EMP0144,BR17,2026-07-14,3.9
EMP0145,BR17,2026-07-14,3.6
EMP0146,BR17,2026-07-14,3.0
EMP0147,BR17,2026-07-14,3.4
EMP0148,BR17,2026-07-14,3.0
EMP0150,BR17,2026-07-14,2.7
EMP0151,BR17,2026-07-14,3.0
EMP0144,BR17,2026-07-15,3.0
EMP0146,BR17,2026-07-15,2.8
EMP0147,BR17,2026-07-15,3.2
EMP0148,BR17,2026-07-15,2.6
EMP0149,BR17,2026-07-15,3.0
EMP0144,BR17,2026-07-16,2.5
EMP0146,BR17,2026-07-16,3.1
EMP0147,BR17,2026-07-16,2.7
EMP0148,BR17,2026-07-16,3.2
EMP0149,BR17,2026-07-17,3.6
EMP0150,BR17,2026-07-17,3.1
EMP0151,BR17,2026-07-17,3.4
EMP0145,BR17,2026-07-18,2.8
EMP0148,BR17,2026-07-18,3.9
EMP0150,BR17,2026-07-18,2.9
EMP0151,BR17,2026-07-18,3.4
EMP0147,BR17,2026-07-19,3.5
EMP0148,BR17,2026-07-19,2.6
EMP0151,BR17,2026-07-19,2.6
EMP0144,BR17,2026-07-20,2.5
EMP0145,BR17,2026-07-20,2.8
EMP0146,BR17,2026-07-20,3.1
EMP0148,BR17,2026-07-20,2.9
EMP0150,BR17,2026-07-20,3.1
EMP0145,BR17,2026-07-21,2.9
EMP0146,BR17,2026-07-21,3.1
EMP0147,BR17,2026-07-21,2.9
EMP0148,BR17,2026-07-21,2.8
EMP0149,BR17,2026-07-21,2.9
EMP0150,BR17,2026-07-21,3.4
EMP0151,BR17,2026-07-21,2.2
EMP0146,BR17,2026-07-22,3.0
EMP0147,BR17,2026-07-22,2.6
EMP0148,BR17,2026-07-22,2.5
EMP0149,BR17,2026-07-22,2.9
EMP0150,BR17,2026-07-22,3.2
EMP0151,BR17,2026-07-22,3.2
EMP0144,BR17,2026-07-23,3.1
EMP0145,BR17,2026-07-23,2.5
EMP0146,BR17,2026-07-23,3.3
EMP0147,BR17,2026-07-23,3.1
EMP0150,BR17,2026-07-23,3.4
EMP0144,BR17,2026-07-24,2.9
EMP0146,BR17,2026-07-24,2.8
EMP0148,BR17,2026-07-24,2.8
EMP0149,BR17,2026-07-24,3.1
EMP0150,BR17,2026-07-24,3.2
EMP0144,BR17,2026-07-25,2.5
EMP0146,BR17,2026-07-25,2.5
EMP0147,BR17,2026-07-25,2.9
EMP0148,BR17,2026-07-25,3.1
EMP0150,BR17,2026-07-25,3.4
EMP0146,BR17,2026-07-26,2.7
EMP0147,BR17,2026-07-26,2.9
EMP0149,BR17,2026-07-26,2.7
EMP0150,BR17,2026-07-26,3.1
EMP0151,BR17,2026-07-26,2.7
EMP0148,BR17,2026-07-27,3.4
EMP0150,BR17,2026-07-27,3.3
EMP0151,BR17,2026-07-27,3.6
EMP0145,BR17,2026-07-28,3.0
EMP0146,BR17,2026-07-28,3.0
EMP0147,BR17,2026-07-28,2.9
EMP0149,BR17,2026-07-28,3.3
EMP0151,BR17,2026-07-28,2.8
EMP0144,BR17,2026-07-29,2.8
EMP0145,BR17,2026-07-29,2.8
EMP0146,BR17,2026-07-29,3.0
EMP0147,BR17,2026-07-29,3.4
EMP0151,BR17,2026-07-29,2.8
EMP0144,BR17,2026-07-30,2.7
EMP0145,BR17,2026-07-30,3.2
EMP0146,BR17,2026-07-30,2.6
EMP0147,BR17,2026-07-30,2.8
EMP0148,BR17,2026-07-30,3.2
EMP0150,BR17,2026-07-30,2.7
EMP0145,BR17,2026-07-31,3.0
EMP0146,BR17,2026-07-31,2.3
EMP0147,BR17,2026-07-31,2.4
EMP0148,BR17,2026-07-31,2.9
EMP0149,BR17,2026-07-31,3.1
EMP0150,BR17,2026-07-31,3.0
EMP0144,BR17,2026-08-01,4.6
EMP0146,BR17,2026-08-01,3.6
EMP0147,BR17,2026-08-01,3.8
EMP0149,BR17,2026-08-01,3.9
EMP0147,BR17,2026-08-02,3.7
EMP0148,BR17,2026-08-02,3.6
EMP0150,BR17,2026-08-02,3.9
EMP0151,BR17,2026-08-02,4.2
EMP0144,BR17,2026-08-03,3.6
EMP0147,BR17,2026-08-03,3.9
EMP0148,BR17,2026-08-03,3.2
EMP0149,BR17,2026-08-03,4.2
EMP0150,BR17,2026-08-03,4.4
EMP0151,BR17,2026-08-03,3.7
EMP0145,BR17,2026-08-04,3.8
EMP0146,BR17,2026-08-04,4.2
EMP0148,BR17,2026-08-04,3.7
EMP0149,BR17,2026-08-04,3.9
EMP0150,BR17,2026-08-04,3.5
EMP0151,BR17,2026-08-04,3.3
EMP0144,BR17,2026-08-05,3.6
EMP0145,BR17,2026-08-05,3.9
EMP0146,BR17,2026-08-05,3.9
EMP0149,BR17,2026-08-05,3.0
EMP0150,BR17,2026-08-05,3.3
EMP0151,BR17,2026-08-05,3.4
EMP0146,BR17,2026-08-06,3.8
EMP0148,BR17,2026-08-06,4.3
EMP0149,BR17,2026-08-06,3.6
EMP0150,BR17,2026-08-06,4.4
EMP0151,BR17,2026-08-06,3.3
EMP0145,BR17,2026-08-07,3.7
EMP0149,BR17,2026-08-07,3.2
EMP0150,BR17,2026-08-07,4.2
EMP0151,BR17,2026-08-07,4.4
EMP0144,BR17,2026-08-08,3.8
EMP0145,BR17,2026-08-08,3.0
EMP0147,BR17,2026-08-08,4.1
EMP0151,BR17,2026-08-08,4.1
EMP0144,BR17,2026-08-09,3.3
EMP0145,BR17,2026-08-09,4.5
EMP0146,BR17,2026-08-09,3.7
EMP0147,BR17,2026-08-09,3.9
EMP0148,BR17,2026-08-09,3.6
EMP0151,BR17,2026-08-09,4.5
EMP0144,BR17,2026-08-10,3.5
EMP0147,BR17,2026-08-10,3.5
EMP0149,BR17,2026-08-10,4.1
EMP0144,BR17,2026-08-11,3.4
EMP0145,BR17,2026-08-11,3.7
EMP0147,BR17,2026-08-11,3.6
EMP0148,BR17,2026-08-11,3.3
EMP0150,BR17,2026-08-11,3.3
EMP0151,BR17,2026-08-11,3.9
EMP0144,BR17,2026-08-12,3.6
EMP0145,BR17,2026-08-12,3.7
EMP0146,BR17,2026-08-12,3.9
EMP0148,BR17,2026-08-12,3.6
EMP0149,BR17,2026-08-12,3.6
EMP0151,BR17,2026-08-12,3.8
EMP0145,BR17,2026-08-13,3.4
EMP0146,BR17,2026-08-13,3.8
EMP0147,BR17,2026-08-13,4.2
EMP0148,BR17,2026-08-13,2.7
EMP0149,BR17,2026-08-13,4.1
EMP0151,BR17,2026-08-13,3.7
EMP0144,BR17,2026-08-14,3.7
EMP0145,BR17,2026-08-14,3.5
EMP0147,BR17,2026-08-14,3.6
EMP0148,BR17,2026-08-14,3.2
EMP0149,BR17,2026-08-14,4.0
EMP0146,BR17,2026-08-15,4.5
EMP0148,BR17,2026-08-15,4.2
EMP0149,BR17,2026-08-15,3.7
EMP0144,BR17,2026-08-16,3.4
EMP0145,BR17,2026-08-16,4.3
EMP0147,BR17,2026-08-16,3.8
EMP0151,BR17,2026-08-16,4.3
EMP0144,BR17,2026-08-17,3.1
EMP0146,BR17,2026-08-17,3.9
EMP0148,BR17,2026-08-17,3.7
EMP0150,BR17,2026-08-17,3.8
EMP0144,BR17,2026-08-18,3.4
EMP0146,BR17,2026-08-18,3.5
EMP0147,BR17,2026-08-18,3.0
EMP0148,BR17,2026-08-18,4.5
EMP0150,BR17,2026-08-18,2.7
EMP0144,BR17,2026-08-19,3.6
EMP0145,BR17,2026-08-19,3.1
EMP0146,BR17,2026-08-19,3.5
EMP0147,BR17,2026-08-19,4.4
EMP0148,BR17,2026-08-19,3.3
EMP0149,BR17,2026-08-19,3.0
EMP0150,BR17,2026-08-19,4.5
EMP0151,BR17,2026-08-19,3.4
EMP0147,BR17,2026-08-20,3.6
EMP0148,BR17,2026-08-20,3.2
EMP0150,BR17,2026-08-20,4.4
EMP0151,BR17,2026-08-20,3.7
EMP0147,BR17,2026-08-21,4.3
EMP0148,BR17,2026-08-21,4.0
EMP0149,BR17,2026-08-21,3.8
EMP0150,BR17,2026-08-21,3.0
EMP0151,BR17,2026-08-21,3.7
EMP0145,BR17,2026-08-22,4.0
EMP0146,BR17,2026-08-22,3.5
EMP0148,BR17,2026-08-22,3.8
EMP0150,BR17,2026-08-22,3.5
EMP0151,BR17,2026-08-22,4.5
EMP0145,BR17,2026-08-23,4.7
EMP0146,BR17,2026-08-23,3.4
EMP0147,BR17,2026-08-23,3.6
EMP0151,BR17,2026-08-23,3.5
EMP0144,BR17,2026-08-24,3.7
EMP0145,BR17,2026-08-24,3.6
EMP0146,BR17,2026-08-24,3.5
EMP0147,BR17,2026-08-24,4.2
EMP0149,BR17,2026-08-24,4.1
EMP0150,BR17,2026-08-24,3.8
EMP0144,BR17,2026-08-25,4.5
EMP0145,BR17,2026-08-25,3.7
EMP0146,BR17,2026-08-25,3.8
EMP0147,BR17,2026-08-25,3.5
EMP0148,BR17,2026-08-25,4.3
EMP0150,BR17,2026-08-25,3.8
EMP0144,BR17,2026-08-26,4.0
EMP0146,BR17,2026-08-26,4.5
EMP0147,BR17,2026-08-26,3.6
EMP0148,BR17,2026-08-26,3.3
EMP0149,BR17,2026-08-26,4.0
EMP0150,BR17,2026-08-26,3.8
EMP0151,BR17,2026-08-26,4.0
EMP0144,BR17,2026-08-27,2.5
EMP0147,BR17,2026-08-27,3.7
EMP0149,BR17,2026-08-27,3.4
EMP0150,BR17,2026-08-27,4.3
EMP0151,BR17,2026-08-27,3.7
EMP0145,BR17,2026-08-28,4.1
EMP0146,BR17,2026-08-28,3.9
EMP0148,BR17,2026-08-28,3.7
EMP0149,BR17,2026-08-28,4.0
EMP0150,BR17,2026-08-28,3.7
EMP0151,BR17,2026-08-28,3.7
EMP0150,BR17,2026-08-29,4.0
EMP0151,BR17,2026-08-29,2.9
EMP0144,BR17,2026-08-30,3.9
EMP0145,BR17,2026-08-30,3.6
EMP0146,BR17,2026-08-30,3.9
EMP0150,BR17,2026-08-30,4.3
EMP0144,BR17,2026-08-31,4.6
EMP0145,BR17,2026-08-31,4.3
EMP0146,BR17,2026-08-31,3.6
EMP0149,BR17,2026-08-31,3.5
EMP0144,BR17,2026-09-01,2.9
EMP0145,BR17,2026-09-01,2.9
EMP0146,BR17,2026-09-01,2.3
EMP0147,BR17,2026-09-01,2.6
EMP0148,BR17,2026-09-01,2.6
EMP0149,BR17,2026-09-01,2.7
EMP0150,BR17,2026-09-01,2.5
EMP0144,BR17,2026-09-02,2.9
EMP0145,BR17,2026-09-02,2.2
EMP0147,BR17,2026-09-02,2.5
EMP0149,BR17,2026-09-02,2.2
EMP0150,BR17,2026-09-02,2.9
EMP0145,BR17,2026-09-03,2.5
EMP0146,BR17,2026-09-03,2.7
EMP0147,BR17,2026-09-03,2.6
EMP0144,BR17,2026-09-04,2.9
EMP0145,BR17,2026-09-04,2.8
EMP0146,BR17,2026-09-04,2.8
EMP0148,BR17,2026-09-04,2.9
EMP0149,BR17,2026-09-04,2.9
EMP0150,BR17,2026-09-04,2.7
EMP0144,BR17,2026-09-05,2.5
EMP0145,BR17,2026-09-05,2.7
EMP0146,BR17,2026-09-05,2.6
EMP0147,BR17,2026-09-05,2.7
EMP0149,BR17,2026-09-05,2.3
EMP0150,BR17,2026-09-05,2.9
EMP0145,BR17,2026-09-06,3.0
EMP0146,BR17,2026-09-06,2.5
EMP0147,BR17,2026-09-06,2.6
EMP0148,BR17,2026-09-06,2.7
EMP0149,BR17,2026-09-06,2.9
EMP0150,BR17,2026-09-06,2.6
EMP0151,BR17,2026-09-06,2.9
EMP0144,BR17,2026-09-07,2.3
EMP0145,BR17,2026-09-07,2.8
EMP0146,BR17,2026-09-07,3.2
EMP0147,BR17,2026-09-07,3.3
EMP0148,BR17,2026-09-07,3.1
EMP0149,BR17,2026-09-07,2.3
EMP0150,BR17,2026-09-07,2.7
EMP0151,BR17,2026-09-07,2.8
EMP0144,BR17,2026-09-08,3.1
EMP0145,BR17,2026-09-08,2.8
EMP0146,BR17,2026-09-08,2.5
EMP0147,BR17,2026-09-08,3.1
EMP0148,BR17,2026-09-08,3.3
EMP0150,BR17,2026-09-08,2.8
EMP0151,BR17,2026-09-08,2.6
EMP0144,BR17,2026-09-09,3.1
EMP0145,BR17,2026-09-09,2.6
EMP0146,BR17,2026-09-09,2.6
EMP0148,BR17,2026-09-09,3.0
EMP0149,BR17,2026-09-09,2.7
EMP0150,BR17,2026-09-09,3.2
EMP0151,BR17,2026-09-09,2.5
EMP0144,BR17,2026-09-10,2.5
EMP0145,BR17,2026-09-10,2.6
EMP0146,BR17,2026-09-10,2.8
EMP0147,BR17,2026-09-10,2.8
EMP0148,BR17,2026-09-10,2.7
EMP0149,BR17,2026-09-10,2.7
EMP0151,BR17,2026-09-10,3.2
EMP0144,BR17,2026-09-11,2.8
EMP0145,BR17,2026-09-11,3.1
EMP0147,BR17,2026-09-11,2.8
EMP0148,BR17,2026-09-11,2.6
EMP0150,BR17,2026-09-11,2.8
EMP0151,BR17,2026-09-11,2.9
EMP0144,BR17,2026-09-12,2.8
EMP0146,BR17,2026-09-12,2.5
EMP0147,BR17,2026-09-12,2.5
EMP0148,BR17,2026-09-12,2.4
EMP0149,BR17,2026-09-12,2.8
EMP0150,BR17,2026-09-12,2.7
EMP0151,BR17,2026-09-12,2.3
EMP0144,BR17,2026-09-13,3.3
EMP0145,BR17,2026-09-13,3.0
EMP0147,BR17,2026-09-13,2.5
EMP0149,BR17,2026-09-13,2.9
EMP0150,BR17,2026-09-13,2.8
EMP0151,BR17,2026-09-13,3.0
EMP0144,BR17,2026-09-14,2.6
EMP0146,BR17,2026-09-14,2.6
EMP0149,BR17,2026-09-14,2.5
EMP0150,BR17,2026-09-14,2.8
EMP0151,BR17,2026-09-14,2.9
EMP0144,BR17,2026-09-15,3.0
EMP0146,BR17,2026-09-15,3.0
EMP0147,BR17,2026-09-15,3.4
EMP0148,BR17,2026-09-15,3.3
EMP0149,BR17,2026-09-15,2.2
EMP0145,BR17,2026-09-16,2.5
EMP0146,BR17,2026-09-16,3.4
EMP0147,BR17,2026-09-16,2.3
EMP0149,BR17,2026-09-16,3.1
EMP0150,BR17,2026-09-16,2.9
EMP0151,BR17,2026-09-16,3.0
EMP0145,BR17,2026-09-17,2.8
EMP0146,BR17,2026-09-17,2.5
EMP0147,BR17,2026-09-17,2.8
EMP0148,BR17,2026-09-17,2.8
EMP0149,BR17,2026-09-17,2.8
EMP0150,BR17,2026-09-17,2.8
EMP0144,BR17,2026-09-18,2.8
EMP0147,BR17,2026-09-18,2.7
EMP0148,BR17,2026-09-18,2.5
EMP0149,BR17,2026-09-18,2.1
EMP0151,BR17,2026-09-18,3.5
EMP0144,BR17,2026-09-19,2.8
EMP0145,BR17,2026-09-19,2.4
EMP0146,BR17,2026-09-19,3.1
EMP0147,BR17,2026-09-19,2.9
EMP0149,BR17,2026-09-19,3.1
EMP0147,BR17,2026-09-20,3.2
EMP0148,BR17,2026-09-20,2.5
EMP0149,BR17,2026-09-20,2.6
EMP0150,BR17,2026-09-20,3.1
EMP0151,BR17,2026-09-20,2.5
EMP0152,BR18,2026-06-18,1.0
EMP0153,BR18,2026-06-18,1.0
EMP0154,BR18,2026-06-18,1.0
EMP0156,BR18,2026-06-18,1.0
EMP0158,BR18,2026-06-18,1.0
EMP0160,BR18,2026-06-18,1.0
EMP0153,BR18,2026-06-19,1.0
EMP0155,BR18,2026-06-19,1.0
EMP0156,BR18,2026-06-19,1.0
EMP0158,BR18,2026-06-19,1.0
EMP0160,BR18,2026-06-19,1.0
EMP0152,BR18,2026-06-20,1.0
EMP0153,BR18,2026-06-20,1.0
EMP0158,BR18,2026-06-20,1.0
EMP0159,BR18,2026-06-20,1.0
EMP0161,BR18,2026-06-20,1.0
EMP0152,BR18,2026-06-21,1.1
EMP0155,BR18,2026-06-21,1.0
EMP0156,BR18,2026-06-21,1.0
EMP0160,BR18,2026-06-21,1.0
EMP0161,BR18,2026-06-21,1.0
EMP0152,BR18,2026-06-22,1.0
EMP0153,BR18,2026-06-22,1.0
EMP0154,BR18,2026-06-22,1.0
EMP0156,BR18,2026-06-22,1.0
EMP0157,BR18,2026-06-22,1.0
EMP0158,BR18,2026-06-22,1.0
EMP0159,BR18,2026-06-22,1.0
EMP0161,BR18,2026-06-22,1.0
EMP0162,BR18,2026-06-22,1.0
EMP0153,BR18,2026-06-23,1.0
EMP0154,BR18,2026-06-23,1.0
EMP0155,BR18,2026-06-23,1.0
EMP0156,BR18,2026-06-23,1.0
EMP0157,BR18,2026-06-23,1.0
EMP0159,BR18,2026-06-23,1.0
EMP0152,BR18,2026-06-24,1.0
EMP0153,BR18,2026-06-24,1.0
EMP0155,BR18,2026-06-24,1.0
EMP0157,BR18,2026-06-24,1.0
EMP0161,BR18,2026-06-24,1.0
EMP0162,BR18,2026-06-24,1.0
EMP0152,BR18,2026-06-25,1.0
EMP0153,BR18,2026-06-25,1.0
EMP0154,BR18,2026-06-25,1.0
EMP0155,BR18,2026-06-25,1.0
EMP0156,BR18,2026-06-25,1.0
EMP0158,BR18,2026-06-25,1.0
EMP0159,BR18,2026-06-25,1.0
EMP0161,BR18,2026-06-25,1.0
EMP0162,BR18,2026-06-25,1.0
EMP0152,BR18,2026-06-26,1.0
EMP0153,BR18,2026-06-26,1.0
EMP0154,BR18,2026-06-26,1.0
EMP0155,BR18,2026-06-26,1.0
EMP0156,BR18,2026-06-26,1.0
EMP0157,BR18,2026-06-26,1.0
EMP0158,BR18,2026-06-26,1.0
EMP0161,BR18,2026-06-26,1.0
EMP0155,BR18,2026-06-27,1.0
EMP0158,BR18,2026-06-27,1.0
EMP0159,BR18,2026-06-27,1.0
EMP0161,BR18,2026-06-27,1.0
EMP0162,BR18,2026-06-27,1.0
EMP0152,BR18,2026-06-28,1.0
EMP0153,BR18,2026-06-28,1.0
EMP0154,BR18,2026-06-28,1.0
EMP0155,BR18,2026-06-28,1.0
EMP0156,BR18,2026-06-28,1.0
EMP0158,BR18,2026-06-28,1.0
EMP0160,BR18,2026-06-28,1.0
EMP0162,BR18,2026-06-28,1.0
EMP0152,BR18,2026-06-29,1.0
EMP0153,BR18,2026-06-29,1.0
EMP0154,BR18,2026-06-29,1.0
EMP0155,BR18,2026-06-29,1.0
EMP0156,BR18,2026-06-29,1.0
EMP0157,BR18,2026-06-29,1.0
EMP0158,BR18,2026-06-29,1.0
EMP0159,BR18,2026-06-29,1.0
EMP0160,BR18,2026-06-29,1.0
EMP0161,BR18,2026-06-29,1.0
EMP0162,BR18,2026-06-29,1.0
EMP0152,BR18,2026-06-30,1.0
EMP0154,BR18,2026-06-30,1.0
EMP0155,BR18,2026-06-30,1.0
EMP0157,BR18,2026-06-30,1.0
EMP0159,BR18,2026-06-30,1.0
EMP0160,BR18,2026-06-30,1.0
EMP0161,BR18,2026-06-30,1.0
EMP0162,BR18,2026-06-30,1.0
EMP0154,BR18,2026-07-01,1.3
EMP0155,BR18,2026-07-01,1.2
EMP0156,BR18,2026-07-01,1.3
EMP0157,BR18,2026-07-01,1.4
EMP0158,BR18,2026-07-01,1.4
EMP0159,BR18,2026-07-01,1.3
EMP0161,BR18,2026-07-01,1.2
EMP0162,BR18,2026-07-01,1.4
EMP0155,BR18,2026-07-02,1.2
EMP0156,BR18,2026-07-02,1.1
EMP0157,BR18,2026-07-02,1.4
EMP0158,BR18,2026-07-02,1.3
EMP0152,BR18,2026-07-03,1.4
EMP0154,BR18,2026-07-03,1.6
EMP0155,BR18,2026-07-03,1.3
EMP0158,BR18,2026-07-03,1.5
EMP0159,BR18,2026-07-03,1.3
EMP0160,BR18,2026-07-03,1.3
EMP0162,BR18,2026-07-03,1.1
EMP0153,BR18,2026-07-04,1.6
EMP0154,BR18,2026-07-04,1.4
EMP0155,BR18,2026-07-04,1.4
EMP0156,BR18,2026-07-04,1.3
EMP0157,BR18,2026-07-04,1.2
EMP0159,BR18,2026-07-04,1.0
EMP0161,BR18,2026-07-04,1.4
EMP0152,BR18,2026-07-05,1.1
EMP0153,BR18,2026-07-05,1.4
EMP0154,BR18,2026-07-05,1.4
EMP0155,BR18,2026-07-05,1.5
EMP0156,BR18,2026-07-05,1.3
EMP0157,BR18,2026-07-05,1.4
EMP0159,BR18,2026-07-05,1.1
EMP0160,BR18,2026-07-05,1.4
EMP0162,BR18,2026-07-05,1.3
EMP0152,BR18,2026-07-06,1.3
EMP0153,BR18,2026-07-06,1.3
EMP0154,BR18,2026-07-06,1.7
EMP0155,BR18,2026-07-06,1.2
EMP0156,BR18,2026-07-06,1.1
EMP0158,BR18,2026-07-06,1.2
EMP0159,BR18,2026-07-06,1.2
EMP0153,BR18,2026-07-07,1.1
EMP0155,BR18,2026-07-07,1.4
EMP0158,BR18,2026-07-07,1.2
EMP0159,BR18,2026-07-07,1.3
EMP0160,BR18,2026-07-07,1.2
EMP0161,BR18,2026-07-07,1.2
EMP0162,BR18,2026-07-07,1.3
EMP0152,BR18,2026-07-08,1.4
EMP0154,BR18,2026-07-08,1.1
EMP0155,BR18,2026-07-08,1.3
EMP0156,BR18,2026-07-08,1.4
EMP0158,BR18,2026-07-08,1.3
EMP0161,BR18,2026-07-08,1.3
EMP0162,BR18,2026-07-08,1.3
EMP0152,BR18,2026-07-09,1.3
EMP0154,BR18,2026-07-09,1.4
EMP0155,BR18,2026-07-09,1.2
EMP0156,BR18,2026-07-09,1.3
EMP0160,BR18,2026-07-09,1.2
EMP0152,BR18,2026-07-10,1.2
EMP0153,BR18,2026-07-10,1.5
EMP0154,BR18,2026-07-10,1.1
EMP0158,BR18,2026-07-10,1.2
EMP0159,BR18,2026-07-10,1.3
EMP0160,BR18,2026-07-10,1.2
EMP0161,BR18,2026-07-10,1.3
EMP0162,BR18,2026-07-10,1.3
EMP0153,BR18,2026-07-11,1.3
EMP0154,BR18,2026-07-11,1.3
EMP0155,BR18,2026-07-11,1.3
EMP0156,BR18,2026-07-11,1.3
EMP0159,BR18,2026-07-11,1.2
EMP0160,BR18,2026-07-11,1.2
EMP0162,BR18,2026-07-11,1.2
EMP0152,BR18,2026-07-12,1.4
EMP0154,BR18,2026-07-12,1.3
EMP0155,BR18,2026-07-12,1.5
EMP0156,BR18,2026-07-12,1.2
EMP0158,BR18,2026-07-12,1.0
EMP0159,BR18,2026-07-12,1.0
EMP0161,BR18,2026-07-12,1.4
EMP0152,BR18,2026-07-13,1.2
EMP0154,BR18,2026-07-13,1.2
EMP0156,BR18,2026-07-13,1.5
EMP0157,BR18,2026-07-13,1.1
EMP0158,BR18,2026-07-13,1.3
EMP0159,BR18,2026-07-13,1.2
EMP0160,BR18,2026-07-13,1.2
EMP0162,BR18,2026-07-13,1.3
EMP0153,BR18,2026-07-14,1.4
EMP0154,BR18,2026-07-14,1.3
EMP0155,BR18,2026-07-14,1.3
EMP0158,BR18,2026-07-14,1.4
EMP0161,BR18,2026-07-14,1.2
EMP0162,BR18,2026-07-14,1.3
EMP0155,BR18,2026-07-15,1.2
EMP0156,BR18,2026-07-15,1.3
EMP0157,BR18,2026-07-15,1.3
EMP0160,BR18,2026-07-15,1.2
EMP0161,BR18,2026-07-15,1.4
EMP0153,BR18,2026-07-16,1.2
EMP0155,BR18,2026-07-16,1.3
EMP0156,BR18,2026-07-16,1.2
EMP0158,BR18,2026-07-16,1.3
EMP0159,BR18,2026-07-16,1.3
EMP0160,BR18,2026-07-16,1.5
EMP0161,BR18,2026-07-16,1.3
EMP0162,BR18,2026-07-16,1.3
EMP0153,BR18,2026-07-17,1.5
EMP0154,BR18,2026-07-17,1.1
EMP0155,BR18,2026-07-17,1.3
EMP0156,BR18,2026-07-17,1.2
EMP0157,BR18,2026-07-17,1.3
EMP0158,BR18,2026-07-17,1.3
EMP0159,BR18,2026-07-17,1.1
EMP0160,BR18,2026-07-17,1.2
EMP0161,BR18,2026-07-17,1.2
EMP0162,BR18,2026-07-17,1.4
EMP0152,BR18,2026-07-18,1.5
EMP0153,BR18,2026-07-18,1.5
EMP0154,BR18,2026-07-18,1.3
EMP0155,BR18,2026-07-18,1.4
EMP0156,BR18,2026-07-18,1.4
EMP0157,BR18,2026-07-18,1.5
EMP0158,BR18,2026-07-18,1.0
EMP0159,BR18,2026-07-18,1.2
EMP0161,BR18,2026-07-18,1.3
EMP0162,BR18,2026-07-18,1.5
EMP0153,BR18,2026-07-19,1.1
EMP0155,BR18,2026-07-19,1.2
EMP0156,BR18,2026-07-19,1.3
EMP0158,BR18,2026-07-19,1.5
EMP0159,BR18,2026-07-19,1.3
EMP0160,BR18,2026-07-19,1.5
EMP0161,BR18,2026-07-19,1.2
EMP0162,BR18,2026-07-19,1.4
EMP0155,BR18,2026-07-20,1.3
EMP0157,BR18,2026-07-20,1.2
EMP0159,BR18,2026-07-20,1.2
EMP0160,BR18,2026-07-20,1.6
EMP0162,BR18,2026-07-20,1.3
EMP0154,BR18,2026-07-21,1.2
EMP0155,BR18,2026-07-21,1.3
EMP0156,BR18,2026-07-21,1.4
EMP0157,BR18,2026-07-21,1.5
EMP0158,BR18,2026-07-21,1.4
EMP0159,BR18,2026-07-21,1.3
EMP0160,BR18,2026-07-21,1.4
EMP0162,BR18,2026-07-21,1.1
EMP0152,BR18,2026-07-22,1.4
EMP0153,BR18,2026-07-22,1.2
EMP0154,BR18,2026-07-22,1.3
EMP0155,BR18,2026-07-22,1.3
EMP0157,BR18,2026-07-22,1.2
EMP0158,BR18,2026-07-22,1.3
EMP0160,BR18,2026-07-22,1.4
EMP0161,BR18,2026-07-22,1.4
EMP0162,BR18,2026-07-22,1.3
EMP0153,BR18,2026-07-23,1.3
EMP0154,BR18,2026-07-23,1.3
EMP0155,BR18,2026-07-23,1.4
EMP0158,BR18,2026-07-23,1.0
EMP0159,BR18,2026-07-23,1.3
EMP0160,BR18,2026-07-23,1.5
EMP0161,BR18,2026-07-23,1.4
EMP0152,BR18,2026-07-24,1.0
EMP0153,BR18,2026-07-24,1.3
EMP0154,BR18,2026-07-24,1.0
EMP0156,BR18,2026-07-24,1.4
EMP0157,BR18,2026-07-24,1.4
EMP0158,BR18,2026-07-24,1.3
EMP0159,BR18,2026-07-24,1.4
EMP0160,BR18,2026-07-24,1.2
EMP0161,BR18,2026-07-24,1.4
EMP0162,BR18,2026-07-24,1.5
EMP0153,BR18,2026-07-25,1.2
EMP0155,BR18,2026-07-25,1.2
EMP0156,BR18,2026-07-25,1.3
EMP0157,BR18,2026-07-25,1.5
EMP0160,BR18,2026-07-25,1.3
EMP0162,BR18,2026-07-25,1.3
EMP0152,BR18,2026-07-26,1.3
EMP0154,BR18,2026-07-26,1.5
EMP0155,BR18,2026-07-26,1.5
EMP0160,BR18,2026-07-26,1.3
EMP0162,BR18,2026-07-26,1.1
EMP0153,BR18,2026-07-27,1.4
EMP0154,BR18,2026-07-27,1.2
EMP0157,BR18,2026-07-27,1.5
EMP0159,BR18,2026-07-27,1.7
EMP0160,BR18,2026-07-27,1.5
EMP0161,BR18,2026-07-27,1.4
EMP0162,BR18,2026-07-27,1.1
EMP0152,BR18,2026-07-28,1.2
EMP0153,BR18,2026-07-28,1.2
EMP0154,BR18,2026-07-28,1.2
EMP0155,BR18,2026-07-28,1.4
EMP0156,BR18,2026-07-28,1.3
EMP0157,BR18,2026-07-28,1.4
EMP0159,BR18,2026-07-28,1.1
EMP0160,BR18,2026-07-28,1.3
EMP0162,BR18,2026-07-28,1.3
EMP0152,BR18,2026-07-29,1.3
EMP0153,BR18,2026-07-29,1.2
EMP0157,BR18,2026-07-29,1.5
EMP0158,BR18,2026-07-29,1.4
EMP0159,BR18,2026-07-29,1.2
EMP0160,BR18,2026-07-29,1.3
EMP0152,BR18,2026-07-30,1.0
EMP0153,BR18,2026-07-30,1.3
EMP0154,BR18,2026-07-30,1.2
EMP0155,BR18,2026-07-30,1.3
EMP0156,BR18,2026-07-30,1.6
EMP0160,BR18,2026-07-30,1.1
EMP0161,BR18,2026-07-30,1.3
EMP0162,BR18,2026-07-30,1.2
EMP0152,BR18,2026-07-31,1.0
EMP0153,BR18,2026-07-31,1.2
EMP0154,BR18,2026-07-31,1.5
EMP0155,BR18,2026-07-31,1.0
EMP0157,BR18,2026-07-31,1.3
EMP0158,BR18,2026-07-31,1.0
EMP0160,BR18,2026-07-31,1.4
EMP0161,BR18,2026-07-31,1.6
EMP0162,BR18,2026-07-31,1.2
EMP0156,BR18,2026-08-01,1.3
EMP0157,BR18,2026-08-01,1.4
EMP0160,BR18,2026-08-01,1.6
EMP0161,BR18,2026-08-01,1.5
EMP0162,BR18,2026-08-01,1.6
EMP0152,BR18,2026-08-02,1.3
EMP0153,BR18,2026-08-02,1.7
EMP0157,BR18,2026-08-02,1.6
EMP0158,BR18,2026-08-02,1.5
EMP0159,BR18,2026-08-02,1.6
EMP0152,BR18,2026-08-03,1.5
EMP0153,BR18,2026-08-03,1.4
EMP0154,BR18,2026-08-03,1.7
EMP0155,BR18,2026-08-03,1.3
EMP0156,BR18,2026-08-03,1.7
EMP0157,BR18,2026-08-03,1.1
EMP0158,BR18,2026-08-03,1.7
EMP0161,BR18,2026-08-03,1.5
EMP0162,BR18,2026-08-03,1.5
EMP0153,BR18,2026-08-04,1.4
EMP0154,BR18,2026-08-04,1.2
EMP0156,BR18,2026-08-04,1.6
EMP0158,BR18,2026-08-04,1.3
EMP0159,BR18,2026-08-04,1.7
EMP0160,BR18,2026-08-04,1.8
EMP0161,BR18,2026-08-04,1.4
EMP0152,BR18,2026-08-05,1.5
EMP0154,BR18,2026-08-05,1.4
EMP0156,BR18,2026-08-05,1.6
EMP0157,BR18,2026-08-05,1.6
EMP0160,BR18,2026-08-05,1.4
EMP0161,BR18,2026-08-05,1.6
EMP0162,BR18,2026-08-05,1.3
EMP0153,BR18,2026-08-06,1.4
EMP0154,BR18,2026-08-06,1.4
EMP0157,BR18,2026-08-06,1.2
EMP0158,BR18,2026-08-06,1.8
EMP0160,BR18,2026-08-06,1.7
EMP0161,BR18,2026-08-06,1.7
EMP0162,BR18,2026-08-06,1.3
EMP0152,BR18,2026-08-07,1.9
EMP0154,BR18,2026-08-07,1.5
EMP0155,BR18,2026-08-07,1.4
EMP0158,BR18,2026-08-07,1.5
EMP0159,BR18,2026-08-07,1.4
EMP0160,BR18,2026-08-07,1.5
EMP0161,BR18,2026-08-07,1.6
EMP0162,BR18,2026-08-07,1.6
EMP0152,BR18,2026-08-08,1.6
EMP0154,BR18,2026-08-08,1.5
EMP0155,BR18,2026-08-08,1.4
EMP0156,BR18,2026-08-08,1.5
EMP0160,BR18,2026-08-08,1.3
EMP0161,BR18,2026-08-08,1.4
EMP0162,BR18,2026-08-08,1.4
EMP0152,BR18,2026-08-09,1.5
EMP0153,BR18,2026-08-09,1.7
EMP0154,BR18,2026-08-09,1.6
EMP0155,BR18,2026-08-09,1.5
EMP0157,BR18,2026-08-09,1.0
EMP0158,BR18,2026-08-09,1.4
EMP0160,BR18,2026-08-09,1.4
EMP0161,BR18,2026-08-09,1.6
EMP0162,BR18,2026-08-09,1.6
EMP0152,BR18,2026-08-10,1.8
EMP0153,BR18,2026-08-10,1.8
EMP0155,BR18,2026-08-10,1.4
EMP0156,BR18,2026-08-10,1.5
EMP0157,BR18,2026-08-10,1.7
EMP0159,BR18,2026-08-10,1.8
EMP0160,BR18,2026-08-10,1.6
EMP0161,BR18,2026-08-10,1.5
EMP0162,BR18,2026-08-10,1.6
EMP0153,BR18,2026-08-11,1.3
EMP0154,BR18,2026-08-11,1.5
EMP0157,BR18,2026-08-11,1.7
EMP0158,BR18,2026-08-11,1.6
EMP0159,BR18,2026-08-11,1.4
EMP0160,BR18,2026-08-11,1.5
EMP0162,BR18,2026-08-11,1.4
EMP0154,BR18,2026-08-12,1.2
EMP0155,BR18,2026-08-12,1.5
EMP0156,BR18,2026-08-12,1.4
EMP0158,BR18,2026-08-12,1.5
EMP0162,BR18,2026-08-12,1.0
EMP0152,BR18,2026-08-13,1.4
EMP0153,BR18,2026-08-13,1.7
EMP0157,BR18,2026-08-13,1.2
EMP0158,BR18,2026-08-13,1.7
EMP0161,BR18,2026-08-13,1.3
EMP0152,BR18,2026-08-14,1.4
EMP0154,BR18,2026-08-14,1.4
EMP0155,BR18,2026-08-14,1.3
EMP0156,BR18,2026-08-14,1.2
EMP0158,BR18,2026-08-14,1.4
EMP0160,BR18,2026-08-14,1.8
EMP0153,BR18,2026-08-15,1.5
EMP0157,BR18,2026-08-15,1.4
EMP0160,BR18,2026-08-15,1.5
EMP0161,BR18,2026-08-15,1.7
EMP0152,BR18,2026-08-16,1.5
EMP0153,BR18,2026-08-16,1.5
EMP0155,BR18,2026-08-16,1.6
EMP0156,BR18,2026-08-16,1.2
EMP0157,BR18,2026-08-16,1.7
EMP0158,BR18,2026-08-16,1.6
EMP0159,BR18,2026-08-16,1.5
EMP0160,BR18,2026-08-16,1.4
EMP0161,BR18,2026-08-16,1.6
EMP0162,BR18,2026-08-16,1.4
EMP0152,BR18,2026-08-17,1.4
EMP0153,BR18,2026-08-17,1.5
EMP0154,BR18,2026-08-17,1.6
EMP0156,BR18,2026-08-17,1.5
EMP0157,BR18,2026-08-17,1.6
EMP0158,BR18,2026-08-17,1.6
EMP0159,BR18,2026-08-17,1.5
EMP0160,BR18,2026-08-17,1.5
EMP0161,BR18,2026-08-17,1.5
EMP0162,BR18,2026-08-17,1.6
EMP0152,BR18,2026-08-18,1.6
EMP0153,BR18,2026-08-18,1.6
EMP0154,BR18,2026-08-18,1.5
EMP0155,BR18,2026-08-18,1.1
EMP0157,BR18,2026-08-18,1.3
EMP0158,BR18,2026-08-18,1.8
EMP0159,BR18,2026-08-18,1.5
EMP0160,BR18,2026-08-18,1.6
EMP0161,BR18,2026-08-18,1.2
EMP0162,BR18,2026-08-18,1.4
EMP0153,BR18,2026-08-19,1.6
EMP0155,BR18,2026-08-19,1.5
EMP0156,BR18,2026-08-19,1.5
EMP0157,BR18,2026-08-19,1.5
EMP0158,BR18,2026-08-19,1.3
EMP0162,BR18,2026-08-19,1.6
EMP0153,BR18,2026-08-20,1.3
EMP0154,BR18,2026-08-20,1.6
EMP0155,BR18,2026-08-20,1.5
EMP0156,BR18,2026-08-20,1.7
EMP0157,BR18,2026-08-20,1.5
EMP0158,BR18,2026-08-20,1.7
EMP0159,BR18,2026-08-20,1.5
EMP0161,BR18,2026-08-20,1.7
EMP0162,BR18,2026-08-20,1.7
EMP0152,BR18,2026-08-21,1.4
EMP0153,BR18,2026-08-21,1.6
EMP0157,BR18,2026-08-21,1.2
EMP0158,BR18,2026-08-21,1.4
EMP0159,BR18,2026-08-21,1.6
EMP0160,BR18,2026-08-21,1.9
EMP0161,BR18,2026-08-21,1.2
EMP0152,BR18,2026-08-22,1.5
EMP0153,BR18,2026-08-22,1.4
EMP0154,BR18,2026-08-22,1.2
EMP0157,BR18,2026-08-22,1.6
EMP0158,BR18,2026-08-22,1.5
EMP0159,BR18,2026-08-22,1.5
EMP0160,BR18,2026-08-22,1.6
EMP0161,BR18,2026-08-22,1.8
EMP0162,BR18,2026-08-22,1.4
EMP0152,BR18,2026-08-23,1.5
EMP0153,BR18,2026-08-23,1.5
EMP0155,BR18,2026-08-23,1.4
EMP0157,BR18,2026-08-23,1.7
EMP0158,BR18,2026-08-23,1.6
EMP0159,BR18,2026-08-23,1.2
EMP0160,BR18,2026-08-23,1.4
EMP0161,BR18,2026-08-23,1.6
EMP0162,BR18,2026-08-23,1.7
EMP0154,BR18,2026-08-24,1.3
EMP0155,BR18,2026-08-24,1.6
EMP0156,BR18,2026-08-24,1.5
EMP0158,BR18,2026-08-24,1.6
EMP0159,BR18,2026-08-24,1.2
EMP0161,BR18,2026-08-24,1.4
EMP0152,BR18,2026-08-25,1.5
EMP0154,BR18,2026-08-25,1.6
EMP0155,BR18,2026-08-25,1.7
EMP0156,BR18,2026-08-25,1.4
EMP0157,BR18,2026-08-25,1.4
EMP0159,BR18,2026-08-25,1.3
EMP0161,BR18,2026-08-25,1.5
EMP0162,BR18,2026-08-25,1.6
EMP0152,BR18,2026-08-26,1.5
EMP0154,BR18,2026-08-26,1.5
EMP0155,BR18,2026-08-26,1.4
EMP0156,BR18,2026-08-26,1.5
EMP0157,BR18,2026-08-26,1.6
EMP0158,BR18,2026-08-26,1.3
EMP0159,BR18,2026-08-26,1.4
EMP0162,BR18,2026-08-26,1.6
EMP0152,BR18,2026-08-27,1.4
EMP0153,BR18,2026-08-27,1.5
EMP0154,BR18,2026-08-27,1.3
EMP0155,BR18,2026-08-27,1.5
EMP0158,BR18,2026-08-27,1.5
EMP0159,BR18,2026-08-27,1.6
EMP0160,BR18,2026-08-27,1.6
EMP0161,BR18,2026-08-27,1.4
EMP0162,BR18,2026-08-27,1.1
EMP0152,BR18,2026-08-28,1.4
EMP0153,BR18,2026-08-28,1.4
EMP0154,BR18,2026-08-28,1.7
EMP0155,BR18,2026-08-28,1.6
EMP0156,BR18,2026-08-28,1.3
EMP0157,BR18,2026-08-28,1.4
EMP0158,BR18,2026-08-28,1.5
EMP0159,BR18,2026-08-28,1.3
EMP0160,BR18,2026-08-28,1.4
EMP0161,BR18,2026-08-28,1.5
EMP0153,BR18,2026-08-29,1.8
EMP0157,BR18,2026-08-29,1.5
EMP0158,BR18,2026-08-29,1.4
EMP0159,BR18,2026-08-29,1.4
EMP0161,BR18,2026-08-29,1.5
EMP0162,BR18,2026-08-29,1.4
EMP0153,BR18,2026-08-30,1.2
EMP0155,BR18,2026-08-30,1.3
EMP0157,BR18,2026-08-30,1.1
EMP0158,BR18,2026-08-30,1.7
EMP0160,BR18,2026-08-30,1.4
EMP0161,BR18,2026-08-30,1.5
EMP0162,BR18,2026-08-30,1.6
EMP0153,BR18,2026-08-31,1.7
EMP0154,BR18,2026-08-31,1.5
EMP0155,BR18,2026-08-31,1.5
EMP0158,BR18,2026-08-31,1.8
EMP0160,BR18,2026-08-31,1.6
EMP0161,BR18,2026-08-31,1.4
EMP0162,BR18,2026-08-31,1.2
EMP0153,BR18,2026-09-01,1.8
EMP0154,BR18,2026-09-01,1.5
EMP0155,BR18,2026-09-01,1.6
EMP0157,BR18,2026-09-01,1.8
EMP0158,BR18,2026-09-01,1.3
EMP0159,BR18,2026-09-01,1.8
EMP0160,BR18,2026-09-01,1.6
EMP0161,BR18,2026-09-01,1.6
EMP0153,BR18,2026-09-02,1.8
EMP0159,BR18,2026-09-02,1.6
EMP0161,BR18,2026-09-02,1.7
EMP0162,BR18,2026-09-02,1.8
EMP0153,BR18,2026-09-03,1.8
EMP0155,BR18,2026-09-03,1.8
EMP0156,BR18,2026-09-03,1.5
EMP0157,BR18,2026-09-03,1.5
EMP0159,BR18,2026-09-03,1.6
EMP0160,BR18,2026-09-03,1.7
EMP0162,BR18,2026-09-03,1.5
EMP0152,BR18,2026-09-04,1.6
EMP0154,BR18,2026-09-04,1.6
EMP0155,BR18,2026-09-04,1.7
EMP0156,BR18,2026-09-04,1.7
EMP0157,BR18,2026-09-04,1.3
EMP0158,BR18,2026-09-04,1.7
EMP0159,BR18,2026-09-04,1.7
EMP0160,BR18,2026-09-04,1.2
EMP0162,BR18,2026-09-04,1.4
EMP0153,BR18,2026-09-05,1.4
EMP0154,BR18,2026-09-05,1.4
EMP0155,BR18,2026-09-05,1.7
EMP0156,BR18,2026-09-05,1.4
EMP0158,BR18,2026-09-05,1.4
EMP0159,BR18,2026-09-05,1.6
EMP0160,BR18,2026-09-05,1.4
EMP0155,BR18,2026-09-06,1.4
EMP0156,BR18,2026-09-06,1.1
EMP0158,BR18,2026-09-06,1.4
EMP0159,BR18,2026-09-06,1.8
EMP0160,BR18,2026-09-06,1.6
EMP0162,BR18,2026-09-06,1.4
EMP0152,BR18,2026-09-07,1.6
EMP0154,BR18,2026-09-07,1.3
EMP0155,BR18,2026-09-07,1.8
EMP0156,BR18,2026-09-07,1.4
EMP0157,BR18,2026-09-07,1.8
EMP0160,BR18,2026-09-07,1.7
EMP0162,BR18,2026-09-07,1.2
EMP0152,BR18,2026-09-08,1.7
EMP0154,BR18,2026-09-08,1.6
EMP0157,BR18,2026-09-08,1.6
EMP0158,BR18,2026-09-08,1.4
EMP0159,BR18,2026-09-08,1.5
EMP0160,BR18,2026-09-08,1.7
EMP0152,BR18,2026-09-09,1.5
EMP0153,BR18,2026-09-09,1.5
EMP0154,BR18,2026-09-09,1.4
EMP0155,BR18,2026-09-09,1.5
EMP0157,BR18,2026-09-09,1.7
EMP0158,BR18,2026-09-09,1.5
EMP0159,BR18,2026-09-09,1.6
EMP0160,BR18,2026-09-09,1.4
EMP0161,BR18,2026-09-09,1.6
EMP0153,BR18,2026-09-10,1.6
EMP0154,BR18,2026-09-10,1.7
EMP0155,BR18,2026-09-10,1.4
EMP0156,BR18,2026-09-10,1.6
EMP0157,BR18,2026-09-10,1.4
EMP0159,BR18,2026-09-10,1.5
EMP0160,BR18,2026-09-10,1.5
EMP0162,BR18,2026-09-10,1.8
EMP0152,BR18,2026-09-11,1.3
EMP0156,BR18,2026-09-11,1.7
EMP0157,BR18,2026-09-11,1.5
EMP0159,BR18,2026-09-11,1.7
EMP0160,BR18,2026-09-11,1.5
EMP0154,BR18,2026-09-12,1.3
EMP0155,BR18,2026-09-12,1.4
EMP0159,BR18,2026-09-12,1.3
EMP0160,BR18,2026-09-12,1.5
EMP0161,BR18,2026-09-12,1.7
EMP0152,BR18,2026-09-13,1.5
EMP0153,BR18,2026-09-13,1.6
EMP0154,BR18,2026-09-13,1.8
EMP0156,BR18,2026-09-13,1.6
EMP0157,BR18,2026-09-13,1.4
EMP0158,BR18,2026-09-13,1.4
EMP0159,BR18,2026-09-13,1.8
EMP0160,BR18,2026-09-13,1.7
EMP0161,BR18,2026-09-13,1.8
EMP0162,BR18,2026-09-13,1.4
EMP0152,BR18,2026-09-14,1.4
EMP0153,BR18,2026-09-14,1.6
EMP0157,BR18,2026-09-14,1.5
EMP0158,BR18,2026-09-14,1.6
EMP0159,BR18,2026-09-14,1.6
EMP0161,BR18,2026-09-14,1.5
EMP0162,BR18,2026-09-14,1.4
EMP0152,BR18,2026-09-15,1.6
EMP0153,BR18,2026-09-15,1.7
EMP0154,BR18,2026-09-15,1.4
EMP0155,BR18,2026-09-15,1.4
EMP0156,BR18,2026-09-15,1.5
EMP0157,BR18,2026-09-15,1.7
EMP0158,BR18,2026-09-15,1.8
EMP0160,BR18,2026-09-15,1.4
EMP0161,BR18,2026-09-15,1.5
EMP0162,BR18,2026-09-15,1.6
EMP0152,BR18,2026-09-16,1.5
EMP0153,BR18,2026-09-16,1.6
EMP0156,BR18,2026-09-16,1.7
EMP0159,BR18,2026-09-16,1.4
EMP0154,BR18,2026-09-17,1.7
EMP0156,BR18,2026-09-17,1.6
EMP0157,BR18,2026-09-17,1.8
EMP0158,BR18,2026-09-17,1.3
EMP0159,BR18,2026-09-17,1.4
EMP0160,BR18,2026-09-17,1.8
EMP0162,BR18,2026-09-17,1.4
EMP0153,BR18,2026-09-18,1.4
EMP0154,BR18,2026-09-18,1.8
EMP0155,BR18,2026-09-18,1.2
EMP0156,BR18,2026-09-18,1.9
EMP0157,BR18,2026-09-18,1.5
EMP0159,BR18,2026-09-18,1.6
EMP0160,BR18,2026-09-18,1.7
EMP0161,BR18,2026-09-18,1.6
EMP0162,BR18,2026-09-18,1.4
EMP0152,BR18,2026-09-19,1.5
EMP0153,BR18,2026-09-19,1.9
EMP0154,BR18,2026-09-19,1.6
EMP0155,BR18,2026-09-19,1.5
EMP0156,BR18,2026-09-19,1.4
EMP0157,BR18,2026-09-19,1.5
EMP0158,BR18,2026-09-19,1.7
EMP0159,BR18,2026-09-19,1.6
EMP0161,BR18,2026-09-19,1.4
EMP0154,BR18,2026-09-20,1.6
EMP0155,BR18,2026-09-20,1.8
EMP0157,BR18,2026-09-20,1.5
EMP0158,BR18,2026-09-20,1.4
EMP0159,BR18,2026-09-20,1.6
EMP0161,BR18,2026-09-20,1.6
EMP0162,BR18,2026-09-20,1.2
